# File generated by ImageToStl.com - Free Image and 3D model conversion tools

mtllib mesh.mtl

o obj1
v 0 0.00891007 0.00453991
v 0.0003025 0.00876307 0.00480803
v 0.00028506 0.00891007 0.00453095
v -0 -0.00481754 0.00876307
v 0.00054046 -0.00509041 0.00859044
v 0.00055024 -0.00481754 0.00874577
v 0 0.00904827 0.00425779
v 0.00026735 0.00904827 0.00424939
v 0.00055947 -0.00453991 0.00889248
v 0 -0.00453991 0.00891007
v 0 0.00917755 0.00397148
v 0.00024937 0.00917755 0.00396364
v 0.00056815 -0.00425779 0.00903042
v 0 -0.00425779 0.00904827
v 0.00023115 0.00929776 0.00367398
v -0 0.00929776 0.00368124
v 0.00057626 -0.00397148 0.00915944
v 0 -0.00397148 0.00917755
v 0 0.00940881 0.00338738
v 0.0002127 0.00940881 0.00338069
v 0.00058381 -0.00368124 0.00927942
v 0 -0.00368124 0.00929776
v 0 0.00951057 0.00309017
v 0.00019403 0.00951057 0.00308407
v 0.00059078 -0.00338738 0.00939024
v -0 -0.00338738 0.00940881
v 0 0.00960294 0.00278991
v 0.00017518 0.00960294 0.00278441
v 0 -0.00309017 0.00951057
v 0.00059717 -0.00309017 0.0094918
v 0.00015615 0.00968583 0.00248199
v 0 0.00968583 0.0024869
v 0 -0.00278991 0.00960294
v 0.00060297 -0.00278991 0.00958399
v 0.00013697 0.00975917 0.00217713
v 0 0.00975917 0.00218143
v 0 -0.0024869 0.00968583
v 0.00060818 -0.0024869 0.00966672
v 0 0.00982287 0.00187381
v 0.00011766 0.00982287 0.00187011
v 0.00061278 -0.00218143 0.00973991
v 0 -0.00218143 0.00975917
v 9.823E-05 0.00987688 0.00156126
v -0 0.00987688 0.00156434
v 0.00061678 -0.00187381 0.00980349
v 0 -0.00187381 0.00982287
v 7.87E-05 0.00992115 0.00125086
v 0 0.00992115 0.00125333
v 0.00062017 -0.00156434 0.00985739
v 0 -0.00156434 0.00987688
v -0 0.00995562 0.00094108
v 5.909E-05 0.00995562 0.00093923
v 0.00062295 -0.00125333 0.00990157
v -0 -0.00125333 0.00992116
v 0 0.00998027 0.0006279
v 3.943E-05 0.00998027 0.00062667
v 0 -0.00094108 0.00995562
v 0.00062512 -0.00094108 0.00993597
v 1.972E-05 0.00999506 0.00031349
v 0 0.00999506 0.00031411
v 0.00062667 -0.0006279 0.00996057
v 0 -0.0006279 0.00998027
v 0 0.01 -0
v 0 -0.00031411 0.00999506
v 0.0006276 -0.00031411 0.00997534
v 0.00062791 0 0.00998027
v 0 0 0.01
v 0.0006276 0.00031411 0.00997534
v 0 0.00031411 0.00999506
v 0.00062667 0.00062791 0.00996057
v 0 0.00062791 0.00998027
v 0 -0.00999506 0.00031411
v 0 -0.01 0
v 1.972E-05 -0.00999506 0.00031349
v 0.00062512 0.00094108 0.00993597
v 0 0.00094108 0.00995562
v 0 -0.00998027 0.00062791
v 3.943E-05 -0.00998027 0.00062667
v 0.00062295 0.00125333 0.00990157
v -0 0.00125333 0.00992116
v 5.909E-05 -0.00995562 0.00093923
v -0 -0.00995562 0.00094108
v 0 0.00156435 0.00987688
v 0.00062017 0.00156435 0.00985739
v 7.87E-05 -0.00992115 0.00125086
v 0 -0.00992115 0.00125333
v 0 0.00187381 0.00982287
v 0.00061678 0.00187381 0.00980349
v -0 -0.00987688 0.00156434
v 9.823E-05 -0.00987688 0.00156126
v 0 0.00218143 0.00975917
v 0.00061278 0.00218143 0.00973991
v 0 -0.00982287 0.00187381
v 0.00011766 -0.00982287 0.00187012
v 0.00060818 0.0024869 0.00966672
v 0 0.0024869 0.00968583
v 0.00013697 -0.00975917 0.00217713
v 0 -0.00975917 0.00218143
v 0.00060297 0.00278991 0.00958399
v 0 0.00278991 0.00960294
v 0.00015615 -0.00968583 0.00248199
v 0 -0.00968583 0.0024869
v 0.00059717 0.00309017 0.0094918
v -0 0.00309017 0.00951057
v 0.00017518 -0.00960294 0.00278441
v 0 -0.00960294 0.00278991
v -0 0.00338738 0.00940881
v 0.00059078 0.00338738 0.00939024
v 0.00019403 -0.00951057 0.00308407
v -0 -0.00951057 0.00309017
v 0 0.00368125 0.00929776
v 0.00058381 0.00368125 0.00927942
v 0.0002127 -0.00940881 0.0033807
v 0 -0.00940881 0.00338738
v 0.00057626 0.00397148 0.00915944
v 0 0.00397148 0.00917755
v -0 -0.00929776 0.00368125
v 0.00023115 -0.00929776 0.00367398
v 0.00056815 0.00425779 0.00903042
v 0 0.00425779 0.00904827
v 0 -0.00917755 0.00397148
v 0.00024937 -0.00917755 0.00396364
v 0 0.00453991 0.00891007
v 0.00055947 0.00453991 0.00889248
v 0.00026735 -0.00904827 0.00424939
v 0 -0.00904827 0.00425779
v -0 0.00481754 0.00876307
v 0.00055024 0.00481754 0.00874577
v 0.00028506 -0.00891007 0.00453095
v 0 -0.00891007 0.00453991
v 0.00054046 0.00509041 0.00859044
v -0 0.00509041 0.00860742
v 0 -0.00876307 0.00481754
v 0.0003025 -0.00876307 0.00480803
v 0 0.00535827 0.00844328
v 0.00053016 0.00535827 0.00842662
v -0 -0.00860742 0.00509041
v 0.00031963 -0.00860742 0.00508037
v 0.00051933 0.00562083 0.00825449
v 0 0.00562083 0.00827081
v -0 -0.00844328 0.00535827
v 0.00033645 -0.00844328 0.0053477
v 0 0.00587785 0.00809018
v 0.00050799 0.00587785 0.00807421
v 0 -0.00827081 0.00562083
v 0.00035294 -0.00827081 0.00560974
v 0 0.00612907 0.00790155
v 0.00049614 0.00612907 0.00788596
v 0 -0.00809017 0.00587785
v 0.00036907 -0.00809017 0.00586625
v 0.00048381 0.00637424 0.00768993
v -0 0.00637424 0.00770513
v 0.00038485 -0.00790155 0.00611698
v -0 -0.00790155 0.00612907
v 0 0.00661312 0.00750111
v 0.000471 0.00661312 0.00748631
v 0.00040024 -0.00770513 0.00636166
v 0 -0.00770513 0.00637424
v 0 0.00684547 0.00728969
v 0.00045772 0.00684547 0.0072753
v 0 -0.00750111 0.00661312
v 0.00041524 -0.00750111 0.00660007
v 0.000444 0.00707107 0.00705711
v 0 0.00707107 0.00707107
v 0.00042983 -0.00728969 0.00683196
v -0 -0.00728969 0.00684548
v 0 0.00728969 0.00684547
v 0.00042983 0.00728969 0.00683196
v 0.000444 -0.00707107 0.00705711
v 0 -0.00707107 0.00707107
v 0.00041524 0.00750111 0.00660007
v 0 0.00750111 0.00661312
v 0.00045772 -0.00684547 0.0072753
v -0 -0.00684547 0.00728969
v 0.00040024 0.00770513 0.00636166
v 0 0.00770513 0.00637424
v 0.000471 -0.00661312 0.00748631
v 0 -0.00661312 0.00750111
v -0 0.00790155 0.00612907
v 0.00038485 0.00790155 0.00611698
v 0.00048381 -0.00637424 0.00768993
v -0 -0.00637424 0.00770513
v 0 0.00809017 0.00587785
v 0.00036907 0.00809017 0.00586625
v 0 -0.00612907 0.00790154
v 0.00049614 -0.00612907 0.00788596
v 0 0.00827081 0.00562083
v 0.00035294 0.00827081 0.00560974
v 0 -0.00587785 0.00809017
v 0.00050799 -0.00587785 0.00807421
v -0 0.00844328 0.00535827
v 0.00033645 0.00844328 0.00534769
v 0.00051933 -0.00562083 0.00825449
v 0 -0.00562083 0.00827081
v 0.00031963 0.00860742 0.00508037
v -0 0.00860742 0.00509041
v 0.00053016 -0.00535827 0.00842662
v 0 -0.00535827 0.00844328
v 0 0.00876307 0.00481754
v -0 -0.00509041 0.00860742
v 0.00113405 -0.00425779 0.00897692
v 0.00046138 0.00929776 0.00365222
v 0.00115025 -0.00397148 0.00910518
v 0.00042455 0.00940881 0.00336067
v 0.00116532 -0.00368124 0.00922445
v 0.0003873 0.00951057 0.0030658
v 0.00117924 -0.00338738 0.00933462
v 0.00034967 0.00960294 0.00276791
v 0.00119199 -0.00309017 0.00943557
v 0.00031169 0.00968583 0.00246729
v 0.00120357 -0.00278991 0.00952721
v 0.00027341 0.00975917 0.00216423
v 0.00121396 -0.0024869 0.00960946
v 0.00023485 0.00982287 0.00185904
v 0.00122315 -0.00218143 0.00968221
v 0.00019606 0.00987688 0.00155201
v 0.00123113 -0.00187381 0.00974542
v 0.00015708 0.00992115 0.00124345
v 0.0012379 -0.00156434 0.009799
v 0.00011795 0.00995562 0.00093366
v 0.00124345 -0.00125333 0.00984292
v 7.87E-05 0.00998027 0.00062295
v 0.00124777 -0.00094108 0.00987712
v 3.937E-05 0.00999506 0.00031163
v 0.00125086 -0.0006279 0.00990157
v 0.00125271 -0.00031411 0.00991625
v 0.00125333 0 0.00992115
v 0.00125271 0.00031411 0.00991625
v 0.00125086 0.00062791 0.00990157
v 3.937E-05 -0.00999506 0.00031163
v 0.00124777 0.00094108 0.00987712
v 7.87E-05 -0.00998027 0.00062295
v 0.00124345 0.00125333 0.00984292
v 0.00011795 -0.00995562 0.00093366
v 0.0012379 0.00156435 0.009799
v 0.00015708 -0.00992115 0.00124345
v 0.00123113 0.00187381 0.00974542
v 0.00019606 -0.00987688 0.00155201
v 0.00122315 0.00218143 0.00968221
v 0.00023485 -0.00982287 0.00185904
v 0.00121396 0.0024869 0.00960946
v 0.00027341 -0.00975917 0.00216423
v 0.00120357 0.00278991 0.00952721
v 0.00031169 -0.00968583 0.00246729
v 0.00119199 0.00309017 0.00943557
v 0.00034967 -0.00960294 0.00276791
v 0.00117924 0.00338738 0.00933462
v 0.0003873 -0.00951057 0.0030658
v 0.00116532 0.00368125 0.00922445
v 0.00042455 -0.00940881 0.00336067
v 0.00115025 0.00397148 0.00910518
v 0.00046138 -0.00929776 0.00365222
v 0.00113405 0.00425779 0.00897692
v 0.00049776 -0.00917755 0.00394016
v 0.00111673 0.00453991 0.00883981
v 0.00053364 -0.00904827 0.00422422
v 0.0010983 0.00481754 0.00869397
v 0.000569 -0.00891007 0.00450411
v 0.0010788 0.00509041 0.00853955
v 0.0006038 -0.00876307 0.00477955
v 0.00105822 0.00535827 0.0083767
v 0.000638 -0.00860742 0.00505028
v 0.00103661 0.00562083 0.00820559
v 0.00067157 -0.00844328 0.00531602
v 0.00101397 0.00587785 0.00802638
v 0.00070448 -0.00827081 0.00557651
v 0.00099033 0.00612907 0.00783924
v 0.00073669 -0.00809017 0.0058315
v 0.00096571 0.00637424 0.00764437
v 0.00076818 -0.00790155 0.00608074
v 0.00094014 0.00661312 0.00744196
v 0.0007989 -0.00770513 0.00632398
v 0.00091364 0.00684547 0.0072322
v 0.00082884 -0.00750111 0.00656097
v 0.00088624 0.00707107 0.00701531
v 0.00085796 -0.00728969 0.00679149
v 0.00085796 0.00728969 0.00679149
v 0.00088624 -0.00707107 0.00701531
v 0.00082884 0.00750111 0.00656097
v 0.00091364 -0.00684547 0.00723221
v 0.0007989 0.00770513 0.00632398
v 0.00094014 -0.00661312 0.00744196
v 0.00076818 0.00790155 0.00608074
v 0.00096571 -0.00637424 0.00764438
v 0.00073669 0.00809017 0.0058315
v 0.00099033 -0.00612907 0.00783924
v 0.00070448 0.00827081 0.00557651
v 0.00101397 -0.00587785 0.00802638
v 0.00067157 0.00844328 0.00531602
v 0.00103661 -0.00562083 0.00820559
v 0.000638 0.00860742 0.00505027
v 0.00105822 -0.00535827 0.0083767
v 0.0006038 0.00876307 0.00477955
v 0.0010788 -0.00509041 0.00853955
v 0.000569 0.00891007 0.00450411
v 0.0010983 -0.00481754 0.00869397
v 0.00053364 0.00904827 0.00422422
v 0.00111673 -0.00453991 0.00883981
v 0.00049776 0.00917755 0.00394016
v 0.000466 0.00968583 0.00244285
v 0.00179941 -0.00278991 0.00943284
v 0.00040876 0.00975917 0.00214279
v 0.00181494 -0.0024869 0.00951427
v 0.00035112 0.00982287 0.00184062
v 0.00182869 -0.00218143 0.0095863
v 0.00029313 0.00987688 0.00153664
v 0.00184062 -0.00187381 0.00964888
v 0.00023485 0.00992115 0.00123113
v 0.00185074 -0.00156434 0.00970194
v 0.00017634 0.00995562 0.00092441
v 0.00185904 -0.00125333 0.00974542
v 0.00011766 0.00998027 0.00061678
v 0.0018655 -0.00094108 0.00977928
v 5.886E-05 0.00999506 0.00030854
v 0.00187012 -0.0006279 0.00980349
v 0.00187289 -0.00031411 0.00981802
v 0.00187381 0 0.00982287
v 0.00187289 0.00031411 0.00981802
v 0.00187012 0.00062791 0.00980349
v 5.886E-05 -0.00999506 0.00030854
v 0.0018655 0.00094108 0.00977928
v 0.00011766 -0.00998027 0.00061678
v 0.00185904 0.00125333 0.00974542
v 0.00017634 -0.00995562 0.00092441
v 0.00185074 0.00156435 0.00970194
v 0.00023485 -0.00992115 0.00123113
v 0.00184062 0.00187381 0.00964888
v 0.00029313 -0.00987688 0.00153664
v 0.00182869 0.00218143 0.0095863
v 0.00035112 -0.00982287 0.00184062
v 0.00181494 0.0024869 0.00951427
v 0.00040876 -0.00975917 0.00214279
v 0.00179941 0.00278991 0.00943284
v 0.000466 -0.00968583 0.00244285
v 0.0017821 0.00309017 0.00934211
v 0.00052278 -0.00960294 0.00274049
v 0.00176303 0.00338738 0.00924215
v 0.00057904 -0.00951057 0.00303544
v 0.00174223 0.00368125 0.00913308
v 0.00063473 -0.00940881 0.00332738
v 0.0017197 0.00397148 0.00901499
v 0.0006898 -0.00929776 0.00361604
v 0.00169548 0.00425779 0.008888
v 0.00074418 -0.00917755 0.00390113
v 0.00166958 0.00453991 0.00875224
v 0.00079783 -0.00904827 0.00418238
v 0.00164203 0.00481754 0.00860785
v 0.00085069 -0.00891007 0.00445949
v 0.00161287 0.00509041 0.00845496
v 0.00090272 -0.00876307 0.00473221
v 0.00158211 0.00535827 0.00829373
v 0.00095385 -0.00860742 0.00500025
v 0.00154979 0.00562083 0.00812431
v 0.00100404 -0.00844328 0.00526336
v 0.00151595 0.00587785 0.00794687
v 0.00105324 -0.00827081 0.00552127
v 0.0014806 0.00612907 0.00776159
v 0.0011014 -0.00809017 0.00577374
v 0.0014438 0.00637424 0.00756865
v 0.00114847 -0.00790155 0.00602051
v 0.00140557 0.00661312 0.00736825
v 0.00119441 -0.00770513 0.00626134
v 0.00136595 0.00684547 0.00716057
v 0.00123917 -0.00750111 0.00649598
v 0.00132499 0.00707107 0.00694582
v 0.00128271 -0.00728969 0.00672422
v 0.00128271 0.00728969 0.00672422
v 0.00132499 -0.00707107 0.00694582
v 0.00123917 0.00750111 0.00649598
v 0.00136595 -0.00684547 0.00716057
v 0.00119441 0.00770513 0.00626133
v 0.00140557 -0.00661312 0.00736825
v 0.00114847 0.00790155 0.00602051
v 0.0014438 -0.00637424 0.00756865
v 0.0011014 0.00809017 0.00577374
v 0.0014806 -0.00612907 0.00776159
v 0.00105324 0.00827081 0.00552127
v 0.00151595 -0.00587785 0.00794687
v 0.00100404 0.00844328 0.00526336
v 0.00154979 -0.00562083 0.00812431
v 0.00095385 0.00860742 0.00500025
v 0.00158211 -0.00535827 0.00829373
v 0.00090272 0.00876307 0.0047322
v 0.00161287 -0.00509041 0.00845496
v 0.00085069 0.00891007 0.00445949
v 0.00164203 -0.00481754 0.00860785
v 0.00079783 0.00904827 0.00418238
v 0.00166958 -0.00453991 0.00875224
v 0.00074418 0.00917755 0.00390113
v 0.00169548 -0.00425779 0.008888
v 0.0006898 0.00929776 0.00361604
v 0.0017197 -0.00397148 0.00901499
v 0.00063473 0.00940881 0.00332738
v 0.00174223 -0.00368124 0.00913308
v 0.00057904 0.00951057 0.00303543
v 0.00176303 -0.00338738 0.00924215
v 0.00052278 0.00960294 0.00274049
v 0.0017821 -0.00309017 0.00934211
v 0.00023404 0.00995562 0.00091152
v 0.00245628 -0.00156434 0.00956658
v 0.00246729 -0.00125333 0.00960946
v 0.00015615 0.00998027 0.00060818
v 0.00247586 -0.00094108 0.00964285
v 7.812E-05 0.00999506 0.00030424
v 0.00248199 -0.0006279 0.00966672
v 0.00248567 -0.00031411 0.00968105
v 0.0024869 0 0.00968583
v 0.00248567 0.00031411 0.00968105
v 0.00248199 0.00062791 0.00966672
v 7.812E-05 -0.00999506 0.00030424
v 0.00247586 0.00094108 0.00964285
v 0.00015615 -0.00998027 0.00060818
v 0.00246729 0.00125333 0.00960946
v 0.00023404 -0.00995562 0.00091152
v 0.00245628 0.00156435 0.00956658
v 0.00031169 -0.00992115 0.00121396
v 0.00244285 0.00187381 0.00951427
v 0.00038904 -0.00987688 0.0015152
v 0.00242701 0.00218143 0.00945256
v 0.000466 -0.00982287 0.00181494
v 0.00240877 0.0024869 0.00938153
v 0.0005425 -0.00975917 0.0021129
v 0.00238815 0.00278991 0.00930124
v 0.00061847 -0.00968583 0.00240877
v 0.00236518 0.00309017 0.00921177
v 0.00069382 -0.00960294 0.00270226
v 0.00233988 0.00338738 0.00911321
v 0.00076849 -0.00951057 0.00299309
v 0.00231226 0.00368125 0.00900566
v 0.00084241 -0.00940881 0.00328096
v 0.00228236 0.00397148 0.00888922
v 0.00091549 -0.00929776 0.00356559
v 0.00225021 0.00425779 0.008764
v 0.00098767 -0.00917755 0.00384671
v 0.00221584 0.00453991 0.00863014
v 0.00105887 -0.00904827 0.00412403
v 0.00217929 0.00481754 0.00848776
v 0.00112903 -0.00891007 0.00439728
v 0.00214058 0.00509041 0.008337
v 0.00119807 -0.00876307 0.00466619
v 0.00209976 0.00535827 0.00817802
v 0.00126593 -0.00860742 0.00493049
v 0.00205687 0.00562083 0.00801096
v 0.00133255 -0.00844328 0.00518993
v 0.00201194 0.00587785 0.007836
v 0.00139784 -0.00827081 0.00544424
v 0.00196504 0.00612907 0.00765331
v 0.00146176 -0.00809017 0.00569319
v 0.00191619 0.00637424 0.00746306
v 0.00152424 -0.00790155 0.00593651
v 0.00186545 0.00661312 0.00726545
v 0.00158521 -0.00770513 0.00617398
v 0.00181287 0.00684547 0.00706067
v 0.00164462 -0.00750111 0.00640536
v 0.0017585 0.00707107 0.00684892
v 0.0017024 -0.00728969 0.00663041
v 0.0017024 0.00728969 0.00663041
v 0.0017585 -0.00707107 0.00684892
v 0.00164462 0.00750111 0.00640535
v 0.00181287 -0.00684547 0.00706067
v 0.00158521 0.00770513 0.00617398
v 0.00186545 -0.00661312 0.00726545
v 0.00152424 0.00790155 0.00593651
v 0.00191619 -0.00637424 0.00746306
v 0.00146176 0.00809017 0.00569319
v 0.00196504 -0.00612907 0.00765331
v 0.00139784 0.00827081 0.00544424
v 0.00201194 -0.00587785 0.007836
v 0.00133255 0.00844328 0.00518993
v 0.00205687 -0.00562083 0.00801096
v 0.00126593 0.00860742 0.00493049
v 0.00209976 -0.00535827 0.00817802
v 0.00119807 0.00876307 0.00466619
v 0.00214058 -0.00509041 0.008337
v 0.00112903 0.00891007 0.00439728
v 0.00217929 -0.00481754 0.00848776
v 0.00105887 0.00904827 0.00412403
v 0.00221584 -0.00453991 0.00863014
v 0.00098767 0.00917755 0.00384671
v 0.00225021 -0.00425779 0.008764
v 0.00091549 0.00929776 0.00356559
v 0.00228236 -0.00397148 0.00888922
v 0.00084241 0.00940881 0.00328096
v 0.00231226 -0.00368124 0.00900566
v 0.00076849 0.00951057 0.00299309
v 0.00233988 -0.00338738 0.00911321
v 0.00069382 0.00960294 0.00270226
v 0.00236518 -0.00309017 0.00921177
v 0.00061847 0.00968583 0.00240877
v 0.00238815 -0.00278991 0.00930124
v 0.0005425 0.00975917 0.0021129
v 0.00240877 -0.0024869 0.00938153
v 0.000466 0.00982287 0.00181494
v 0.00242701 -0.00218143 0.00945256
v 0.00038904 0.00987688 0.0015152
v 0.00244285 -0.00187381 0.00951427
v 0.00031169 0.00992115 0.00121396
v 0.00308864 -0.00031411 0.00950587
v 0.00309017 0 0.00951056
v 0.00308864 0.00031411 0.00950587
v 0.00308407 0.00062791 0.0094918
v 9.706E-05 -0.00999506 0.00029873
v 0.00307646 0.00094108 0.00946836
v 0.00019403 -0.00998027 0.00059717
v 0.0030658 0.00125333 0.00943557
v 0.00029081 -0.00995562 0.00089502
v 0.00305212 0.00156435 0.00939347
v 0.0003873 -0.00992115 0.00119199
v 0.00303543 0.00187381 0.00934211
v 0.00048341 -0.00987688 0.00148778
v 0.00301575 0.00218143 0.00928152
v 0.00057904 -0.00982287 0.0017821
v 0.00299309 0.0024869 0.00921177
v 0.0006741 -0.00975917 0.00207467
v 0.00296747 0.00278991 0.00913294
v 0.00076849 -0.00968583 0.00236518
v 0.00293893 0.00309017 0.00904508
v 0.00086213 -0.00960294 0.00265336
v 0.00290748 0.00338738 0.00894831
v 0.00095491 -0.00951057 0.00293893
v 0.00287317 0.00368125 0.0088427
v 0.00104676 -0.00940881 0.00322159
v 0.00283602 0.00397148 0.00872837
v 0.00113757 -0.00929776 0.00350107
v 0.00279607 0.00425779 0.00860542
v 0.00122725 -0.00917755 0.0037771
v 0.00275336 0.00453991 0.00847398
v 0.00131573 -0.00904827 0.0040494
v 0.00270794 0.00481754 0.00833417
v 0.00140291 -0.00891007 0.00431771
v 0.00265984 0.00509041 0.00818614
v 0.0014887 -0.00876307 0.00458175
v 0.00260912 0.00535827 0.00803004
v 0.00157302 -0.00860742 0.00484127
v 0.00255582 0.00562083 0.007866
v 0.0016558 -0.00844328 0.00509602
v 0.0025 0.00587785 0.00769421
v 0.00173693 -0.00827081 0.00534573
v 0.00244171 0.00612907 0.00751482
v 0.00181636 -0.00809017 0.00559017
v 0.00238102 0.00637424 0.00732802
v 0.00189399 -0.00790155 0.00582909
v 0.00231797 0.00661312 0.00713398
v 0.00196975 -0.00770513 0.00606226
v 0.00225264 0.00684547 0.0069329
v 0.00204357 -0.00750111 0.00628945
v 0.00218508 0.00707107 0.00672498
v 0.00211537 -0.00728969 0.00651043
v 0.00211537 0.00728969 0.00651043
v 0.00218508 -0.00707107 0.00672498
v 0.00204357 0.00750111 0.00628945
v 0.00225264 -0.00684547 0.0069329
v 0.00196975 0.00770513 0.00606226
v 0.00231797 -0.00661312 0.00713398
v 0.00189399 0.00790155 0.00582909
v 0.00238102 -0.00637424 0.00732802
v 0.00181636 0.00809017 0.00559017
v 0.00244171 -0.00612907 0.00751482
v 0.00173693 0.00827081 0.00534573
v 0.0025 -0.00587785 0.00769421
v 0.0016558 0.00844328 0.00509602
v 0.00255582 -0.00562083 0.007866
v 0.00157302 0.00860742 0.00484127
v 0.00260912 -0.00535827 0.00803004
v 0.0014887 0.00876307 0.00458175
v 0.00265984 -0.00509041 0.00818614
v 0.00140291 0.00891007 0.00431771
v 0.00270794 -0.00481754 0.00833417
v 0.00131573 0.00904827 0.0040494
v 0.00275336 -0.00453991 0.00847398
v 0.00122725 0.00917755 0.0037771
v 0.00279607 -0.00425779 0.00860542
v 0.00113757 0.00929776 0.00350107
v 0.00283602 -0.00397148 0.00872837
v 0.00104676 0.00940881 0.00322159
v 0.00287317 -0.00368124 0.0088427
v 0.00095491 0.00951057 0.00293893
v 0.00290748 -0.00338738 0.00894831
v 0.00086213 0.00960294 0.00265336
v 0.00293893 -0.00309017 0.00904508
v 0.00076849 0.00968583 0.00236518
v 0.00296747 -0.00278991 0.00913294
v 0.0006741 0.00975917 0.00207466
v 0.00299309 -0.0024869 0.00921177
v 0.00057904 0.00982287 0.0017821
v 0.00301575 -0.00218143 0.00928152
v 0.00048341 0.00987688 0.00148778
v 0.00303543 -0.00187381 0.00934211
v 0.0003873 0.00992115 0.00119199
v 0.00305212 -0.00156434 0.00939347
v 0.00029081 0.00995562 0.00089502
v 0.0030658 -0.00125333 0.00943557
v 0.00019403 0.00998027 0.00059717
v 0.00307646 -0.00094108 0.00946836
v 9.706E-05 0.00999506 0.00029873
v 0.00308407 -0.0006279 0.0094918
v 0.00034644 -0.00995562 0.000875
v 0.00365222 0.00125333 0.00922445
v 0.00363592 0.00156435 0.00918329
v 0.00046138 -0.00992115 0.00116532
v 0.00361604 0.00187381 0.00913308
v 0.00057587 -0.00987688 0.00145449
v 0.00359259 0.00218143 0.00907384
v 0.0006898 -0.00982287 0.00174223
v 0.00356559 0.0024869 0.00900566
v 0.00080304 -0.00975917 0.00202825
v 0.00353508 0.00278991 0.00892858
v 0.00091549 -0.00968583 0.00231226
v 0.00350107 0.00309017 0.0088427
v 0.00102703 -0.00960294 0.00259399
v 0.00346361 0.00338738 0.00874809
v 0.00113757 -0.00951057 0.00287317
v 0.00342274 0.00368125 0.00864484
v 0.00124698 -0.00940881 0.00314951
v 0.00337848 0.00397148 0.00853307
v 0.00135516 -0.00929776 0.00342274
v 0.00333089 0.00425779 0.00841287
v 0.001462 -0.00917755 0.00369259
v 0.00328001 0.00453991 0.00828437
v 0.0015674 -0.00904827 0.0039588
v 0.0032259 0.00481754 0.00814769
v 0.00167125 -0.00891007 0.0042211
v 0.0031686 0.00509041 0.00800298
v 0.00177345 -0.00876307 0.00447923
v 0.00310818 0.00535827 0.00785036
v 0.00187391 -0.00860742 0.00473295
v 0.00304469 0.00562083 0.00769
v 0.00197251 -0.00844328 0.00498199
v 0.00297819 0.00587785 0.00752205
v 0.00206917 -0.00827081 0.00522612
v 0.00290875 0.00612907 0.00734667
v 0.00216378 -0.00809017 0.00546509
v 0.00283645 0.00637424 0.00716405
v 0.00225626 -0.00790155 0.00569867
v 0.00276134 0.00661312 0.00697436
v 0.00234651 -0.00770513 0.00592662
v 0.00268351 0.00684547 0.00677778
v 0.00243445 -0.00750111 0.00614872
v 0.00260303 0.00707107 0.00657451
v 0.00251999 -0.00728969 0.00636476
v 0.00251999 0.00728969 0.00636476
v 0.00260303 -0.00707107 0.00657451
v 0.00243445 0.00750111 0.00614872
v 0.00268351 -0.00684547 0.00677778
v 0.00234651 0.00770513 0.00592662
v 0.00276134 -0.00661312 0.00697436
v 0.00225626 0.00790155 0.00569866
v 0.00283645 -0.00637424 0.00716405
v 0.00216378 0.00809017 0.00546509
v 0.00290875 -0.00612907 0.00734668
v 0.00206917 0.00827081 0.00522612
v 0.00297819 -0.00587785 0.00752205
v 0.00197251 0.00844328 0.00498199
v 0.00304469 -0.00562083 0.00769
v 0.00187391 0.00860742 0.00473295
v 0.00310818 -0.00535827 0.00785036
v 0.00177345 0.00876307 0.00447923
v 0.0031686 -0.00509041 0.00800298
v 0.00167125 0.00891007 0.0042211
v 0.0032259 -0.00481754 0.00814769
v 0.0015674 0.00904827 0.0039588
v 0.00328001 -0.00453991 0.00828437
v 0.001462 0.00917755 0.00369259
v 0.00333089 -0.00425779 0.00841287
v 0.00135516 0.00929776 0.00342273
v 0.00337848 -0.00397148 0.00853307
v 0.00124698 0.00940881 0.0031495
v 0.00342274 -0.00368124 0.00864484
v 0.00113757 0.00951057 0.00287317
v 0.00346361 -0.00338738 0.00874809
v 0.00102703 0.00960294 0.00259399
v 0.00350107 -0.00309017 0.0088427
v 0.00091549 0.00968583 0.00231226
v 0.00353508 -0.00278991 0.00892858
v 0.00080304 0.00975917 0.00202824
v 0.00356559 -0.0024869 0.00900566
v 0.0006898 0.00982287 0.00174223
v 0.00359259 -0.00218143 0.00907384
v 0.00057587 0.00987688 0.00145449
v 0.00361604 -0.00187381 0.00913308
v 0.00046138 0.00992115 0.00116532
v 0.00363592 -0.00156434 0.00918329
v 0.00034644 0.00995562 0.000875
v 0.00365222 -0.00125333 0.00922445
v 0.00023115 0.00998027 0.00058381
v 0.00366491 -0.00094108 0.0092565
v 0.00011563 0.00999506 0.00029205
v 0.00367398 -0.0006279 0.00927942
v 0.00367943 -0.00031411 0.00929318
v 0.00368125 0 0.00929776
v 0.00367943 0.00031411 0.00929318
v 0.00367398 0.00062791 0.00927942
v 0.00011563 -0.00999506 0.00029205
v 0.00366491 0.00094108 0.0092565
v 0.00023115 -0.00998027 0.00058381
v 0.00412403 0.0024869 0.008764
v 0.00408873 0.00278991 0.008689
v 0.00105887 -0.00968583 0.00225021
v 0.0040494 0.00309017 0.00860542
v 0.00118789 -0.00960294 0.00252439
v 0.00400608 0.00338738 0.00851334
v 0.00131573 -0.00951057 0.00279607
v 0.0039588 0.00368125 0.00841287
v 0.00144228 -0.00940881 0.00306499
v 0.00390761 0.00397148 0.00830409
v 0.0015674 -0.00929776 0.00333089
v 0.00385257 0.00425779 0.00818712
v 0.00169097 -0.00917755 0.0035935
v 0.00379372 0.00453991 0.00806207
v 0.00181288 -0.00904827 0.00385257
v 0.00373113 0.00481754 0.00792906
v 0.001933 -0.00891007 0.00410783
v 0.00366486 0.00509041 0.00778823
v 0.00205121 -0.00876307 0.00435904
v 0.00359497 0.00535827 0.00763971
v 0.00216739 -0.00860742 0.00460595
v 0.00352154 0.00562083 0.00748365
v 0.00228144 -0.00844328 0.00484831
v 0.00344463 0.00587785 0.0073202
v 0.00239323 -0.00827081 0.00508588
v 0.00336432 0.00612907 0.00714954
v 0.00250267 -0.00809017 0.00531844
v 0.00328069 0.00637424 0.00697181
v 0.00260963 -0.00790155 0.00554575
v 0.00319382 0.00661312 0.00678721
v 0.00271402 -0.00770513 0.00576758
v 0.0031038 0.00684547 0.0065959
v 0.00281573 -0.00750111 0.00598373
v 0.00301071 0.00707107 0.00639809
v 0.00291466 -0.00728969 0.00619397
v 0.00291466 0.00728969 0.00619397
v 0.00301071 -0.00707107 0.00639809
v 0.00281573 0.00750111 0.00598373
v 0.0031038 -0.00684547 0.0065959
v 0.00271402 0.00770513 0.00576758
v 0.00319382 -0.00661312 0.00678721
v 0.00260963 0.00790155 0.00554575
v 0.00328069 -0.00637424 0.00697181
v 0.00250267 0.00809017 0.00531844
v 0.00336432 -0.00612907 0.00714954
v 0.00239323 0.00827081 0.00508588
v 0.00344463 -0.00587785 0.00732021
v 0.00228144 0.00844328 0.00484831
v 0.00352154 -0.00562083 0.00748365
v 0.00216739 0.00860742 0.00460594
v 0.00359497 -0.00535827 0.00763971
v 0.00205121 0.00876307 0.00435904
v 0.00366486 -0.00509041 0.00778823
v 0.001933 0.00891007 0.00410783
v 0.00373113 -0.00481754 0.00792906
v 0.00181288 0.00904827 0.00385257
v 0.00379372 -0.00453991 0.00806207
v 0.00169097 0.00917755 0.0035935
v 0.00385257 -0.00425779 0.00818712
v 0.0015674 0.00929776 0.00333089
v 0.00390761 -0.00397148 0.00830409
v 0.00144228 0.00940881 0.00306499
v 0.0039588 -0.00368124 0.00841287
v 0.00131573 0.00951057 0.00279607
v 0.00400608 -0.00338738 0.00851334
v 0.00118789 0.00960294 0.00252439
v 0.0040494 -0.00309017 0.00860542
v 0.00105887 0.00968583 0.00225021
v 0.00408873 -0.00278991 0.008689
v 0.00092881 0.00975917 0.00197382
v 0.00412403 -0.0024869 0.008764
v 0.00079783 0.00982287 0.00169548
v 0.00415525 -0.00218143 0.00883036
v 0.00066607 0.00987688 0.00141546
v 0.00418238 -0.00187381 0.008888
v 0.00053364 0.00992115 0.00113405
v 0.00420537 -0.00156434 0.00893687
v 0.00040069 0.00995562 0.00085152
v 0.00422422 -0.00125333 0.00897692
v 0.00026735 0.00998027 0.00056814
v 0.0042389 -0.00094108 0.00900811
v 0.00013374 0.00999506 0.00028421
v 0.00424939 -0.0006279 0.00903042
v 0.00425569 -0.00031411 0.00904381
v 0.00425779 0 0.00904827
v 0.00425569 0.00031411 0.00904381
v 0.00424939 0.00062791 0.00903042
v 0.00013374 -0.00999506 0.00028421
v 0.0042389 0.00094108 0.00900811
v 0.00026735 -0.00998027 0.00056815
v 0.00422422 0.00125333 0.00897692
v 0.00040069 -0.00995562 0.00085152
v 0.00420537 0.00156435 0.00893687
v 0.00053364 -0.00992115 0.00113405
v 0.00418238 0.00187381 0.008888
v 0.00066607 -0.00987688 0.00141546
v 0.00415525 0.00218143 0.00883036
v 0.00079783 -0.00982287 0.00169548
v 0.00092881 -0.00975917 0.00197382
v 0.00442132 0.00397148 0.00804234
v 0.00435904 0.00425779 0.00792906
v 0.00177345 -0.00929776 0.0032259
v 0.00191327 -0.00917755 0.00348023
v 0.00429246 0.00453991 0.00780795
v 0.00205121 -0.00904827 0.00373113
v 0.00422164 0.00481754 0.00767913
v 0.00218712 -0.00891007 0.00397835
v 0.00414666 0.00509041 0.00754274
v 0.00232087 -0.00876307 0.00422164
v 0.00406758 0.00535827 0.0073989
v 0.00245233 -0.00860742 0.00446077
v 0.00398449 0.00562083 0.00724776
v 0.00258137 -0.00844328 0.00469549
v 0.00389747 0.00587785 0.00708947
v 0.00270786 -0.00827081 0.00492557
v 0.0038066 0.00612907 0.00692418
v 0.00283168 -0.00809017 0.0051508
v 0.00371198 0.00637424 0.00675206
v 0.0029527 -0.00790155 0.00537095
v 0.00361369 0.00661312 0.00657327
v 0.00307081 -0.00770513 0.00558579
v 0.00351183 0.00684547 0.006388
v 0.00318589 -0.00750111 0.00579512
v 0.00340651 0.00707107 0.00619642
v 0.00329783 -0.00728969 0.00599873
v 0.00329783 0.00728969 0.00599873
v 0.00340651 -0.00707107 0.00619642
v 0.00318589 0.00750111 0.00579512
v 0.00351183 -0.00684547 0.006388
v 0.00307081 0.00770513 0.00558579
v 0.00361369 -0.00661312 0.00657327
v 0.0029527 0.00790155 0.00537094
v 0.00371198 -0.00637424 0.00675206
v 0.00283168 0.00809017 0.0051508
v 0.0038066 -0.00612907 0.00692418
v 0.00270786 0.00827081 0.00492557
v 0.00389747 -0.00587785 0.00708947
v 0.00258137 0.00844328 0.00469549
v 0.00398449 -0.00562083 0.00724776
v 0.00245233 0.00860742 0.00446076
v 0.00406758 -0.00535827 0.0073989
v 0.00232087 0.00876307 0.00422164
v 0.00414666 -0.00509041 0.00754274
v 0.00218712 0.00891007 0.00397835
v 0.00422164 -0.00481754 0.00767913
v 0.00205121 0.00904827 0.00373113
v 0.00429246 -0.00453991 0.00780795
v 0.00191327 0.00917755 0.00348023
v 0.00435904 -0.00425779 0.00792906
v 0.00177345 0.00929776 0.0032259
v 0.00442132 -0.00397148 0.00804234
v 0.00163188 0.00940881 0.00296838
v 0.00447923 -0.00368124 0.00814769
v 0.0014887 0.00951057 0.00270794
v 0.00453273 -0.00338738 0.008245
v 0.00134405 0.00960294 0.00244482
v 0.00458175 -0.00309017 0.00833417
v 0.00119807 0.00968583 0.00217929
v 0.00462625 -0.00278991 0.00841512
v 0.00105091 0.00975917 0.0019116
v 0.00466618 -0.0024869 0.00848776
v 0.00090272 0.00982287 0.00164203
v 0.00470151 -0.00218143 0.00855202
v 0.00075363 0.00987688 0.00137084
v 0.0047322 -0.00187381 0.00860785
v 0.0006038 0.00992115 0.0010983
v 0.00475822 -0.00156434 0.00865518
v 0.00045337 0.00995562 0.00082468
v 0.00477955 -0.00125333 0.00869397
v 0.0003025 0.00998027 0.00055024
v 0.00479616 -0.00094108 0.00872418
v 0.00015132 0.00999506 0.00027525
v 0.00480803 -0.0006279 0.00874577
v 0.00481516 -0.00031411 0.00875874
v 0.00481754 0 0.00876307
v 0.00481516 0.00031411 0.00875874
v 0.00480803 0.00062791 0.00874577
v 0.00015132 -0.00999506 0.00027526
v 0.00479616 0.00094108 0.00872418
v 0.0003025 -0.00998027 0.00055024
v 0.00477955 0.00125333 0.00869397
v 0.00045337 -0.00995562 0.00082468
v 0.00475822 0.00156435 0.00865518
v 0.0006038 -0.00992115 0.0010983
v 0.0047322 0.00187381 0.00860785
v 0.00075363 -0.00987688 0.00137085
v 0.00470151 0.00218143 0.00855202
v 0.00090272 -0.00982287 0.00164204
v 0.00466618 0.0024869 0.00848776
v 0.00105091 -0.00975917 0.0019116
v 0.00462625 0.00278991 0.00841512
v 0.00119807 -0.00968583 0.00217929
v 0.00458175 0.00309017 0.00833417
v 0.00134405 -0.00960294 0.00244482
v 0.00453273 0.00338738 0.008245
v 0.0014887 -0.00951057 0.00270794
v 0.00447923 0.00368125 0.00814769
v 0.00163188 -0.00940881 0.00296838
v 0.00272758 -0.00860742 0.00429798
v 0.00443172 0.00562083 0.00698327
v 0.0028711 -0.00844328 0.00452414
v 0.00433493 0.00587785 0.00683076
v 0.00301179 -0.00827081 0.00474583
v 0.00423386 0.00612907 0.0066715
v 0.00314951 -0.00809017 0.00496283
v 0.00412862 0.00637424 0.00650566
v 0.00328412 -0.00790155 0.00517495
v 0.0040193 0.00661312 0.0063334
v 0.00341549 -0.00770513 0.00538195
v 0.00390601 0.00684547 0.00615488
v 0.00354349 -0.00750111 0.00558364
v 0.00378887 0.00707107 0.0059703
v 0.00366799 -0.00728969 0.00577982
v 0.00366799 0.00728969 0.00577982
v 0.00378887 -0.00707107 0.0059703
v 0.00354349 0.00750111 0.00558364
v 0.00390601 -0.00684547 0.00615489
v 0.00341549 0.00770513 0.00538195
v 0.0040193 -0.00661312 0.0063334
v 0.00328412 0.00790155 0.00517494
v 0.00412862 -0.00637424 0.00650566
v 0.00314951 0.00809017 0.00496283
v 0.00423386 -0.00612907 0.0066715
v 0.00301179 0.00827081 0.00474583
v 0.00433493 -0.00587785 0.00683076
v 0.0028711 0.00844328 0.00452414
v 0.00443172 -0.00562083 0.00698327
v 0.00272758 0.00860742 0.00429798
v 0.00452414 -0.00535827 0.0071289
v 0.00258137 0.00876307 0.00406758
v 0.00461209 -0.00509041 0.00726748
v 0.0024326 0.00891007 0.00383317
v 0.00469549 -0.00481754 0.0073989
v 0.00228144 0.00904827 0.00359497
v 0.00477425 -0.00453991 0.00752302
v 0.00212802 0.00917755 0.00335323
v 0.00484831 -0.00425779 0.00763971
v 0.00197251 0.00929776 0.00310818
v 0.00491757 -0.00397148 0.00774886
v 0.00181505 0.00940881 0.00286006
v 0.00498199 -0.00368124 0.00785036
v 0.0016558 0.00951057 0.00260912
v 0.00504149 -0.00338738 0.00794412
v 0.00149491 0.00960294 0.0023556
v 0.00509601 -0.00309017 0.00803004
v 0.00133255 0.00968583 0.00209976
v 0.00514551 -0.00278991 0.00810803
v 0.00116887 0.00975917 0.00184184
v 0.00518993 -0.0024869 0.00817802
v 0.00100404 0.00982287 0.00158211
v 0.00522922 -0.00218143 0.00823994
v 0.00083822 0.00987688 0.00132082
v 0.00526336 -0.00187381 0.00829372
v 0.00067157 0.00992115 0.00105822
v 0.0052923 -0.00156434 0.00833933
v 0.00050426 0.00995562 0.00079458
v 0.00531602 -0.00125333 0.0083767
v 0.00033645 0.00998027 0.00053016
v 0.00533449 -0.00094108 0.00840581
v 0.00016831 0.00999506 0.00026521
v 0.00534769 -0.0006279 0.00842662
v 0.00535562 -0.00031411 0.00843911
v 0.00535827 0 0.00844328
v 0.00535562 0.00031411 0.00843911
v 0.00534769 0.00062791 0.00842662
v 0.00016831 -0.00999506 0.00026521
v 0.00533449 0.00094108 0.00840581
v 0.00033645 -0.00998027 0.00053016
v 0.00531602 0.00125333 0.0083767
v 0.00050426 -0.00995562 0.00079458
v 0.0052923 0.00156435 0.00833933
v 0.00067157 -0.00992115 0.00105822
v 0.00526336 0.00187381 0.00829372
v 0.00083822 -0.00987688 0.00132082
v 0.00522922 0.00218143 0.00823994
v 0.00100404 -0.00982287 0.00158211
v 0.00518993 0.0024869 0.00817802
v 0.00116887 -0.00975917 0.00184184
v 0.00514551 0.00278991 0.00810803
v 0.00133255 -0.00968583 0.00209976
v 0.00509601 0.00309017 0.00803004
v 0.00149491 -0.00960294 0.0023556
v 0.00504149 0.00338738 0.00794412
v 0.0016558 -0.00951057 0.00260912
v 0.00498199 0.00368125 0.00785036
v 0.00181505 -0.00940881 0.00286006
v 0.00491757 0.00397148 0.00774886
v 0.00197251 -0.00929776 0.00310818
v 0.00484831 0.00425779 0.00763971
v 0.00212802 -0.00917755 0.00335323
v 0.00477425 0.00453991 0.00752302
v 0.00228144 -0.00904827 0.00359497
v 0.00469549 0.00481754 0.0073989
v 0.0024326 -0.00891007 0.00383317
v 0.00461209 0.00509041 0.00726748
v 0.00258137 -0.00876307 0.00406758
v 0.00452414 0.00535827 0.0071289
v 0.00314951 -0.00844328 0.00433493
v 0.00486146 0.00562083 0.00669122
v 0.00475528 0.00587785 0.00654509
v 0.00330384 -0.00827081 0.00454735
v 0.00464441 0.00612907 0.00639249
v 0.00345491 -0.00809017 0.00475528
v 0.00452896 0.00637424 0.00623358
v 0.00360258 -0.00790155 0.00495852
v 0.00440904 0.00661312 0.00606853
v 0.00374668 -0.00770513 0.00515687
v 0.00428477 0.00684547 0.00589748
v 0.00388709 -0.00750111 0.00535013
v 0.00415627 0.00707107 0.00572061
v 0.00402367 -0.00728969 0.0055381
v 0.00402367 0.00728969 0.0055381
v 0.00415627 -0.00707107 0.00572061
v 0.00388709 0.00750111 0.00535013
v 0.00428477 -0.00684547 0.00589748
v 0.00374668 0.00770513 0.00515687
v 0.00440904 -0.00661312 0.00606853
v 0.00360258 0.00790155 0.00495852
v 0.00452896 -0.00637424 0.00623358
v 0.00345491 0.00809017 0.00475528
v 0.00464441 -0.00612907 0.00639249
v 0.00330384 0.00827081 0.00454735
v 0.00475528 -0.00587785 0.00654509
v 0.00314951 0.00844328 0.00433493
v 0.00486146 -0.00562083 0.00669122
v 0.00299207 0.00860742 0.00411823
v 0.00496284 -0.00535827 0.00683076
v 0.00283168 0.00876307 0.00389747
v 0.00505931 -0.00509041 0.00696355
v 0.00266849 0.00891007 0.00367286
v 0.0051508 -0.00481754 0.00708947
v 0.00250267 0.00904827 0.00344463
v 0.0052372 -0.00453991 0.00720839
v 0.00233438 0.00917755 0.00321299
v 0.00531844 -0.00425779 0.0073202
v 0.00216378 0.00929776 0.00297819
v 0.00539443 -0.00397148 0.00742479
v 0.00199105 0.00940881 0.00274045
v 0.00546509 -0.00368124 0.00752205
v 0.00181636 0.00951057 0.0025
v 0.00553036 -0.00338738 0.00761189
v 0.00163987 0.00960294 0.00225708
v 0.00559017 -0.00309017 0.00769421
v 0.00146176 0.00968583 0.00201194
v 0.00564446 -0.00278991 0.00776894
v 0.00128221 0.00975917 0.00176482
v 0.00569319 -0.0024869 0.007836
v 0.0011014 0.00982287 0.00151595
v 0.00573629 -0.00218143 0.00789533
v 0.0009195 0.00987688 0.00126558
v 0.00577374 -0.00187381 0.00794687
v 0.00073669 0.00992115 0.00101397
v 0.00580549 -0.00156434 0.00799057
v 0.00055315 0.00995562 0.00076135
v 0.0058315 -0.00125333 0.00802638
v 0.00036907 0.00998027 0.00050799
v 0.00585177 -0.00094108 0.00805426
v 0.00018463 0.00999506 0.00025412
v 0.00586625 -0.0006279 0.00807421
v 0.00587495 -0.00031411 0.00808618
v 0.00587785 0 0.00809017
v 0.00587495 0.00031411 0.00808618
v 0.00586625 0.00062791 0.00807421
v 0.00018463 -0.00999506 0.00025412
v 0.00585177 0.00094108 0.00805426
v 0.00036907 -0.00998027 0.00050799
v 0.0058315 0.00125333 0.00802638
v 0.00055315 -0.00995562 0.00076135
v 0.00580549 0.00156435 0.00799057
v 0.00073669 -0.00992115 0.00101397
v 0.00577374 0.00187381 0.00794687
v 0.0009195 -0.00987688 0.00126558
v 0.00573629 0.00218143 0.00789533
v 0.0011014 -0.00982287 0.00151595
v 0.00569319 0.0024869 0.007836
v 0.00128221 -0.00975917 0.00176482
v 0.00564446 0.00278991 0.00776894
v 0.00146176 -0.00968583 0.00201194
v 0.00559017 0.00309017 0.00769421
v 0.00163987 -0.00960294 0.00225709
v 0.00553036 0.00338738 0.00761189
v 0.00181636 -0.00951057 0.0025
v 0.00546509 0.00368125 0.00752205
v 0.00199105 -0.00940881 0.00274045
v 0.00539443 0.00397148 0.00742479
v 0.00216378 -0.00929776 0.00297819
v 0.00531844 0.00425779 0.0073202
v 0.00233438 -0.00917755 0.00321299
v 0.0052372 0.00453991 0.00720839
v 0.00250267 -0.00904827 0.00344463
v 0.0051508 0.00481754 0.00708947
v 0.00266849 -0.00891007 0.00367286
v 0.00505931 0.00509041 0.00696355
v 0.00283168 -0.00876307 0.00389747
v 0.00496284 0.00535827 0.00683076
v 0.00299207 -0.00860742 0.00411823
v 0.00464662 0.00684547 0.0056168
v 0.00421536 -0.00750111 0.0050955
v 0.00450727 0.00707107 0.00544835
v 0.00436347 -0.00728969 0.00527453
v 0.00436347 0.00728969 0.00527453
v 0.00450727 -0.00707107 0.00544835
v 0.00421536 0.00750111 0.00509549
v 0.00464662 -0.00684547 0.0056168
v 0.00406309 0.00770513 0.00491144
v 0.00478139 -0.00661312 0.00577971
v 0.00390682 0.00790155 0.00472253
v 0.00491144 -0.00637424 0.00593691
v 0.00374668 0.00809017 0.00452896
v 0.00503664 -0.00612907 0.00608825
v 0.00358285 0.00827081 0.00433093
v 0.00515687 -0.00587785 0.00623358
v 0.00341549 0.00844328 0.00412862
v 0.00527201 -0.00562083 0.00637277
v 0.00324475 0.00860742 0.00392223
v 0.00538195 -0.00535827 0.00650566
v 0.00307081 0.00876307 0.00371198
v 0.00548658 -0.00509041 0.00663213
v 0.00289384 0.00891007 0.00349806
v 0.00558579 -0.00481754 0.00675206
v 0.00271402 0.00904827 0.00328068
v 0.00567949 -0.00453991 0.00686532
v 0.00253152 0.00917755 0.00306008
v 0.00576758 -0.00425779 0.00697181
v 0.00234651 0.00929776 0.00283645
v 0.00584999 -0.00397148 0.00707142
v 0.0021592 0.00940881 0.00261002
v 0.00592662 -0.00368124 0.00716405
v 0.00196975 0.00951057 0.00238102
v 0.0059974 -0.00338738 0.00724961
v 0.00177836 0.00960294 0.00214966
v 0.00606226 -0.00309017 0.00732802
v 0.00158521 0.00968583 0.00191619
v 0.00612114 -0.00278991 0.00739919
v 0.0013905 0.00975917 0.00168082
v 0.00617398 -0.0024869 0.00746306
v 0.00119441 0.00982287 0.0014438
v 0.00622073 -0.00218143 0.00751957
v 0.00099715 0.00987688 0.00120535
v 0.00626133 -0.00187381 0.00756865
v 0.0007989 0.00992115 0.00096571
v 0.00629576 -0.00156434 0.00761027
v 0.00059987 0.00995562 0.00072512
v 0.00632398 -0.00125333 0.00764438
v 0.00040024 0.00998027 0.00048381
v 0.00634595 -0.00094108 0.00767094
v 0.00020022 0.00999506 0.00024202
v 0.00636166 -0.0006279 0.00768993
v 0.00637109 -0.00031411 0.00770133
v 0.00637424 0 0.00770513
v 0.00637109 0.00031411 0.00770133
v 0.00636166 0.00062791 0.00768993
v 0.00020022 -0.00999506 0.00024202
v 0.00634595 0.00094108 0.00767094
v 0.00040024 -0.00998027 0.00048381
v 0.00632398 0.00125333 0.00764438
v 0.00059987 -0.00995562 0.00072512
v 0.00629576 0.00156435 0.00761027
v 0.0007989 -0.00992115 0.00096571
v 0.00626133 0.00187381 0.00756865
v 0.00099715 -0.00987688 0.00120535
v 0.00622073 0.00218143 0.00751957
v 0.00119441 -0.00982287 0.0014438
v 0.00617398 0.0024869 0.00746306
v 0.0013905 -0.00975917 0.00168082
v 0.00612114 0.00278991 0.00739919
v 0.00158521 -0.00968583 0.00191619
v 0.00606226 0.00309017 0.00732802
v 0.00177836 -0.00960294 0.00214966
v 0.0059974 0.00338738 0.00724961
v 0.00196975 -0.00951057 0.00238102
v 0.00592662 0.00368125 0.00716405
v 0.0021592 -0.00940881 0.00261002
v 0.00584999 0.00397148 0.00707142
v 0.00234651 -0.00929776 0.00283645
v 0.00576758 0.00425779 0.00697181
v 0.00253152 -0.00917755 0.00306008
v 0.00567949 0.00453991 0.00686532
v 0.00271402 -0.00904827 0.00328069
v 0.00558579 0.00481754 0.00675206
v 0.00289384 -0.00891007 0.00349806
v 0.00548658 0.00509041 0.00663213
v 0.00307081 -0.00876307 0.00371198
v 0.00538195 0.00535827 0.00650566
v 0.00324475 -0.00860742 0.00392223
v 0.00527201 0.00562083 0.00637277
v 0.00341549 -0.00844328 0.00412862
v 0.00515687 0.00587785 0.00623358
v 0.00358285 -0.00827081 0.00433093
v 0.00503664 0.00612907 0.00608825
v 0.00374668 -0.00809017 0.00452896
v 0.00491144 0.00637424 0.00593691
v 0.00390682 -0.00790155 0.00472253
v 0.00478139 0.00661312 0.0057797
v 0.00406309 -0.00770513 0.00491144
v 0.00419564 0.00790155 0.0044679
v 0.00513486 -0.00661312 0.00546808
v 0.00527453 -0.00637424 0.0056168
v 0.00402367 0.00809017 0.00428477
v 0.00540898 -0.00612907 0.00575998
v 0.00384772 0.00827081 0.00409741
v 0.0055381 -0.00587785 0.00589748
v 0.00366799 0.00844328 0.00390601
v 0.00566176 -0.00562083 0.00602916
v 0.00348463 0.00860742 0.00371075
v 0.00577982 -0.00535827 0.00615489
v 0.00329783 0.00876307 0.00351183
v 0.00589218 -0.00509041 0.00627454
v 0.00310778 0.00891007 0.00330945
v 0.00599873 -0.00481754 0.006388
v 0.00291466 0.00904827 0.0031038
v 0.00609936 -0.00453991 0.00649516
v 0.00271866 0.00917755 0.00289508
v 0.00619397 -0.00425779 0.00659591
v 0.00251999 0.00929776 0.00268351
v 0.00628246 -0.00397148 0.00669014
v 0.00231882 0.00940881 0.00246929
v 0.00636476 -0.00368124 0.00677778
v 0.00211537 0.00951057 0.00225264
v 0.00644077 -0.00338738 0.00685873
v 0.00190983 0.00960294 0.00203376
v 0.00651043 -0.00309017 0.0069329
v 0.0017024 0.00968583 0.00181287
v 0.00657366 -0.00278991 0.00700024
v 0.00149329 0.00975917 0.0015902
v 0.00663041 -0.0024869 0.00706067
v 0.00128271 0.00982287 0.00136595
v 0.00668061 -0.00218143 0.00711413
v 0.00107087 0.00987688 0.00114036
v 0.00672422 -0.00187381 0.00716056
v 0.00085797 0.00992115 0.00091364
v 0.00676119 -0.00156434 0.00719994
v 0.00064422 0.00995562 0.00068602
v 0.00679149 -0.00125333 0.00723221
v 0.00042983 0.00998027 0.00045772
v 0.00681509 -0.00094108 0.00725733
v 0.00021502 0.00999506 0.00022897
v 0.00683196 -0.0006279 0.0072753
v 0.00684209 -0.00031411 0.00728609
v 0.00684547 0 0.00728969
v 0.00684209 0.00031411 0.00728609
v 0.00683196 0.00062791 0.0072753
v 0.00021502 -0.00999506 0.00022898
v 0.00681509 0.00094108 0.00725733
v 0.00042983 -0.00998027 0.00045772
v 0.00679149 0.00125333 0.00723221
v 0.00064422 -0.00995562 0.00068602
v 0.00676119 0.00156435 0.00719994
v 0.00085797 -0.00992115 0.00091364
v 0.00672422 0.00187381 0.00716056
v 0.00107087 -0.00987688 0.00114036
v 0.00668061 0.00218143 0.00711413
v 0.00128271 -0.00982287 0.00136595
v 0.00663041 0.0024869 0.00706067
v 0.00149329 -0.00975917 0.0015902
v 0.00657366 0.00278991 0.00700024
v 0.0017024 -0.00968583 0.00181287
v 0.00651043 0.00309017 0.0069329
v 0.00190983 -0.00960294 0.00203376
v 0.00644077 0.00338738 0.00685873
v 0.00211537 -0.00951057 0.00225264
v 0.00636476 0.00368125 0.00677778
v 0.00231882 -0.00940881 0.00246929
v 0.00628246 0.00397148 0.00669014
v 0.00251999 -0.00929776 0.00268351
v 0.00619397 0.00425779 0.0065959
v 0.00271866 -0.00917755 0.00289508
v 0.00609936 0.00453991 0.00649516
v 0.00291466 -0.00904827 0.0031038
v 0.00599873 0.00481754 0.006388
v 0.00310778 -0.00891007 0.00330945
v 0.00589218 0.00509041 0.00627454
v 0.00329783 -0.00876307 0.00351183
v 0.00577982 0.00535827 0.00615489
v 0.00348463 -0.00860742 0.00371075
v 0.00566176 0.00562083 0.00602916
v 0.00366799 -0.00844328 0.00390601
v 0.0055381 0.00587785 0.00589748
v 0.00384772 -0.00827081 0.00409741
v 0.00540898 0.00612907 0.00575998
v 0.00402367 -0.00809017 0.00428477
v 0.00527453 0.00637424 0.0056168
v 0.00419564 -0.00790155 0.0044679
v 0.00513486 0.00661312 0.00546807
v 0.00436347 -0.00770513 0.00464662
v 0.00499013 0.00684547 0.00531395
v 0.00452699 -0.00750111 0.00482076
v 0.00484048 0.00707107 0.00515459
v 0.00468605 -0.00728969 0.00499013
v 0.00468605 0.00728969 0.00499013
v 0.00484048 -0.00707107 0.00515459
v 0.00452699 0.00750111 0.00482076
v 0.00499013 -0.00684547 0.00531395
v 0.00436347 0.00770513 0.00464662
v 0.00602916 -0.00562083 0.00566176
v 0.00615489 -0.00535827 0.00577982
v 0.00351183 0.00876307 0.00329783
v 0.00627454 -0.00509041 0.00589218
v 0.00330945 0.00891007 0.00310778
v 0.006388 -0.00481754 0.00599873
v 0.0031038 0.00904827 0.00291466
v 0.00649516 -0.00453991 0.00609936
v 0.00289508 0.00917755 0.00271866
v 0.00659591 -0.00425779 0.00619397
v 0.00268351 0.00929776 0.00251999
v 0.00669014 -0.00397148 0.00628246
v 0.00246929 0.00940881 0.00231882
v 0.00677778 -0.00368124 0.00636476
v 0.00225264 0.00951057 0.00211537
v 0.00685872 -0.00338738 0.00644077
v 0.00203376 0.00960294 0.00190982
v 0.0069329 -0.00309017 0.00651043
v 0.00181287 0.00968583 0.0017024
v 0.00700024 -0.00278991 0.00657366
v 0.0015902 0.00975917 0.00149329
v 0.00706067 -0.0024869 0.00663041
v 0.00136595 0.00982287 0.00128271
v 0.00711413 -0.00218143 0.00668061
v 0.00114036 0.00987688 0.00107087
v 0.00716056 -0.00187381 0.00672422
v 0.00091364 0.00992115 0.00085796
v 0.00719994 -0.00156434 0.00676119
v 0.00068602 0.00995562 0.00064422
v 0.00723221 -0.00125333 0.00679149
v 0.00045772 0.00998027 0.00042983
v 0.00725733 -0.00094108 0.00681509
v 0.00022897 0.00999506 0.00021502
v 0.0072753 -0.0006279 0.00683196
v 0.00728609 -0.00031411 0.00684209
v 0.00728968 0 0.00684547
v 0.00728609 0.00031411 0.00684209
v 0.0072753 0.00062791 0.00683196
v 0.00022897 -0.00999506 0.00021502
v 0.00725733 0.00094108 0.00681509
v 0.00045772 -0.00998027 0.00042983
v 0.00723221 0.00125333 0.00679149
v 0.00068602 -0.00995562 0.00064422
v 0.00719994 0.00156435 0.00676119
v 0.00091364 -0.00992115 0.00085797
v 0.00716056 0.00187381 0.00672422
v 0.00114036 -0.00987688 0.00107087
v 0.00711413 0.00218143 0.00668061
v 0.00136595 -0.00982287 0.00128271
v 0.00706067 0.0024869 0.00663041
v 0.0015902 -0.00975917 0.00149329
v 0.00700024 0.00278991 0.00657366
v 0.00181287 -0.00968583 0.0017024
v 0.0069329 0.00309017 0.00651043
v 0.00203376 -0.00960294 0.00190983
v 0.00685872 0.00338738 0.00644077
v 0.00225264 -0.00951057 0.00211537
v 0.00677778 0.00368125 0.00636476
v 0.00246929 -0.00940881 0.00231882
v 0.00669014 0.00397148 0.00628246
v 0.00268351 -0.00929776 0.00251999
v 0.00659591 0.00425779 0.00619397
v 0.00289508 -0.00917755 0.00271866
v 0.00649516 0.00453991 0.00609936
v 0.0031038 -0.00904827 0.00291466
v 0.006388 0.00481754 0.00599873
v 0.00330945 -0.00891007 0.00310778
v 0.00627454 0.00509041 0.00589218
v 0.00351183 -0.00876307 0.00329783
v 0.00615489 0.00535827 0.00577982
v 0.00371075 -0.00860742 0.00348463
v 0.00602916 0.00562083 0.00566176
v 0.00390601 -0.00844328 0.00366799
v 0.00589748 0.00587785 0.0055381
v 0.00409741 -0.00827081 0.00384773
v 0.00575998 0.00612907 0.00540898
v 0.00428477 -0.00809017 0.00402367
v 0.0056168 0.00637424 0.00527453
v 0.0044679 -0.00790155 0.00419564
v 0.00546807 0.00661312 0.00513486
v 0.00464662 -0.00770513 0.00436347
v 0.00531395 0.00684547 0.00499013
v 0.00482076 -0.00750111 0.00452699
v 0.00515459 0.00707107 0.00484048
v 0.00499013 -0.00728969 0.00468605
v 0.00499013 0.00728969 0.00468605
v 0.00515459 -0.00707107 0.00484048
v 0.00482076 0.00750111 0.00452699
v 0.00531395 -0.00684547 0.00499013
v 0.00464662 0.00770513 0.00436347
v 0.00546807 -0.00661312 0.00513486
v 0.0044679 0.00790155 0.00419564
v 0.0056168 -0.00637424 0.00527453
v 0.00428477 0.00809017 0.00402367
v 0.00575998 -0.00612907 0.00540898
v 0.00409741 0.00827081 0.00384772
v 0.00589748 -0.00587785 0.0055381
v 0.00390601 0.00844328 0.00366799
v 0.00371075 0.00860742 0.00348463
v 0.00283645 0.00929776 0.00234651
v 0.00707142 -0.00397148 0.00584999
v 0.00261002 0.00940881 0.0021592
v 0.00716405 -0.00368124 0.00592662
v 0.00238102 0.00951057 0.00196975
v 0.00724961 -0.00338738 0.0059974
v 0.00214966 0.00960294 0.00177836
v 0.00732802 -0.00309017 0.00606226
v 0.00191619 0.00968583 0.00158521
v 0.00739919 -0.00278991 0.00612114
v 0.00168082 0.00975917 0.0013905
v 0.00746306 -0.0024869 0.00617398
v 0.0014438 0.00982287 0.00119441
v 0.00751957 -0.00218143 0.00622073
v 0.00120535 0.00987688 0.00099715
v 0.00756865 -0.00187381 0.00626133
v 0.00096571 0.00992115 0.0007989
v 0.00761027 -0.00156434 0.00629576
v 0.00072512 0.00995562 0.00059987
v 0.00764438 -0.00125333 0.00632398
v 0.00048381 0.00998027 0.00040024
v 0.00767094 -0.00094108 0.00634595
v 0.00024202 0.00999506 0.00020022
v 0.00768993 -0.0006279 0.00636166
v 0.00770133 -0.00031411 0.0063711
v 0.00770513 0 0.00637424
v 0.00770133 0.00031411 0.0063711
v 0.00768993 0.00062791 0.00636166
v 0.00024202 -0.00999506 0.00020022
v 0.00767094 0.00094108 0.00634595
v 0.00048381 -0.00998027 0.00040024
v 0.00764438 0.00125333 0.00632398
v 0.00072512 -0.00995562 0.00059987
v 0.00761027 0.00156435 0.00629576
v 0.00096571 -0.00992115 0.0007989
v 0.00756865 0.00187381 0.00626133
v 0.00120535 -0.00987688 0.00099715
v 0.00751957 0.00218143 0.00622073
v 0.0014438 -0.00982287 0.00119441
v 0.00746306 0.0024869 0.00617398
v 0.00168082 -0.00975917 0.0013905
v 0.00739919 0.00278991 0.00612114
v 0.00191619 -0.00968583 0.00158521
v 0.00732802 0.00309017 0.00606226
v 0.00214966 -0.00960294 0.00177836
v 0.00724961 0.00338738 0.0059974
v 0.00238102 -0.00951057 0.00196975
v 0.00716405 0.00368125 0.00592662
v 0.00261002 -0.00940881 0.0021592
v 0.00707142 0.00397148 0.00584999
v 0.00283645 -0.00929776 0.00234652
v 0.00697181 0.00425779 0.00576758
v 0.00306008 -0.00917755 0.00253152
v 0.00686532 0.00453991 0.00567949
v 0.00328069 -0.00904827 0.00271402
v 0.00675206 0.00481754 0.00558579
v 0.00349806 -0.00891007 0.00289385
v 0.00663213 0.00509041 0.00548657
v 0.00371198 -0.00876307 0.00307081
v 0.00650566 0.00535827 0.00538195
v 0.00392223 -0.00860742 0.00324475
v 0.00637276 0.00562083 0.00527201
v 0.00412862 -0.00844328 0.00341549
v 0.00623358 0.00587785 0.00515687
v 0.00433093 -0.00827081 0.00358285
v 0.00608825 0.00612907 0.00503664
v 0.00452896 -0.00809017 0.00374668
v 0.00593691 0.00637424 0.00491144
v 0.00472253 -0.00790155 0.00390682
v 0.0057797 0.00661312 0.00478139
v 0.00491144 -0.00770513 0.00406309
v 0.0056168 0.00684547 0.00464662
v 0.00509549 -0.00750111 0.00421536
v 0.00544835 0.00707107 0.00450727
v 0.00527453 -0.00728969 0.00436347
v 0.00527453 0.00728969 0.00436347
v 0.00544835 -0.00707107 0.00450727
v 0.00509549 0.00750111 0.00421536
v 0.0056168 -0.00684547 0.00464662
v 0.00491144 0.00770513 0.00406309
v 0.0057797 -0.00661312 0.00478139
v 0.00472253 0.00790155 0.00390682
v 0.00593691 -0.00637424 0.00491144
v 0.00452896 0.00809017 0.00374668
v 0.00608825 -0.00612907 0.00503664
v 0.00433093 0.00827081 0.00358285
v 0.00623358 -0.00587785 0.00515687
v 0.00412862 0.00844328 0.00341549
v 0.00637276 -0.00562083 0.00527201
v 0.00392223 0.00860742 0.00324475
v 0.00650566 -0.00535827 0.00538195
v 0.00371198 0.00876307 0.00307081
v 0.00663213 -0.00509041 0.00548658
v 0.00349806 0.00891007 0.00289384
v 0.00675206 -0.00481754 0.00558579
v 0.00328069 0.00904827 0.00271402
v 0.00686532 -0.00453991 0.00567949
v 0.00306008 0.00917755 0.00253152
v 0.00697181 -0.00425779 0.00576758
v 0.00769421 -0.00309017 0.00559017
v 0.00776894 -0.00278991 0.00564446
v 0.00176482 0.00975917 0.00128221
v 0.007836 -0.0024869 0.00569319
v 0.00151595 0.00982287 0.0011014
v 0.00789533 -0.00218143 0.00573629
v 0.00126558 0.00987688 0.0009195
v 0.00794687 -0.00187381 0.00577374
v 0.00101397 0.00992115 0.00073669
v 0.00799057 -0.00156434 0.00580549
v 0.00076135 0.00995562 0.00055315
v 0.00802638 -0.00125333 0.0058315
v 0.00050799 0.00998027 0.00036907
v 0.00805427 -0.00094108 0.00585177
v 0.00025412 0.00999506 0.00018463
v 0.0080742 -0.0006279 0.00586625
v 0.00808618 -0.00031411 0.00587495
v 0.00809017 0 0.00587785
v 0.00808618 0.00031411 0.00587495
v 0.0080742 0.00062791 0.00586625
v 0.00025412 -0.00999506 0.00018463
v 0.00805427 0.00094108 0.00585177
v 0.00050799 -0.00998027 0.00036907
v 0.00802638 0.00125333 0.0058315
v 0.00076135 -0.00995562 0.00055316
v 0.00799057 0.00156435 0.00580549
v 0.00101397 -0.00992115 0.00073669
v 0.00794687 0.00187381 0.00577374
v 0.00126558 -0.00987688 0.0009195
v 0.00789533 0.00218143 0.00573629
v 0.00151595 -0.00982287 0.0011014
v 0.007836 0.0024869 0.00569319
v 0.00176482 -0.00975917 0.00128221
v 0.00776894 0.00278991 0.00564446
v 0.00201194 -0.00968583 0.00146176
v 0.00769421 0.00309017 0.00559017
v 0.00225709 -0.00960294 0.00163987
v 0.00761188 0.00338738 0.00553036
v 0.0025 -0.00951057 0.00181636
v 0.00752205 0.00368125 0.00546509
v 0.00274045 -0.00940881 0.00199105
v 0.00742479 0.00397148 0.00539443
v 0.00297819 -0.00929776 0.00216378
v 0.00732021 0.00425779 0.00531844
v 0.00321299 -0.00917755 0.00233438
v 0.00720839 0.00453991 0.0052372
v 0.00344463 -0.00904827 0.00250267
v 0.00708947 0.00481754 0.0051508
v 0.00367286 -0.00891007 0.00266849
v 0.00696355 0.00509041 0.00505931
v 0.00389747 -0.00876307 0.00283168
v 0.00683076 0.00535827 0.00496283
v 0.00411823 -0.00860742 0.00299207
v 0.00669122 0.00562083 0.00486146
v 0.00433493 -0.00844328 0.00314951
v 0.00654508 0.00587785 0.00475528
v 0.00454735 -0.00827081 0.00330384
v 0.00639249 0.00612907 0.00464441
v 0.00475528 -0.00809017 0.00345492
v 0.00623358 0.00637424 0.00452896
v 0.00495852 -0.00790155 0.00360258
v 0.00606853 0.00661312 0.00440904
v 0.00515687 -0.00770513 0.00374668
v 0.00589748 0.00684547 0.00428477
v 0.00535013 -0.00750111 0.00388709
v 0.00572061 0.00707107 0.00415627
v 0.0055381 -0.00728969 0.00402367
v 0.0055381 0.00728969 0.00402367
v 0.00572061 -0.00707107 0.00415627
v 0.00535013 0.00750111 0.00388709
v 0.00589748 -0.00684547 0.00428477
v 0.00515687 0.00770513 0.00374668
v 0.00606853 -0.00661312 0.00440904
v 0.00495852 0.00790155 0.00360258
v 0.00623358 -0.00637424 0.00452896
v 0.00475528 0.00809017 0.00345491
v 0.00639249 -0.00612907 0.00464442
v 0.00454735 0.00827081 0.00330384
v 0.00654508 -0.00587785 0.00475528
v 0.00433493 0.00844328 0.00314951
v 0.00669122 -0.00562083 0.00486146
v 0.00411823 0.00860742 0.00299207
v 0.00683076 -0.00535827 0.00496283
v 0.00389747 0.00876307 0.00283168
v 0.00696355 -0.00509041 0.00505931
v 0.00367286 0.00891007 0.00266849
v 0.00708947 -0.00481754 0.0051508
v 0.00344463 0.00904827 0.00250267
v 0.00720839 -0.00453991 0.00523721
v 0.00321299 0.00917755 0.00233438
v 0.00732021 -0.00425779 0.00531844
v 0.00297819 0.00929776 0.00216378
v 0.00742479 -0.00397148 0.00539443
v 0.00274045 0.00940881 0.00199105
v 0.00752205 -0.00368124 0.00546509
v 0.0025 0.00951057 0.00181636
v 0.00761188 -0.00338738 0.00553036
v 0.00225709 0.00960294 0.00163987
v 0.00201194 0.00968583 0.00146176
v 0.00079458 0.00995562 0.00050426
v 0.00833933 -0.00156434 0.0052923
v 0.0083767 -0.00125333 0.00531602
v 0.00053016 0.00998027 0.00033645
v 0.00840581 -0.00094108 0.00533449
v 0.00026521 0.00999506 0.00016831
v 0.00842662 -0.0006279 0.00534769
v 0.00843911 -0.00031411 0.00535562
v 0.00844328 0 0.00535827
v 0.00843911 0.00031411 0.00535562
v 0.00842662 0.00062791 0.00534769
v 0.00026521 -0.00999506 0.00016831
v 0.00840581 0.00094108 0.00533449
v 0.00053016 -0.00998027 0.00033645
v 0.0083767 0.00125333 0.00531602
v 0.00079458 -0.00995562 0.00050426
v 0.00833933 0.00156435 0.0052923
v 0.00105822 -0.00992115 0.00067157
v 0.00829372 0.00187381 0.00526336
v 0.00132082 -0.00987688 0.00083822
v 0.00823994 0.00218143 0.00522922
v 0.00158211 -0.00982287 0.00100404
v 0.00817802 0.0024869 0.00518993
v 0.00184184 -0.00975917 0.00116887
v 0.00810803 0.00278991 0.00514551
v 0.00209976 -0.00968583 0.00133255
v 0.00803004 0.00309017 0.00509602
v 0.0023556 -0.00960294 0.00149491
v 0.00794412 0.00338738 0.00504149
v 0.00260912 -0.00951057 0.0016558
v 0.00785036 0.00368125 0.00498199
v 0.00286006 -0.00940881 0.00181505
v 0.00774886 0.00397148 0.00491757
v 0.00310818 -0.00929776 0.00197251
v 0.00763971 0.00425779 0.00484831
v 0.00335323 -0.00917755 0.00212803
v 0.00752302 0.00453991 0.00477425
v 0.00359497 -0.00904827 0.00228144
v 0.0073989 0.00481754 0.00469548
v 0.00383317 -0.00891007 0.0024326
v 0.00726748 0.00509041 0.00461209
v 0.00406758 -0.00876307 0.00258137
v 0.0071289 0.00535827 0.00452413
v 0.00429798 -0.00860742 0.00272758
v 0.00698327 0.00562083 0.00443172
v 0.00452414 -0.00844328 0.0028711
v 0.00683076 0.00587785 0.00433493
v 0.00474583 -0.00827081 0.00301179
v 0.0066715 0.00612907 0.00423386
v 0.00496283 -0.00809017 0.00314951
v 0.00650566 0.00637424 0.00412862
v 0.00517494 -0.00790155 0.00328412
v 0.0063334 0.00661312 0.0040193
v 0.00538195 -0.00770513 0.00341549
v 0.00615489 0.00684547 0.00390601
v 0.00558364 -0.00750111 0.00354349
v 0.0059703 0.00707107 0.00378887
v 0.00577982 -0.00728969 0.00366799
v 0.00577982 0.00728969 0.00366799
v 0.0059703 -0.00707107 0.00378887
v 0.00558364 0.00750111 0.00354349
v 0.00615489 -0.00684547 0.00390601
v 0.00538195 0.00770513 0.00341549
v 0.0063334 -0.00661312 0.0040193
v 0.00517494 0.00790155 0.00328412
v 0.00650566 -0.00637424 0.00412862
v 0.00496283 0.00809017 0.00314951
v 0.0066715 -0.00612907 0.00423386
v 0.00474583 0.00827081 0.00301179
v 0.00683076 -0.00587785 0.00433493
v 0.00452414 0.00844328 0.0028711
v 0.00698327 -0.00562083 0.00443172
v 0.00429798 0.00860742 0.00272758
v 0.0071289 -0.00535827 0.00452414
v 0.00406758 0.00876307 0.00258136
v 0.00726748 -0.00509041 0.00461209
v 0.00383317 0.00891007 0.0024326
v 0.0073989 -0.00481754 0.00469549
v 0.00359497 0.00904827 0.00228144
v 0.00752302 -0.00453991 0.00477425
v 0.00335323 0.00917755 0.00212802
v 0.00763971 -0.00425779 0.00484831
v 0.00310818 0.00929776 0.00197251
v 0.00774886 -0.00397148 0.00491758
v 0.00286006 0.00940881 0.00181505
v 0.00785036 -0.00368124 0.00498199
v 0.00260912 0.00951057 0.0016558
v 0.00794412 -0.00338738 0.00504149
v 0.0023556 0.00960294 0.00149491
v 0.00803004 -0.00309017 0.00509602
v 0.00209976 0.00968583 0.00133255
v 0.00810803 -0.00278991 0.00514551
v 0.00184184 0.00975917 0.00116887
v 0.00817802 -0.0024869 0.00518993
v 0.00158211 0.00982287 0.00100404
v 0.00823994 -0.00218143 0.00522922
v 0.00132082 0.00987688 0.00083822
v 0.00829372 -0.00187381 0.00526336
v 0.00105822 0.00992115 0.00067157
v 0.00876306 0 0.00481754
v 0.00875874 0.00031411 0.00481516
v 0.00874577 0.00062791 0.00480803
v 0.00027525 -0.00999506 0.00015132
v 0.00872418 0.00094108 0.00479616
v 0.00055024 -0.00998027 0.0003025
v 0.00869397 0.00125333 0.00477955
v 0.00082468 -0.00995562 0.00045337
v 0.00865518 0.00156435 0.00475823
v 0.0010983 -0.00992115 0.0006038
v 0.00860785 0.00187381 0.0047322
v 0.00137085 -0.00987688 0.00075363
v 0.00855202 0.00218143 0.00470151
v 0.00164203 -0.00982287 0.00090272
v 0.00848776 0.0024869 0.00466618
v 0.0019116 -0.00975917 0.00105091
v 0.00841512 0.00278991 0.00462625
v 0.00217929 -0.00968583 0.00119807
v 0.00833417 0.00309017 0.00458175
v 0.00244482 -0.00960294 0.00134405
v 0.008245 0.00338738 0.00453273
v 0.00270794 -0.00951057 0.0014887
v 0.00814769 0.00368125 0.00447923
v 0.00296838 -0.00940881 0.00163188
v 0.00804234 0.00397148 0.00442132
v 0.0032259 -0.00929776 0.00177345
v 0.00792906 0.00425779 0.00435904
v 0.00348023 -0.00917755 0.00191328
v 0.00780795 0.00453991 0.00429246
v 0.00373113 -0.00904827 0.00205121
v 0.00767913 0.00481754 0.00422164
v 0.00397835 -0.00891007 0.00218712
v 0.00754274 0.00509041 0.00414666
v 0.00422164 -0.00876307 0.00232087
v 0.0073989 0.00535827 0.00406758
v 0.00446076 -0.00860742 0.00245233
v 0.00724776 0.00562083 0.00398449
v 0.00469549 -0.00844328 0.00258137
v 0.00708947 0.00587785 0.00389747
v 0.00492557 -0.00827081 0.00270786
v 0.00692418 0.00612907 0.0038066
v 0.0051508 -0.00809017 0.00283168
v 0.00675206 0.00637424 0.00371197
v 0.00537094 -0.00790155 0.0029527
v 0.00657327 0.00661312 0.00361369
v 0.00558579 -0.00770513 0.00307081
v 0.006388 0.00684547 0.00351183
v 0.00579512 -0.00750111 0.00318589
v 0.00619642 0.00707107 0.00340651
v 0.00599873 -0.00728969 0.00329783
v 0.00599873 0.00728969 0.00329783
v 0.00619642 -0.00707107 0.00340651
v 0.00579512 0.00750111 0.00318589
v 0.006388 -0.00684547 0.00351183
v 0.00558579 0.00770513 0.00307081
v 0.00657327 -0.00661312 0.00361369
v 0.00537094 0.00790155 0.0029527
v 0.00675206 -0.00637424 0.00371198
v 0.0051508 0.00809017 0.00283168
v 0.00692418 -0.00612907 0.0038066
v 0.00492557 0.00827081 0.00270786
v 0.00708947 -0.00587785 0.00389747
v 0.00469549 0.00844328 0.00258137
v 0.00724776 -0.00562083 0.00398449
v 0.00446076 0.00860742 0.00245233
v 0.0073989 -0.00535827 0.00406758
v 0.00422164 0.00876307 0.00232087
v 0.00754274 -0.00509041 0.00414666
v 0.00397835 0.00891007 0.00218712
v 0.00767913 -0.00481754 0.00422164
v 0.00373113 0.00904827 0.00205121
v 0.00780795 -0.00453991 0.00429246
v 0.00348023 0.00917755 0.00191327
v 0.00792906 -0.00425779 0.00435904
v 0.0032259 0.00929776 0.00177345
v 0.00804234 -0.00397148 0.00442132
v 0.00296838 0.00940881 0.00163188
v 0.00814769 -0.00368125 0.00447923
v 0.00270794 0.00951057 0.0014887
v 0.008245 -0.00338738 0.00453273
v 0.00244482 0.00960294 0.00134405
v 0.00833417 -0.00309017 0.00458175
v 0.00217929 0.00968583 0.00119807
v 0.00841512 -0.00278991 0.00462625
v 0.0019116 0.00975917 0.00105091
v 0.00848776 -0.0024869 0.00466618
v 0.00164203 0.00982287 0.00090272
v 0.00855202 -0.00218143 0.00470151
v 0.00137085 0.00987688 0.00075363
v 0.00860785 -0.00187381 0.0047322
v 0.0010983 0.00992115 0.0006038
v 0.00865518 -0.00156434 0.00475823
v 0.00082468 0.00995562 0.00045337
v 0.00869397 -0.00125333 0.00477955
v 0.00055024 0.00998027 0.00030249
v 0.00872418 -0.00094108 0.00479616
v 0.00027525 0.00999506 0.00015132
v 0.00874577 -0.0006279 0.00480803
v 0.00875874 -0.00031411 0.00481516
v 0.0035935 -0.00917755 0.00169097
v 0.00385257 -0.00904827 0.00181288
v 0.00806207 0.00453991 0.00379372
v 0.00792906 0.00481754 0.00373113
v 0.00410783 -0.00891007 0.001933
v 0.00778822 0.00509041 0.00366486
v 0.00435904 -0.00876307 0.00205121
v 0.00763971 0.00535827 0.00359497
v 0.00460594 -0.00860742 0.00216739
v 0.00748365 0.00562083 0.00352154
v 0.00484831 -0.00844328 0.00228144
v 0.0073202 0.00587785 0.00344463
v 0.00508588 -0.00827081 0.00239323
v 0.00714954 0.00612907 0.00336432
v 0.00531844 -0.00809017 0.00250267
v 0.00697181 0.00637424 0.00328069
v 0.00554575 -0.00790155 0.00260963
v 0.00678721 0.00661312 0.00319382
v 0.00576758 -0.00770513 0.00271402
v 0.00659591 0.00684547 0.0031038
v 0.00598373 -0.00750111 0.00281573
v 0.00639809 0.00707107 0.00301071
v 0.00619397 -0.00728969 0.00291466
v 0.00619397 0.00728969 0.00291466
v 0.00639809 -0.00707107 0.00301071
v 0.00598373 0.00750111 0.00281573
v 0.00659591 -0.00684547 0.0031038
v 0.00576758 0.00770513 0.00271402
v 0.00678721 -0.00661312 0.00319382
v 0.00554575 0.00790155 0.00260963
v 0.00697181 -0.00637424 0.00328069
v 0.00531844 0.00809017 0.00250267
v 0.00714954 -0.00612907 0.00336432
v 0.00508588 0.00827081 0.00239323
v 0.0073202 -0.00587785 0.00344463
v 0.00484831 0.00844328 0.00228144
v 0.00748365 -0.00562083 0.00352154
v 0.00460594 0.00860742 0.00216739
v 0.00763971 -0.00535827 0.00359497
v 0.00435904 0.00876307 0.00205121
v 0.00778822 -0.00509041 0.00366486
v 0.00410783 0.00891007 0.001933
v 0.00792906 -0.00481754 0.00373113
v 0.00385257 0.00904827 0.00181288
v 0.00806207 -0.00453991 0.00379372
v 0.0035935 0.00917755 0.00169097
v 0.00818712 -0.00425779 0.00385257
v 0.00333089 0.00929776 0.0015674
v 0.00830409 -0.00397148 0.00390761
v 0.00306499 0.00940881 0.00144227
v 0.00841287 -0.00368125 0.0039588
v 0.00279607 0.00951057 0.00131573
v 0.00851334 -0.00338738 0.00400608
v 0.00252439 0.00960294 0.00118789
v 0.00860542 -0.00309017 0.0040494
v 0.00225021 0.00968583 0.00105887
v 0.008689 -0.00278991 0.00408873
v 0.00197382 0.00975917 0.00092881
v 0.008764 -0.0024869 0.00412403
v 0.00169548 0.00982287 0.00079783
v 0.00883036 -0.00218143 0.00415525
v 0.00141546 0.00987688 0.00066606
v 0.008888 -0.00187381 0.00418237
v 0.00113405 0.00992115 0.00053364
v 0.00893687 -0.00156434 0.00420537
v 0.00085152 0.00995562 0.00040069
v 0.00897692 -0.00125333 0.00422422
v 0.00056815 0.00998027 0.00026735
v 0.00900811 -0.00094108 0.0042389
v 0.00028421 0.00999506 0.00013374
v 0.00903041 -0.0006279 0.00424939
v 0.00904381 -0.00031411 0.00425569
v 0.00904827 0 0.00425779
v 0.00904381 0.00031411 0.00425569
v 0.00903041 0.00062791 0.00424939
v 0.00028421 -0.00999506 0.00013374
v 0.00900811 0.00094108 0.0042389
v 0.00056815 -0.00998027 0.00026735
v 0.00897692 0.00125333 0.00422422
v 0.00085152 -0.00995562 0.00040069
v 0.00893687 0.00156435 0.00420537
v 0.00113405 -0.00992115 0.00053364
v 0.008888 0.00187381 0.00418237
v 0.00141546 -0.00987688 0.00066607
v 0.00883036 0.00218143 0.00415525
v 0.00169548 -0.00982287 0.00079783
v 0.008764 0.0024869 0.00412403
v 0.00197382 -0.00975917 0.00092881
v 0.008689 0.00278991 0.00408873
v 0.00225021 -0.00968583 0.00105887
v 0.00860542 0.00309017 0.0040494
v 0.00252439 -0.00960294 0.00118789
v 0.00851334 0.00338738 0.00400608
v 0.00279607 -0.00951057 0.00131573
v 0.00841287 0.00368125 0.00395879
v 0.00306499 -0.00940881 0.00144228
v 0.00830409 0.00397148 0.00390761
v 0.00333089 -0.00929776 0.0015674
v 0.00818712 0.00425779 0.00385257
v 0.00752205 0.00587785 0.00297819
v 0.00498199 -0.00844328 0.00197251
v 0.00522612 -0.00827081 0.00206917
v 0.00734667 0.00612907 0.00290875
v 0.00546509 -0.00809017 0.00216378
v 0.00716405 0.00637424 0.00283645
v 0.00569866 -0.00790155 0.00225626
v 0.00697436 0.00661312 0.00276134
v 0.00592662 -0.00770513 0.00234651
v 0.00677778 0.00684547 0.00268351
v 0.00614872 -0.00750111 0.00243445
v 0.00657451 0.00707107 0.00260303
v 0.00636476 -0.00728969 0.00251999
v 0.00636476 0.00728969 0.00251999
v 0.00657451 -0.00707107 0.00260303
v 0.00614872 0.00750111 0.00243445
v 0.00677778 -0.00684547 0.00268351
v 0.00592662 0.00770513 0.00234651
v 0.00697436 -0.00661312 0.00276134
v 0.00569866 0.00790155 0.00225626
v 0.00716405 -0.00637424 0.00283645
v 0.00546509 0.00809017 0.00216378
v 0.00734667 -0.00612907 0.00290876
v 0.00522612 0.00827081 0.00206917
v 0.00752205 -0.00587785 0.00297819
v 0.00498199 0.00844328 0.00197251
v 0.00769 -0.00562083 0.00304469
v 0.00473295 0.00860742 0.00187391
v 0.00785036 -0.00535827 0.00310818
v 0.00447923 0.00876307 0.00177345
v 0.00800298 -0.00509041 0.0031686
v 0.0042211 0.00891007 0.00167125
v 0.00814769 -0.00481754 0.0032259
v 0.0039588 0.00904827 0.0015674
v 0.00828437 -0.00453991 0.00328001
v 0.00369259 0.00917755 0.001462
v 0.00841287 -0.00425779 0.00333089
v 0.00342274 0.00929776 0.00135516
v 0.00853307 -0.00397148 0.00337848
v 0.00314951 0.00940881 0.00124698
v 0.00864484 -0.00368125 0.00342274
v 0.00287317 0.00951057 0.00113757
v 0.00874809 -0.00338738 0.00346361
v 0.00259399 0.00960294 0.00102703
v 0.0088427 -0.00309017 0.00350107
v 0.00231226 0.00968583 0.00091549
v 0.00892858 -0.00278991 0.00353508
v 0.00202824 0.00975917 0.00080304
v 0.00900566 -0.0024869 0.00356559
v 0.00174223 0.00982287 0.0006898
v 0.00907384 -0.00218143 0.00359259
v 0.00145449 0.00987688 0.00057587
v 0.00913307 -0.00187381 0.00361604
v 0.00116532 0.00992115 0.00046138
v 0.00918329 -0.00156434 0.00363592
v 0.000875 0.00995562 0.00034644
v 0.00922445 -0.00125333 0.00365222
v 0.00058381 0.00998027 0.00023115
v 0.0092565 -0.00094108 0.00366491
v 0.00029205 0.00999506 0.00011563
v 0.00927942 -0.0006279 0.00367398
v 0.00929318 -0.00031411 0.00367943
v 0.00929776 0 0.00368125
v 0.00929318 0.00031411 0.00367943
v 0.00927942 0.00062791 0.00367398
v 0.00029205 -0.00999506 0.00011563
v 0.0092565 0.00094108 0.00366491
v 0.00058381 -0.00998027 0.00023115
v 0.00922445 0.00125333 0.00365222
v 0.000875 -0.00995562 0.00034644
v 0.00918329 0.00156434 0.00363592
v 0.00116532 -0.00992115 0.00046138
v 0.00913307 0.00187381 0.00361604
v 0.00145449 -0.00987688 0.00057587
v 0.00907384 0.00218143 0.00359259
v 0.00174223 -0.00982287 0.0006898
v 0.00900566 0.0024869 0.00356559
v 0.00202824 -0.00975917 0.00080304
v 0.00892858 0.00278991 0.00353508
v 0.00231226 -0.00968583 0.00091549
v 0.0088427 0.00309017 0.00350107
v 0.00259399 -0.00960294 0.00102704
v 0.00874809 0.00338738 0.00346361
v 0.00287317 -0.00951057 0.00113757
v 0.00864484 0.00368125 0.00342273
v 0.00314951 -0.00940881 0.00124698
v 0.00853307 0.00397148 0.00337848
v 0.00342274 -0.00929776 0.00135516
v 0.00841287 0.00425779 0.00333089
v 0.00369259 -0.00917755 0.001462
v 0.00828437 0.00453991 0.00328001
v 0.0039588 -0.00904827 0.0015674
v 0.00814769 0.00481754 0.0032259
v 0.0042211 -0.00891007 0.00167125
v 0.00800298 0.00509041 0.0031686
v 0.00447923 -0.00876307 0.00177345
v 0.00785036 0.00535827 0.00310818
v 0.00473295 -0.00860742 0.00187391
v 0.00769 0.00562083 0.00304469
v 0.00628945 -0.00750111 0.00204357
v 0.00672498 0.00707107 0.00218508
v 0.00651043 -0.00728969 0.00211537
v 0.00651043 0.00728969 0.00211537
v 0.00672498 -0.00707107 0.00218508
v 0.00628945 0.00750111 0.00204357
v 0.0069329 -0.00684547 0.00225264
v 0.00606226 0.00770513 0.00196975
v 0.00713398 -0.00661312 0.00231797
v 0.00582909 0.00790155 0.00189399
v 0.00732802 -0.00637424 0.00238102
v 0.00559017 0.00809017 0.00181635
v 0.00751482 -0.00612907 0.00244171
v 0.00534573 0.00827081 0.00173693
v 0.00769421 -0.00587785 0.0025
v 0.00509602 0.00844328 0.0016558
v 0.007866 -0.00562083 0.00255582
v 0.00484127 0.00860742 0.00157302
v 0.00803004 -0.00535827 0.00260912
v 0.00458175 0.00876307 0.0014887
v 0.00818614 -0.00509041 0.00265984
v 0.00431771 0.00891007 0.00140291
v 0.00833417 -0.00481754 0.00270794
v 0.0040494 0.00904827 0.00131573
v 0.00847397 -0.00453991 0.00275336
v 0.0037771 0.00917755 0.00122725
v 0.00860542 -0.00425779 0.00279607
v 0.00350107 0.00929776 0.00113757
v 0.00872836 -0.00397148 0.00283602
v 0.00322159 0.00940881 0.00104676
v 0.0088427 -0.00368125 0.00287317
v 0.00293893 0.00951057 0.00095491
v 0.00894831 -0.00338738 0.00290748
v 0.00265336 0.00960294 0.00086213
v 0.00904508 -0.00309017 0.00293893
v 0.00236518 0.00968583 0.00076849
v 0.00913293 -0.00278991 0.00296747
v 0.00207467 0.00975917 0.0006741
v 0.00921177 -0.0024869 0.00299309
v 0.0017821 0.00982287 0.00057904
v 0.00928152 -0.00218143 0.00301575
v 0.00148778 0.00987688 0.00048341
v 0.00934211 -0.00187381 0.00303543
v 0.00119199 0.00992115 0.0003873
v 0.00939347 -0.00156434 0.00305213
v 0.00089502 0.00995562 0.00029081
v 0.00943557 -0.00125333 0.0030658
v 0.00059717 0.00998027 0.00019403
v 0.00946836 -0.00094108 0.00307646
v 0.00029873 0.00999506 9.706E-05
v 0.0094918 -0.0006279 0.00308407
v 0.00950587 -0.00031411 0.00308865
v 0.00951056 0 0.00309017
v 0.00950587 0.00031411 0.00308865
v 0.0094918 0.00062791 0.00308407
v 0.00029873 -0.00999506 9.707E-05
v 0.00946836 0.00094108 0.00307646
v 0.00059717 -0.00998027 0.00019403
v 0.00943557 0.00125333 0.0030658
v 0.00089502 -0.00995562 0.00029081
v 0.00939347 0.00156434 0.00305213
v 0.00119199 -0.00992115 0.0003873
v 0.00934211 0.00187381 0.00303543
v 0.00148778 -0.00987688 0.00048341
v 0.00928152 0.00218143 0.00301575
v 0.0017821 -0.00982287 0.00057904
v 0.00921177 0.0024869 0.00299309
v 0.00207467 -0.00975917 0.0006741
v 0.00913293 0.00278991 0.00296747
v 0.00236518 -0.00968583 0.00076849
v 0.00904508 0.00309017 0.00293893
v 0.00265336 -0.00960294 0.00086213
v 0.00894831 0.00338738 0.00290748
v 0.00293893 -0.00951057 0.00095492
v 0.0088427 0.00368125 0.00287317
v 0.00322159 -0.00940881 0.00104676
v 0.00872836 0.00397148 0.00283602
v 0.00350107 -0.00929776 0.00113757
v 0.00860542 0.00425779 0.00279607
v 0.0037771 -0.00917755 0.00122726
v 0.00847397 0.00453991 0.00275336
v 0.0040494 -0.00904827 0.00131573
v 0.00833417 0.00481754 0.00270794
v 0.00431771 -0.00891007 0.00140291
v 0.00818614 0.00509041 0.00265984
v 0.00458175 -0.00876307 0.0014887
v 0.00803004 0.00535827 0.00260912
v 0.00484127 -0.00860742 0.00157303
v 0.007866 0.00562083 0.00255582
v 0.00509602 -0.00844328 0.0016558
v 0.00769421 0.00587785 0.0025
v 0.00534573 -0.00827081 0.00173693
v 0.00751482 0.00612907 0.00244171
v 0.00559017 -0.00809017 0.00181636
v 0.00732802 0.00637424 0.00238102
v 0.00582909 -0.00790155 0.00189399
v 0.00713398 0.00661312 0.00231797
v 0.00606226 -0.00770513 0.00196975
v 0.0069329 0.00684547 0.00225264
v 0.00593651 0.00790155 0.00152424
v 0.00746306 -0.00637424 0.00191619
v 0.00569319 0.00809017 0.00146176
v 0.00765331 -0.00612907 0.00196504
v 0.00544424 0.00827081 0.00139784
v 0.007836 -0.00587785 0.00201195
v 0.00518993 0.00844328 0.00133255
v 0.00801096 -0.00562083 0.00205687
v 0.00493049 0.00860742 0.00126593
v 0.00817802 -0.00535827 0.00209976
v 0.00466618 0.00876307 0.00119807
v 0.008337 -0.00509041 0.00214058
v 0.00439727 0.00891007 0.00112903
v 0.00848776 -0.00481754 0.00217929
v 0.00412403 0.00904827 0.00105887
v 0.00863014 -0.00453991 0.00221584
v 0.00384671 0.00917755 0.00098767
v 0.008764 -0.00425779 0.00225021
v 0.00356559 0.00929776 0.00091549
v 0.00888922 -0.00397148 0.00228236
v 0.00328096 0.00940881 0.00084241
v 0.00900566 -0.00368125 0.00231226
v 0.00299309 0.00951057 0.00076849
v 0.00911321 -0.00338738 0.00233988
v 0.00270226 0.00960294 0.00069382
v 0.00921177 -0.00309017 0.00236518
v 0.00240877 0.00968583 0.00061847
v 0.00930124 -0.00278991 0.00238815
v 0.0021129 0.00975917 0.0005425
v 0.00938153 -0.0024869 0.00240877
v 0.00181494 0.00982287 0.000466
v 0.00945256 -0.00218143 0.002427
v 0.0015152 0.00987688 0.00038904
v 0.00951427 -0.00187381 0.00244285
v 0.00121396 0.00992115 0.00031169
v 0.00956658 -0.00156434 0.00245628
v 0.00091152 0.00995562 0.00023404
v 0.00960946 -0.00125333 0.00246729
v 0.00060818 0.00998027 0.00015615
v 0.00964285 -0.00094108 0.00247586
v 0.00030424 0.00999506 7.811E-05
v 0.00966672 -0.00062791 0.00248199
v 0.00968105 -0.00031411 0.00248567
v 0.00968583 0 0.0024869
v 0.00968105 0.00031411 0.00248567
v 0.00966672 0.00062791 0.00248199
v 0.00030424 -0.00999506 7.812E-05
v 0.00964285 0.00094108 0.00247586
v 0.00060818 -0.00998027 0.00015615
v 0.00960946 0.00125333 0.00246729
v 0.00091152 -0.00995562 0.00023404
v 0.00956658 0.00156434 0.00245628
v 0.00121396 -0.00992115 0.00031169
v 0.00951427 0.00187381 0.00244285
v 0.0015152 -0.00987688 0.00038904
v 0.00945256 0.00218143 0.002427
v 0.00181494 -0.00982287 0.000466
v 0.00938153 0.0024869 0.00240877
v 0.0021129 -0.00975917 0.0005425
v 0.00930124 0.00278991 0.00238815
v 0.00240877 -0.00968583 0.00061847
v 0.00921177 0.00309017 0.00236518
v 0.00270226 -0.00960294 0.00069382
v 0.00911321 0.00338738 0.00233988
v 0.00299309 -0.00951057 0.0007685
v 0.00900566 0.00368125 0.00231226
v 0.00328096 -0.00940881 0.00084241
v 0.00888922 0.00397148 0.00228236
v 0.00356559 -0.00929776 0.00091549
v 0.008764 0.00425779 0.00225021
v 0.00384671 -0.00917755 0.00098767
v 0.00863014 0.00453991 0.00221584
v 0.00412403 -0.00904827 0.00105887
v 0.00848776 0.00481754 0.00217928
v 0.00439727 -0.00891007 0.00112903
v 0.008337 0.00509041 0.00214058
v 0.00466618 -0.00876307 0.00119807
v 0.00817802 0.00535827 0.00209976
v 0.00493049 -0.00860742 0.00126594
v 0.00801096 0.00562083 0.00205687
v 0.00518993 -0.00844328 0.00133255
v 0.007836 0.00587785 0.00201194
v 0.00544424 -0.00827081 0.00139784
v 0.00765331 0.00612907 0.00196504
v 0.00569319 -0.00809017 0.00146176
v 0.00746306 0.00637424 0.00191619
v 0.00593651 -0.00790155 0.00152424
v 0.00726545 0.00661312 0.00186545
v 0.00617398 -0.00770513 0.00158521
v 0.00706067 0.00684547 0.00181287
v 0.00640536 -0.00750111 0.00164462
v 0.00684891 0.00707107 0.0017585
v 0.00663041 -0.00728969 0.0017024
v 0.00663041 0.00728969 0.0017024
v 0.00684891 -0.00707107 0.0017585
v 0.00640536 0.00750111 0.00164462
v 0.00706067 -0.00684547 0.00181287
v 0.00617398 0.00770513 0.00158521
v 0.00726545 -0.00661312 0.00186545
v 0.0047322 0.00876307 0.00090272
v 0.00845496 -0.00509041 0.00161287
v 0.00445949 0.00891007 0.00085069
v 0.00860785 -0.00481754 0.00164203
v 0.00418238 0.00904827 0.00079783
v 0.00875224 -0.00453991 0.00166958
v 0.00390113 0.00917755 0.00074418
v 0.008888 -0.00425779 0.00169548
v 0.00361604 0.00929776 0.0006898
v 0.00901499 -0.00397148 0.0017197
v 0.00332738 0.00940881 0.00063473
v 0.00913307 -0.00368125 0.00174223
v 0.00303543 0.00951057 0.00057904
v 0.00924215 -0.00338738 0.00176304
v 0.00274049 0.00960294 0.00052278
v 0.00934211 -0.00309017 0.0017821
v 0.00244285 0.00968583 0.000466
v 0.00943284 -0.00278991 0.00179941
v 0.00214279 0.00975917 0.00040876
v 0.00951427 -0.0024869 0.00181494
v 0.00184062 0.00982287 0.00035112
v 0.00958631 -0.00218143 0.00182868
v 0.00153664 0.00987688 0.00029313
v 0.00964888 -0.00187381 0.00184062
v 0.00123113 0.00992115 0.00023485
v 0.00970193 -0.00156434 0.00185074
v 0.00092441 0.00995562 0.00017634
v 0.00974542 -0.00125333 0.00185904
v 0.00061678 0.00998027 0.00011766
v 0.00977928 -0.00094108 0.0018655
v 0.00030854 0.00999506 5.886E-05
v 0.00980349 -0.00062791 0.00187012
v 0.00981802 -0.00031411 0.00187289
v 0.00982287 0 0.00187381
v 0.00981802 0.00031411 0.00187289
v 0.00980349 0.00062791 0.00187012
v 0.00030854 -0.00999506 5.886E-05
v 0.00977928 0.00094108 0.0018655
v 0.00061678 -0.00998027 0.00011766
v 0.00974542 0.00125333 0.00185904
v 0.00092441 -0.00995562 0.00017634
v 0.00970193 0.00156434 0.00185074
v 0.00123113 -0.00992115 0.00023485
v 0.00964888 0.00187381 0.00184062
v 0.00153664 -0.00987688 0.00029313
v 0.00958631 0.00218143 0.00182868
v 0.00184062 -0.00982287 0.00035112
v 0.00951427 0.0024869 0.00181494
v 0.00214279 -0.00975917 0.00040876
v 0.00943284 0.00278991 0.00179941
v 0.00244285 -0.00968583 0.000466
v 0.00934211 0.00309017 0.0017821
v 0.00274049 -0.00960294 0.00052278
v 0.00924215 0.00338738 0.00176304
v 0.00303543 -0.00951057 0.00057904
v 0.00913307 0.00368125 0.00174223
v 0.00332738 -0.00940881 0.00063473
v 0.00901499 0.00397148 0.0017197
v 0.00361604 -0.00929776 0.0006898
v 0.008888 0.00425779 0.00169548
v 0.00390113 -0.00917755 0.00074418
v 0.00875224 0.00453991 0.00166958
v 0.00418238 -0.00904827 0.00079783
v 0.00860785 0.00481754 0.00164203
v 0.00445949 -0.00891007 0.00085069
v 0.00845496 0.00509041 0.00161287
v 0.0047322 -0.00876307 0.00090272
v 0.00829373 0.00535827 0.00158211
v 0.00500025 -0.00860742 0.00095385
v 0.00812431 0.00562083 0.00154979
v 0.00526336 -0.00844328 0.00100404
v 0.00794687 0.00587785 0.00151595
v 0.00552127 -0.00827081 0.00105324
v 0.00776159 0.00612907 0.0014806
v 0.00577374 -0.00809017 0.0011014
v 0.00756865 0.00637424 0.0014438
v 0.00602051 -0.00790155 0.00114847
v 0.00736825 0.00661312 0.00140557
v 0.00626133 -0.00770513 0.00119441
v 0.00716057 0.00684547 0.00136595
v 0.00649598 -0.00750111 0.00123918
v 0.00694582 0.00707107 0.00132499
v 0.00672422 -0.00728969 0.00128271
v 0.00672422 0.00728969 0.00128271
v 0.00694582 -0.00707107 0.00132499
v 0.00649598 0.00750111 0.00123917
v 0.00716057 -0.00684547 0.00136595
v 0.00626133 0.00770513 0.00119441
v 0.00736825 -0.00661312 0.00140557
v 0.00602051 0.00790155 0.00114847
v 0.00756865 -0.00637424 0.0014438
v 0.00577374 0.00809017 0.0011014
v 0.00776159 -0.00612907 0.0014806
v 0.00552127 0.00827081 0.00105324
v 0.00794687 -0.00587785 0.00151595
v 0.00526336 0.00844328 0.00100404
v 0.00812431 -0.00562083 0.0015498
v 0.00500025 0.00860742 0.00095385
v 0.00829373 -0.00535827 0.00158211
v 0.00910518 -0.00397148 0.00115025
v 0.00365222 0.00929776 0.00046138
v 0.00336067 0.00940881 0.00042455
v 0.00922445 -0.00368125 0.00116532
v 0.0030658 0.00951057 0.0003873
v 0.00933462 -0.00338738 0.00117924
v 0.00276791 0.00960294 0.00034967
v 0.00943557 -0.00309017 0.00119199
v 0.00246729 0.00968583 0.00031169
v 0.00952721 -0.00278991 0.00120357
v 0.00216423 0.00975917 0.00027341
v 0.00960945 -0.0024869 0.00121396
v 0.00185904 0.00982287 0.00023485
v 0.00968221 -0.00218143 0.00122315
v 0.00155201 0.00987688 0.00019606
v 0.00974541 -0.00187381 0.00123113
v 0.00124345 0.00992115 0.00015708
v 0.009799 -0.00156434 0.0012379
v 0.00093366 0.00995562 0.00011795
v 0.00984292 -0.00125333 0.00124345
v 0.00062295 0.00998027 7.87E-05
v 0.00987712 -0.00094108 0.00124777
v 0.00031163 0.00999506 3.937E-05
v 0.00990157 -0.00062791 0.00125086
v 0.00991625 -0.00031411 0.00125271
v 0.00992114 0 0.00125333
v 0.00991625 0.00031411 0.00125271
v 0.00990157 0.00062791 0.00125086
v 0.00031163 -0.00999506 3.937E-05
v 0.00987712 0.00094108 0.00124777
v 0.00062295 -0.00998027 7.87E-05
v 0.00984292 0.00125333 0.00124345
v 0.00093366 -0.00995562 0.00011795
v 0.009799 0.00156434 0.0012379
v 0.00124345 -0.00992115 0.00015708
v 0.00974541 0.00187381 0.00123113
v 0.00155201 -0.00987688 0.00019607
v 0.00968221 0.00218143 0.00122315
v 0.00185904 -0.00982287 0.00023485
v 0.00960945 0.0024869 0.00121396
v 0.00216423 -0.00975917 0.00027341
v 0.00952721 0.00278991 0.00120357
v 0.00246729 -0.00968583 0.00031169
v 0.00943557 0.00309017 0.00119199
v 0.00276791 -0.00960294 0.00034967
v 0.00933462 0.00338738 0.00117924
v 0.0030658 -0.00951057 0.0003873
v 0.00922445 0.00368125 0.00116532
v 0.00336067 -0.00940881 0.00042455
v 0.00910518 0.00397148 0.00115025
v 0.00365222 -0.00929776 0.00046138
v 0.00897692 0.00425779 0.00113405
v 0.00394016 -0.00917755 0.00049776
v 0.00883981 0.00453991 0.00111673
v 0.00422422 -0.00904827 0.00053364
v 0.00869397 0.00481754 0.0010983
v 0.00450411 -0.00891007 0.000569
v 0.00853955 0.00509041 0.0010788
v 0.00477955 -0.00876307 0.0006038
v 0.0083767 0.00535827 0.00105822
v 0.00505027 -0.00860742 0.000638
v 0.00820559 0.00562083 0.00103661
v 0.00531602 -0.00844328 0.00067157
v 0.00802638 0.00587785 0.00101397
v 0.00557651 -0.00827081 0.00070448
v 0.00783924 0.00612907 0.00099033
v 0.0058315 -0.00809017 0.00073669
v 0.00764437 0.00637424 0.00096571
v 0.00608074 -0.00790155 0.00076818
v 0.00744196 0.00661312 0.00094014
v 0.00632398 -0.00770513 0.0007989
v 0.00723221 0.00684547 0.00091364
v 0.00656097 -0.00750111 0.00082884
v 0.00701531 0.00707107 0.00088624
v 0.00679149 -0.00728969 0.00085797
v 0.00679149 0.00728969 0.00085797
v 0.00701531 -0.00707107 0.00088624
v 0.00656097 0.00750111 0.00082884
v 0.00723221 -0.00684547 0.00091364
v 0.00632398 0.00770513 0.0007989
v 0.00744196 -0.00661312 0.00094014
v 0.00608074 0.00790155 0.00076818
v 0.00764437 -0.00637424 0.00096571
v 0.0058315 0.00809017 0.00073669
v 0.00783924 -0.00612907 0.00099033
v 0.00557651 0.00827081 0.00070448
v 0.00802638 -0.00587785 0.00101397
v 0.00531602 0.00844328 0.00067157
v 0.00820559 -0.00562083 0.00103661
v 0.00505027 0.00860742 0.000638
v 0.0083767 -0.00535827 0.00105822
v 0.00477955 0.00876307 0.0006038
v 0.00853955 -0.00509041 0.0010788
v 0.00450411 0.00891007 0.000569
v 0.00869397 -0.00481754 0.0010983
v 0.00422422 0.00904827 0.00053364
v 0.00883981 -0.00453991 0.00111673
v 0.00394016 0.00917755 0.00049776
v 0.00897692 -0.00425779 0.00113405
v 0.00217713 0.00975917 0.00013697
v 0.00958399 -0.00278991 0.00060297
v 0.00966672 -0.0024869 0.00060818
v 0.00187012 0.00982287 0.00011766
v 0.00973991 -0.00218143 0.00061278
v 0.00156126 0.00987688 9.823E-05
v 0.00980349 -0.00187381 0.00061678
v 0.00125086 0.00992115 7.87E-05
v 0.00985739 -0.00156434 0.00062018
v 0.00093923 0.00995562 5.909E-05
v 0.00990157 -0.00125333 0.00062295
v 0.00062667 0.00998027 3.943E-05
v 0.00993598 -0.00094108 0.00062512
v 0.00031349 0.00999506 1.972E-05
v 0.00996057 -0.00062791 0.00062667
v 0.00997534 -0.00031411 0.0006276
v 0.00998027 0 0.00062791
v 0.00997534 0.00031411 0.0006276
v 0.00996057 0.00062791 0.00062667
v 0.00031349 -0.00999506 1.972E-05
v 0.00993598 0.00094108 0.00062512
v 0.00062667 -0.00998027 3.943E-05
v 0.00990157 0.00125333 0.00062295
v 0.00093923 -0.00995562 5.909E-05
v 0.00985739 0.00156434 0.00062018
v 0.00125086 -0.00992115 7.87E-05
v 0.00980349 0.00187381 0.00061678
v 0.00156126 -0.00987688 9.823E-05
v 0.00973991 0.00218143 0.00061278
v 0.00187012 -0.00982287 0.00011766
v 0.00966672 0.0024869 0.00060818
v 0.00217713 -0.00975917 0.00013697
v 0.00958399 0.00278991 0.00060297
v 0.00248199 -0.00968583 0.00015615
v 0.0094918 0.00309017 0.00059717
v 0.00278441 -0.00960294 0.00017518
v 0.00939024 0.00338738 0.00059078
v 0.00308407 -0.00951057 0.00019403
v 0.00927942 0.00368125 0.00058381
v 0.00338069 -0.00940881 0.0002127
v 0.00915943 0.00397148 0.00057626
v 0.00367398 -0.00929776 0.00023115
v 0.00903042 0.00425779 0.00056814
v 0.00396364 -0.00917755 0.00024937
v 0.00889248 0.00453991 0.00055947
v 0.00424939 -0.00904827 0.00026735
v 0.00874577 0.00481754 0.00055024
v 0.00453095 -0.00891007 0.00028506
v 0.00859043 0.00509041 0.00054046
v 0.00480803 -0.00876307 0.0003025
v 0.00842662 0.00535827 0.00053016
v 0.00508037 -0.00860742 0.00031963
v 0.00825449 0.00562083 0.00051933
v 0.00534769 -0.00844328 0.00033645
v 0.00807421 0.00587785 0.00050799
v 0.00560974 -0.00827081 0.00035294
v 0.00788596 0.00612907 0.00049614
v 0.00586625 -0.00809017 0.00036907
v 0.00768993 0.00637424 0.00048381
v 0.00611698 -0.00790155 0.00038485
v 0.00748631 0.00661312 0.000471
v 0.00636166 -0.00770513 0.00040024
v 0.0072753 0.00684547 0.00045772
v 0.00660007 -0.00750111 0.00041524
v 0.00705711 0.00707107 0.000444
v 0.00683196 -0.00728969 0.00042983
v 0.00683196 0.00728969 0.00042983
v 0.00705711 -0.00707107 0.000444
v 0.00660007 0.00750111 0.00041524
v 0.0072753 -0.00684547 0.00045772
v 0.00636166 0.00770513 0.00040024
v 0.00748631 -0.00661312 0.000471
v 0.00611698 0.00790155 0.00038485
v 0.00768993 -0.00637424 0.00048381
v 0.00586625 0.00809017 0.00036907
v 0.00788596 -0.00612907 0.00049614
v 0.00560974 0.00827081 0.00035293
v 0.00807421 -0.00587785 0.00050799
v 0.00534769 0.00844328 0.00033645
v 0.00825449 -0.00562083 0.00051933
v 0.00508037 0.00860742 0.00031963
v 0.00842662 -0.00535827 0.00053016
v 0.00480803 0.00876307 0.0003025
v 0.00859043 -0.00509041 0.00054047
v 0.00453095 0.00891007 0.00028506
v 0.00874577 -0.00481754 0.00055024
v 0.00424939 0.00904827 0.00026735
v 0.00889248 -0.00453991 0.00055947
v 0.00396364 0.00917755 0.00024937
v 0.00903042 -0.00425779 0.00056814
v 0.00367398 0.00929776 0.00023115
v 0.00915943 -0.00397148 0.00057626
v 0.00338069 0.00940881 0.00021269
v 0.00927942 -0.00368125 0.00058381
v 0.00308407 0.00951057 0.00019403
v 0.00939024 -0.00338738 0.00059078
v 0.00278441 0.00960294 0.00017518
v 0.0094918 -0.00309017 0.00059717
v 0.00248199 0.00968583 0.00015615
v 0.00987688 -0.00156434 0
v 0.00990304 -0.00138056 0
v 0.00094108 0.00995562 -0
v 0.00080189 0.00996657 -0
v 0.00992115 -0.00125333 0
v 0.00995562 -0.00094108 0
v 0.00062791 0.00998027 -0
v 0.00031411 0.00999506 -0
v 0.00998027 -0.00062791 0
v 0.00999506 -0.00031411 0
v 0.00999593 -0.00025868 0
v 0.01 0 0
v 0.00999593 0.00025868 -0
v 0.00999506 0.00031411 -0
v 0.00998027 0.00062791 -0
v 0.00031411 -0.00999506 0
v 0.00995562 0.00094108 -0
v 0.00062791 -0.00998027 0
v 0.00992115 0.00125333 -0
v 0.00080189 -0.00996657 0
v 0.00990304 0.00138056 -0
v 0.00094108 -0.00995562 0
v 0.00101047 -0.00994796 0
v 0.00987688 0.00156434 0
v 0.00984763 0.00173197 -0
v 0.00125333 -0.00992115 0
v 0.0013284 -0.00991046 0
v 0.00982287 0.00187381 -0
v 0.00975917 0.00218143 -0
v 0.00156434 -0.00987688 0
v 0.00173455 -0.00984718 0
v 0.00969903 0.00243192 -0
v 0.00187381 -0.00982287 0
v 0.00201953 -0.0097927 0
v 0.00968583 0.0024869 0
v 0.00960294 0.00278991 0
v 0.00218143 -0.00975917 0
v 0.00230611 -0.00972923 0
v 0.00951056 0.00309017 0
v 0.0024869 -0.00968583 0
v 0.00278991 -0.00960294 0
v 0.00940881 0.00338738 0
v 0.00293486 -0.00955834 0
v 0.00934349 0.00356024 -0
v 0.00309017 -0.00951057 0
v 0.00317429 -0.00948177 0
v 0.00917754 0.00397148 -0
v 0.00338738 -0.00940881 0
v 0.00359041 -0.00933209 0
v 0.00904827 0.00425779 -0
v 0.00368125 -0.00929776 0
v 0.00389577 -0.00920891 0
v 0.00893552 0.00448794 -0
v 0.00425779 -0.00904827 0
v 0.00397148 -0.00917755 0
v 0.00891006 0.00453991 -0
v 0.00887791 0.00460064 -0
v 0.0045399 -0.00891007 0
v 0.00876307 0.00481754 -0
v 0.00864862 0.00501818 -0
v 0.00457957 -0.00888907 0
v 0.00860742 0.00509041 -0
v 0.00852052 0.00523222 -0
v 0.00509041 -0.00860742 0
v 0.00844328 0.00535827 -0
v 0.00835704 0.00548955 -0
v 0.00535827 -0.00844328 0
v 0.00809017 0.00587785 0
v 0.00542391 -0.00840016 0
v 0.00790155 0.00612907 0
v 0.00587785 -0.00809017 0
v 0.00562083 -0.00827081 0
v 0.00774151 0.00632884 -0
v 0.00611429 -0.00791265 0
v 0.00770513 0.00637424 -0
v 0.00750111 0.00661312 -0
v 0.00612907 -0.00790155 0
v 0.00613929 -0.00789337 0
v 0.00728969 0.00684547 -0
v 0.00661312 -0.00750111 0
v 0.00637424 -0.00770513 0
v 0.00719967 0.00693836 -0
v 0.00684547 -0.00728969 0
v 0.00684547 0.00728969 -0
v 0.00707107 -0.00707107 0
v 0.00661312 0.00750111 -0
v 0.00719967 -0.00693836 0
v 0.00637424 0.00770513 -0
v 0.00728969 -0.00684547 0
v 0.00750111 -0.00661312 0
v 0.00613929 0.00789337 -0
v 0.00770513 -0.00637424 0
v 0.00612907 0.00790155 -0
v 0.00611429 0.00791265 -0
v 0.00774151 -0.00632884 0
v 0.00587785 0.00809017 -0
v 0.00562083 0.00827081 -0
v 0.00809017 -0.00587785 0
v 0.00542391 0.00840016 -0
v 0.00827081 -0.00562083 0
v 0.00509041 0.00860742 -0
v 0.00835704 -0.00548955 0
v 0.00481754 0.00876307 -0
v 0.00844328 -0.00535827 0
v 0.00852052 -0.00523222 0
v 0.00457957 0.00888907 -0
v 0.00860742 -0.00509041 0
v 0.00864862 -0.00501818 0
v 0.0045399 0.00891007 -0
v 0.00425779 0.00904827 -0
v 0.00876307 -0.00481754 0
v 0.00887791 -0.00460064 0
v 0.00397148 0.00917755 -0
v 0.00891006 -0.00453991 0
v 0.00893552 -0.00448794 0
v 0.00389577 0.00920891 -0
v 0.00917754 -0.00397148 0
v 0.00368125 0.00929776 -0
v 0.00359041 0.00933209 -0
v 0.00929776 -0.00368125 0
v 0.00338738 0.00940881 -0
v 0.00317429 0.00948177 -0
v 0.00934349 -0.00356024 0
v 0.00309017 0.00951057 -0
v 0.00293486 0.00955834 -0
v 0.00951056 -0.00309017 0
v 0.0024869 0.00968583 -0
v 0.00960294 -0.00278991 0
v 0.00230611 0.00972923 -0
v 0.00968583 -0.0024869 0
v 0.00218143 0.00975917 -0
v 0.00201953 0.0097927 -0
v 0.00969903 -0.00243192 0
v 0.00187381 0.00982287 -0
v 0.00173455 0.00984718 -0
v 0.00982287 -0.00187381 0
v 0.00975917 -0.00218143 0
v 0.00156434 0.00987688 -0
v 0.0013284 0.00991046 -0
v 0.00984763 -0.00173197 0
v 0.00125333 0.00992115 -0
v 0.00101047 0.00994796 -0
v 0.00612907 0.00790155 -0
v 0.00790155 -0.00612907 0
v 0.00790155 -0.00612907 0
v 0.00809017 -0.00587785 0
v 0.00535827 0.00844328 -0
v 0.00535827 0.00844328 -0
v 0.00827081 -0.00562083 0
v 0.00509041 0.00860742 -0
v 0.00481754 0.00876307 -0
v 0.00860742 -0.00509041 0
v 0.00891006 -0.00453991 0
v 0.00368125 0.00929776 -0
v 0.00309017 0.00951057 -0
v 0.00940881 -0.00338738 0
v 0.00940881 -0.00338738 0
v 0.00951056 -0.00309017 0
v 0.00960294 -0.00278991 0
v 0.00218143 0.00975917 -0
v 0.00968583 -0.0024869 0
v 0.00156434 0.00987688 -0
v 0.00987688 -0.00156434 0
v 0.00094108 0.00995562 -0
v 0.01 0 0
v 0.00094108 -0.00995562 0
v 0.00987688 0.00156434 -0
v 0.00156434 -0.00987688 0
v 0.00968583 0.0024869 -0
v 0.00218143 -0.00975917 0
v 0.00960294 0.00278991 -0
v 0.00951056 0.00309017 -0
v 0.00940881 0.00338738 -0
v 0.00309017 -0.00951057 0
v 0.00368125 -0.00929776 0
v 0.00891006 0.00453991 -0
v 0.00860742 0.00509041 -0
v 0.00481754 -0.00876307 0
v 0.00481754 -0.00876307 0
v 0.00509041 -0.00860742 0
v 0.00827081 0.00562083 -0
v 0.00827081 0.00562083 -0
v 0.00535827 -0.00844328 0
v 0.00809017 0.00587785 -0
v 0.00790155 0.00612907 -0
v 0.00612907 -0.00790155 0
v 0.00707107 0.00707107 -0
v 0.00707107 0.00707107 -0
v 0.00684547 -0.00728969 0
v 0.00684547 0.00728969 -0
v 0.00707107 -0.00707107 0
v -0.0024869 -0.00968583 0
v -0.00278991 -0.00960294 0
v -0.00278991 -0.00960294 0
v -0.00284803 -0.00958506 0
v -0.00934349 0.00356024 -0
v -0.00929776 0.00368125 0
v -0.00929776 0.00368125 -0
v -0.00338738 -0.00940881 0
v -0.00338738 -0.00940881 0
v -0.00319944 -0.00947315 0
v -0.00917754 0.00397148 0
v -0.00917754 0.00397148 -0
v -0.00357321 -0.00933859 0
v -0.00904827 0.00425779 0
v -0.00904827 0.00425779 -0
v -0.00397148 -0.00917755 0
v -0.00397148 -0.00917755 0
v -0.00377799 -0.00925769 0
v -0.00891007 0.00453991 0
v -0.00891007 0.00453991 -0
v -0.00425779 -0.00904827 0
v -0.00425779 -0.00904827 0
v -0.00876307 0.00481754 0
v -0.00876307 0.00481754 -0
v -0.00453991 -0.00891007 0
v -0.00453991 -0.00891007 0
v -0.00871035 0.00490996 -0
v -0.00481753 -0.00876307 0
v -0.00481753 -0.00876307 0
v -0.00851395 0.00524294 -0
v -0.00844328 0.00535827 0
v -0.00844328 0.00535827 -0
v -0.00492079 -0.00870417 0
v -0.00827081 0.00562083 -0
v -0.00827081 0.00562083 -0
v -0.00809018 0.00587785 0
v -0.00809018 0.00587785 -0
v -0.00562083 -0.00827081 0
v -0.00562083 -0.00827081 0
v -0.00542391 -0.00840016 0
v -0.0079487 0.00606627 -0
v -0.00587785 -0.00809017 0
v -0.00587785 -0.00809017 0
v -0.0060963 -0.00792615 0
v -0.00763613 0.00645504 -0
v -0.00750112 0.00661312 0
v -0.00750112 0.00661312 -0
v -0.00637423 -0.00770513 0
v -0.00637423 -0.00770513 0
v -0.00614658 -0.00788752 0
v -0.00731815 0.00681419 -0
v -0.00661312 -0.00750111 0
v -0.00720914 0.00692859 -0
v -0.00707106 0.00707107 -0
v -0.00707106 0.00707107 -0
v -0.00700504 0.00713505 -0
v -0.00707106 -0.00707107 0
v -0.00707106 -0.00707107 0
v -0.00700504 -0.00713505 0
v -0.00720914 -0.00692859 0
v -0.00637423 0.00770513 0
v -0.00637423 0.00770513 -0
v -0.00661312 0.00750111 -0
v -0.00731815 -0.00681419 0
v -0.00750112 -0.00661312 0
v -0.00750112 -0.00661312 0
v -0.00614658 0.00788752 -0
v -0.00763613 -0.00645504 0
v -0.00587785 0.00809017 -0
v -0.0060963 0.00792615 -0
v -0.00587785 0.00809017 0
v -0.00562083 0.00827081 -0
v -0.0079487 -0.00606627 0
v -0.00809018 -0.00587785 0
v -0.00809018 -0.00587785 0
v -0.00562083 0.00827081 -0
v -0.00542391 0.00840016 -0
v -0.00827081 -0.00562083 0
v -0.00827081 -0.00562083 0
v -0.00844328 -0.00535827 0
v -0.00844328 -0.00535827 0
v -0.00481753 0.00876307 -0
v -0.00492079 0.00870417 -0
v -0.00481753 0.00876307 -0
v -0.00851395 -0.00524294 0
v -0.00453991 0.00891007 -0
v -0.00871035 -0.00490996 0
v -0.00876307 -0.00481754 0
v -0.00876307 -0.00481754 0
v -0.00453991 0.00891007 -0
v -0.00425779 0.00904827 -0
v -0.00891007 -0.00453991 0
v -0.00891007 -0.00453991 0
v -0.00425779 0.00904827 0
v -0.00397148 0.00917755 -0
v -0.00904827 -0.00425779 0
v -0.00904827 -0.00425779 0
v -0.00397148 0.00917755 0
v -0.00377799 0.00925769 -0
v -0.00917754 -0.00397148 0
v -0.00917754 -0.00397148 0
v -0.00338738 0.00940881 -0
v -0.00357321 0.00933859 -0
v -0.00338738 0.00940881 0
v -0.00929776 -0.00368125 0
v -0.00929776 -0.00368125 0
v -0.00319944 0.00947315 -0
v -0.00934349 -0.00356024 0
v -0.00278991 0.00960294 -0
v -0.00284803 0.00958506 -0
v -0.00278991 0.00960294 -0
v -0.0024869 0.00968583 -0
v -0.0024869 0.00968583 -0
v -0.00221695 0.00975064 -0
v -0.00963747 -0.00266366 0
v -0.00968583 -0.0024869 0
v -0.00968583 -0.0024869 0
v -0.00975917 -0.00218143 0
v -0.00975917 -0.00218143 0
v -0.00982287 -0.00187381 0
v -0.00982287 -0.00187381 0
v -0.00125333 0.00992115 -0
v -0.00131217 0.00991277 -0
v -0.00125333 0.00992115 -0
v -0.00987189 -0.00159291 0
v -0.00113829 0.00993385 -0
v -0.00062791 0.00998027 -0
v -0.00077405 0.00996876 -0
v -0.00062791 0.00998027 -0
v -0.00994258 -0.00105923 0
v -0.00995562 -0.00094108 0
v -0.00995562 -0.00094108 0
v -0.00031411 0.00999506 -0
v -0.00998027 -0.00062791 0
v -0.00998027 -0.00062791 0
v -0.00031411 0.00999506 -0
v -0.00999237 -0.00037116 0
v -0.00999605 -0.00025129 0
v -0.00999999 0 0
v -0.00999999 0 0
v -0.00999605 0.00025129 -0
v -0.00999237 0.00037116 -0
v -0.00998027 0.00062791 0
v -0.00998027 0.00062791 -0
v -0.00031411 -0.00999506 0
v -0.00031411 -0.00999506 0
v -0.00995562 0.00094108 0
v -0.00995562 0.00094108 -0
v -0.00062791 -0.00998027 0
v -0.00062791 -0.00998027 0
v -0.00994258 0.00105923 -0
v -0.00077405 -0.00996876 0
v -0.00125333 -0.00992115 0
v -0.00125333 -0.00992115 0
v -0.00113829 -0.00993385 0
v -0.00987189 0.00159291 -0
v -0.00982287 0.00187381 0
v -0.00982287 0.00187381 -0
v -0.00131217 -0.00991277 0
v -0.00975917 0.00218143 0
v -0.00975917 0.00218143 -0
v -0.00968583 0.0024869 0
v -0.00968583 0.0024869 -0
v -0.00963747 0.00266366 -0
v -0.0024869 -0.00968583 0
v -0.00221695 -0.00975064 0
v -0.00396364 -0.00917755 0.00024937
v -0.00903042 0.00425779 0.00056815
v -0.00889248 0.00453991 0.00055947
v -0.00424939 -0.00904827 0.00026735
v -0.00874578 0.00481754 0.00055024
v -0.00453095 -0.00891007 0.00028506
v -0.00859043 0.00509041 0.00054046
v -0.00860742 0.00509041 -0
v -0.00480803 -0.00876307 0.0003025
v -0.00842662 0.00535827 0.00053016
v -0.00508037 -0.00860742 0.00031963
v -0.00825449 0.00562083 0.00051933
v -0.00535827 -0.00844328 0
v -0.00509041 -0.00860742 0
v -0.00807421 0.00587785 0.00050799
v -0.00560974 -0.00827081 0.00035294
v -0.00788595 0.00612907 0.00049614
v -0.00790155 0.00612907 -0
v -0.00586625 -0.00809017 0.00036907
v -0.00768993 0.00637424 0.00048381
v -0.00770513 0.00637424 -0
v -0.00611698 -0.00790155 0.00038485
v -0.00748632 0.00661312 0.000471
v -0.00636166 -0.00770513 0.00040024
v -0.0072753 0.00684547 0.00045772
v -0.00728969 0.00684547 -0
v -0.00660007 -0.00750111 0.00041524
v -0.00705711 0.00707107 0.000444
v -0.00683197 -0.00728969 0.00042983
v -0.00684547 -0.00728969 0
v -0.00683197 0.00728969 0.00042983
v -0.00684547 0.00728969 -0
v -0.00705711 -0.00707107 0.000444
v -0.0072753 -0.00684547 0.00045772
v -0.00728969 -0.00684547 0
v -0.00660007 0.00750111 0.00041524
v -0.00636166 0.00770513 0.00040024
v -0.00748632 -0.00661312 0.000471
v -0.00611698 0.00790155 0.00038485
v -0.00612907 0.00790155 -0
v -0.00768993 -0.00637424 0.00048381
v -0.00770513 -0.00637424 0
v -0.00586625 0.00809017 0.00036907
v -0.00790155 -0.00612907 0
v -0.00560974 0.00827081 0.00035293
v -0.00807421 -0.00587785 0.00050799
v -0.00534769 0.00844328 0.00033645
v -0.00535827 0.00844328 -0
v -0.00825449 -0.00562083 0.00051933
v -0.00508037 0.00860742 0.00031963
v -0.00509041 0.00860742 -0
v -0.00842662 -0.00535827 0.00053016
v -0.00480803 0.00876307 0.0003025
v -0.00859043 -0.00509041 0.00054046
v -0.00860742 -0.00509041 0
v -0.00453095 0.00891007 0.00028506
v -0.00874578 -0.00481754 0.00055024
v -0.00424939 0.00904827 0.00026735
v -0.00889248 -0.00453991 0.00055947
v -0.00396364 0.00917755 0.00024937
v -0.00903042 -0.00425779 0.00056815
v -0.00367398 0.00929776 0.00023115
v -0.00368125 0.00929776 -0
v -0.00915943 -0.00397148 0.00057627
v -0.00338069 0.00940881 0.0002127
v -0.00927942 -0.00368125 0.00058381
v -0.00308407 0.00951057 0.00019403
v -0.00309017 0.00951057 -0
v -0.00939024 -0.00338738 0.00059078
v -0.00940881 -0.00338738 0
v -0.00278441 0.00960294 0.00017518
v -0.0094918 -0.00309017 0.00059717
v -0.00951056 -0.00309017 0
v -0.00248199 0.00968583 0.00015615
v -0.00960293 -0.00278991 0
v -0.00217713 0.00975917 0.00013697
v -0.00218143 0.00975917 -0
v -0.00966671 -0.0024869 0.00060818
v -0.00187381 0.00982287 -0
v -0.00973991 -0.00218143 0.00061279
v -0.00187012 0.00982287 0.00011766
v -0.00156434 0.00987688 -0
v -0.00980348 -0.00187381 0.00061679
v -0.00125086 0.00992115 7.87E-05
v -0.00156126 0.00987688 9.822E-05
v -0.00985739 -0.00156434 0.00062017
v -0.00987688 -0.00156434 0
v -0.00093923 0.00995562 5.909E-05
v -0.00094108 0.00995562 -0
v -0.00990158 -0.00125333 0.00062295
v -0.00992115 -0.00125333 0
v -0.00062667 0.00998027 3.943E-05
v -0.00993598 -0.00094108 0.00062512
v -0.00031349 0.00999506 1.972E-05
v -0.00996057 -0.00062791 0.00062667
v -0.00997534 -0.00031411 0.0006276
v -0.00999506 -0.00031411 0
v -0.00998026 0 0.00062791
v -0.00997534 0.00031411 0.0006276
v -0.00999506 0.00031411 -0
v -0.00996057 0.00062791 0.00062667
v -0.00031349 -0.00999506 1.972E-05
v -0.00993598 0.00094108 0.00062512
v -0.00062667 -0.00998027 3.943E-05
v -0.00990158 0.00125333 0.00062295
v -0.00992115 0.00125333 -0
v -0.00093923 -0.00995562 5.909E-05
v -0.00987688 0.00156434 -0
v -0.00125086 -0.00992115 7.87E-05
v -0.00980348 0.00187381 0.00061679
v -0.00156126 -0.00987688 9.823E-05
v -0.00973991 0.00218143 0.00061279
v -0.00156434 -0.00987688 0
v -0.00187012 -0.00982287 0.00011766
v -0.00187381 -0.00982287 0
v -0.00966671 0.0024869 0.00060818
v -0.00217713 -0.00975917 0.00013697
v -0.00218143 -0.00975917 0
v -0.00958398 0.00278991 0.00060297
v -0.00960293 0.00278991 -0
v -0.00248199 -0.00968583 0.00015616
v -0.0094918 0.00309017 0.00059717
v -0.00951056 0.00309017 -0
v -0.00278441 -0.00960294 0.00017518
v -0.00940881 0.00338738 -0
v -0.00308407 -0.00951057 0.00019403
v -0.00927942 0.00368125 0.00058381
v -0.00338069 -0.00940881 0.0002127
v -0.00915943 0.00397148 0.00057626
v -0.00367398 -0.00929776 0.00023115
v -0.00820559 0.00562083 0.00103661
v -0.00534769 -0.00844328 0.00033645
v -0.00505027 -0.00860742 0.000638
v -0.00531602 -0.00844328 0.00067157
v -0.00802638 0.00587785 0.00101397
v -0.0055765 -0.00827081 0.00070448
v -0.00783924 0.00612907 0.00099033
v -0.0058315 -0.00809017 0.00073669
v -0.00764438 0.00637424 0.00096571
v -0.00608074 -0.00790155 0.00076818
v -0.00744197 0.00661312 0.00094014
v -0.00632397 -0.00770513 0.00079891
v -0.00723221 0.00684547 0.00091364
v -0.00656097 -0.00750111 0.00082884
v -0.00701531 0.00707107 0.00088624
v -0.0067915 -0.00728969 0.00085796
v -0.0067915 0.00728969 0.00085796
v -0.00701531 -0.00707107 0.00088624
v -0.00656097 0.00750111 0.00082884
v -0.00723221 -0.00684547 0.00091364
v -0.00632397 0.00770513 0.0007989
v -0.00744197 -0.00661312 0.00094014
v -0.00608074 0.00790155 0.00076818
v -0.00764438 -0.00637424 0.00096571
v -0.0058315 0.00809017 0.00073669
v -0.00788595 -0.00612907 0.00049614
v -0.00783924 -0.00612907 0.00099033
v -0.0055765 0.00827081 0.00070448
v -0.00802638 -0.00587785 0.00101397
v -0.00531602 0.00844328 0.00067157
v -0.00820559 -0.00562083 0.00103661
v -0.00505027 0.00860742 0.000638
v -0.0083767 -0.00535827 0.00105823
v -0.00477955 0.00876307 0.0006038
v -0.00853955 -0.00509041 0.00107879
v -0.00450411 0.00891007 0.000569
v -0.00869397 -0.00481754 0.0010983
v -0.00422422 0.00904827 0.00053364
v -0.00883981 -0.00453991 0.00111673
v -0.00394016 0.00917755 0.00049776
v -0.00897693 -0.00425779 0.00113405
v -0.00365222 0.00929776 0.00046138
v -0.00910517 -0.00397148 0.00115025
v -0.00336067 0.00940881 0.00042455
v -0.00922445 -0.00368125 0.00116532
v -0.00306581 0.00951057 0.0003873
v -0.00933462 -0.00338738 0.00117924
v -0.00276791 0.00960294 0.00034967
v -0.00943557 -0.00309017 0.00119199
v -0.00246729 0.00968583 0.00031169
v -0.00958398 -0.00278991 0.00060297
v -0.00952721 -0.00278991 0.00120357
v -0.00216423 0.00975917 0.00027341
v -0.00960945 -0.0024869 0.00121396
v -0.00185904 0.00982287 0.00023485
v -0.00968222 -0.00218143 0.00122315
v -0.00155201 0.00987688 0.00019606
v -0.00974541 -0.00187381 0.00123113
v -0.00124345 0.00992115 0.00015708
v -0.009799 -0.00156434 0.0012379
v -0.00093366 0.00995562 0.00011795
v -0.00984292 -0.00125333 0.00124345
v -0.00062295 0.00998027 7.87E-05
v -0.00987712 -0.00094108 0.00124777
v -0.00031163 0.00999506 3.937E-05
v -0.00990157 -0.00062791 0.00125086
v -0.00991625 -0.00031411 0.00125271
v -0.00992114 0 0.00125333
v -0.00991625 0.00031411 0.00125271
v -0.00990157 0.00062791 0.00125086
v -0.00031163 -0.00999506 3.937E-05
v -0.00987712 0.00094108 0.00124777
v -0.00062295 -0.00998027 7.87E-05
v -0.00984292 0.00125333 0.00124345
v -0.00093366 -0.00995562 0.00011795
v -0.00985739 0.00156434 0.00062017
v -0.009799 0.00156434 0.0012379
v -0.00124345 -0.00992115 0.00015709
v -0.00974541 0.00187381 0.00123113
v -0.00155201 -0.00987688 0.00019606
v -0.00968222 0.00218143 0.00122315
v -0.00185904 -0.00982287 0.00023485
v -0.00960945 0.0024869 0.00121396
v -0.00216423 -0.00975917 0.00027341
v -0.00952721 0.00278991 0.00120357
v -0.00246729 -0.00968583 0.00031169
v -0.00943557 0.00309017 0.00119199
v -0.00276791 -0.00960294 0.00034967
v -0.00939024 0.00338738 0.00059078
v -0.00933462 0.00338738 0.00117924
v -0.00306581 -0.00951057 0.0003873
v -0.00922445 0.00368125 0.00116532
v -0.00336067 -0.00940881 0.00042455
v -0.00910517 0.00397148 0.00115025
v -0.00365222 -0.00929776 0.00046138
v -0.00897693 0.00425779 0.00113405
v -0.00394016 -0.00917755 0.00049776
v -0.00883981 0.00453991 0.00111673
v -0.00422422 -0.00904827 0.00053364
v -0.00869397 0.00481754 0.0010983
v -0.00450411 -0.00891007 0.000569
v -0.00853955 0.00509041 0.00107879
v -0.00477955 -0.00876307 0.0006038
v -0.0083767 0.00535827 0.00105822
v -0.00602051 -0.00790155 0.00114847
v -0.00626133 -0.00770513 0.00119441
v -0.00716057 0.00684547 0.00136595
v -0.00649598 -0.00750111 0.00123918
v -0.00694581 0.00707107 0.00132499
v -0.00672422 -0.00728969 0.00128271
v -0.00672422 0.00728969 0.00128271
v -0.00694581 -0.00707107 0.00132499
v -0.00649598 0.00750111 0.00123917
v -0.00716057 -0.00684547 0.00136595
v -0.00626133 0.00770513 0.00119441
v -0.00736825 -0.00661312 0.00140557
v -0.00602051 0.00790155 0.00114847
v -0.00756865 -0.00637424 0.0014438
v -0.00577374 0.00809017 0.0011014
v -0.00776159 -0.00612907 0.0014806
v -0.00552127 0.00827081 0.00105324
v -0.00794688 -0.00587785 0.00151595
v -0.00526336 0.00844328 0.00100404
v -0.00812431 -0.00562083 0.0015498
v -0.00500025 0.00860742 0.00095385
v -0.00829372 -0.00535827 0.00158211
v -0.0047322 0.00876307 0.00090272
v -0.00845496 -0.00509041 0.00161287
v -0.00445949 0.00891007 0.00085069
v -0.00860785 -0.00481754 0.00164204
v -0.00418238 0.00904827 0.00079783
v -0.00875224 -0.00453991 0.00166958
v -0.00390113 0.00917755 0.00074418
v -0.008888 -0.00425779 0.00169548
v -0.00361604 0.00929776 0.0006898
v -0.00901498 -0.00397148 0.0017197
v -0.00332738 0.00940881 0.00063473
v -0.00913308 -0.00368125 0.00174223
v -0.00303544 0.00951057 0.00057904
v -0.00924215 -0.00338738 0.00176303
v -0.0027405 0.00960294 0.00052278
v -0.00934211 -0.00309017 0.0017821
v -0.00244285 0.00968583 0.000466
v -0.00943284 -0.00278991 0.00179941
v -0.00214279 0.00975917 0.00040876
v -0.00951426 -0.0024869 0.00181494
v -0.00184062 0.00982287 0.00035112
v -0.00958631 -0.00218143 0.00182869
v -0.00153664 0.00987688 0.00029313
v -0.00964888 -0.00187381 0.00184062
v -0.00123113 0.00992115 0.00023485
v -0.00970193 -0.00156434 0.00185074
v -0.00092441 0.00995562 0.00017634
v -0.00974542 -0.00125333 0.00185904
v -0.00061678 0.00998027 0.00011766
v -0.00977928 -0.00094108 0.0018655
v -0.00030854 0.00999506 5.886E-05
v -0.00980349 -0.00062791 0.00187012
v -0.00981802 -0.00031411 0.00187289
v -0.00982287 0 0.00187381
v -0.00981802 0.00031411 0.00187289
v -0.00980349 0.00062791 0.00187012
v -0.00030854 -0.00999506 5.886E-05
v -0.00977928 0.00094108 0.0018655
v -0.00061678 -0.00998027 0.00011766
v -0.00974542 0.00125333 0.00185904
v -0.00092441 -0.00995562 0.00017634
v -0.00970193 0.00156434 0.00185074
v -0.00123113 -0.00992115 0.00023485
v -0.00964888 0.00187381 0.00184062
v -0.00153664 -0.00987688 0.00029313
v -0.00958631 0.00218143 0.00182869
v -0.00184062 -0.00982287 0.00035112
v -0.00951426 0.0024869 0.00181494
v -0.00214279 -0.00975917 0.00040876
v -0.00943284 0.00278991 0.00179941
v -0.00244285 -0.00968583 0.000466
v -0.00934211 0.00309017 0.0017821
v -0.0027405 -0.00960294 0.00052278
v -0.00924215 0.00338738 0.00176303
v -0.00303544 -0.00951057 0.00057904
v -0.00913308 0.00368125 0.00174223
v -0.00332738 -0.00940881 0.00063473
v -0.00901498 0.00397148 0.0017197
v -0.00361604 -0.00929776 0.0006898
v -0.008888 0.00425779 0.00169548
v -0.00390113 -0.00917755 0.00074418
v -0.00875224 0.00453991 0.00166958
v -0.00418238 -0.00904827 0.00079783
v -0.00860785 0.00481754 0.00164204
v -0.00445949 -0.00891007 0.00085069
v -0.00845496 0.00509041 0.00161287
v -0.0047322 -0.00876307 0.00090272
v -0.00829372 0.00535827 0.00158211
v -0.00500025 -0.00860742 0.00095385
v -0.00812431 0.00562083 0.00154979
v -0.00526336 -0.00844328 0.00100404
v -0.00794688 0.00587785 0.00151595
v -0.00552127 -0.00827081 0.00105324
v -0.00776159 0.00612907 0.0014806
v -0.00577374 -0.00809017 0.0011014
v -0.00756865 0.00637424 0.0014438
v -0.00736825 0.00661312 0.00140557
v -0.00640535 0.00750111 0.00164462
v -0.00617398 0.00770513 0.00158521
v -0.00706067 -0.00684547 0.00181287
v -0.00726546 -0.00661312 0.00186545
v -0.00593652 0.00790155 0.00152424
v -0.00746306 -0.00637424 0.00191619
v -0.00569318 0.00809017 0.00146176
v -0.0076533 -0.00612907 0.00196503
v -0.00544424 0.00827081 0.00139784
v -0.00783601 -0.00587785 0.00201195
v -0.00518993 0.00844328 0.00133255
v -0.00801097 -0.00562083 0.00205687
v -0.00493049 0.00860742 0.00126593
v -0.00817802 -0.00535827 0.00209976
v -0.00466618 0.00876307 0.00119807
v -0.008337 -0.00509041 0.00214058
v -0.00439728 0.00891007 0.00112903
v -0.00848776 -0.00481754 0.00217929
v -0.00412403 0.00904827 0.00105887
v -0.00863014 -0.00453991 0.00221585
v -0.00384671 0.00917755 0.00098767
v -0.00876401 -0.00425779 0.00225022
v -0.00356559 0.00929776 0.00091549
v -0.00888921 -0.00397148 0.00228236
v -0.00328096 0.00940881 0.00084241
v -0.00900566 -0.00368125 0.00231226
v -0.00299309 0.00951057 0.00076849
v -0.00911321 -0.00338738 0.00233988
v -0.00270226 0.00960294 0.00069382
v -0.00921177 -0.00309017 0.00236518
v -0.00240877 0.00968583 0.00061847
v -0.00930124 -0.00278991 0.00238815
v -0.0021129 0.00975917 0.0005425
v -0.00938153 -0.0024869 0.00240877
v -0.00181495 0.00982287 0.000466
v -0.00945257 -0.00218143 0.00242701
v -0.0015152 0.00987688 0.00038904
v -0.00951426 -0.00187381 0.00244285
v -0.00121396 0.00992115 0.00031169
v -0.00956658 -0.00156434 0.00245628
v -0.00091152 0.00995562 0.00023404
v -0.00960946 -0.00125333 0.00246729
v -0.00060818 0.00998027 0.00015615
v -0.00964285 -0.00094108 0.00247586
v -0.00030424 0.00999506 7.811E-05
v -0.00966672 -0.00062791 0.00248199
v -0.00968105 -0.00031411 0.00248567
v -0.00968583 0 0.0024869
v -0.00968105 0.00031411 0.00248567
v -0.00966672 0.00062791 0.00248199
v -0.00030424 -0.00999506 7.812E-05
v -0.00964285 0.00094108 0.00247586
v -0.00060818 -0.00998027 0.00015615
v -0.00960946 0.00125333 0.00246729
v -0.00091152 -0.00995562 0.00023404
v -0.00956658 0.00156434 0.00245628
v -0.00121396 -0.00992115 0.00031169
v -0.00951426 0.00187381 0.00244285
v -0.0015152 -0.00987688 0.00038904
v -0.00945257 0.00218143 0.00242701
v -0.00181495 -0.00982287 0.000466
v -0.00938153 0.0024869 0.00240877
v -0.0021129 -0.00975917 0.0005425
v -0.00930124 0.00278991 0.00238815
v -0.00240877 -0.00968583 0.00061847
v -0.00921177 0.00309017 0.00236518
v -0.00270226 -0.00960294 0.00069382
v -0.00911321 0.00338738 0.00233987
v -0.00299309 -0.00951057 0.00076849
v -0.00900566 0.00368125 0.00231226
v -0.00328096 -0.00940881 0.00084241
v -0.00888921 0.00397148 0.00228236
v -0.00356559 -0.00929776 0.00091549
v -0.00876401 0.00425779 0.00225022
v -0.00384671 -0.00917755 0.00098767
v -0.00863014 0.00453991 0.00221584
v -0.00412403 -0.00904827 0.00105887
v -0.00848776 0.00481754 0.00217929
v -0.00439728 -0.00891007 0.00112903
v -0.008337 0.00509041 0.00214058
v -0.00466618 -0.00876307 0.00119807
v -0.00817802 0.00535827 0.00209976
v -0.00493049 -0.00860742 0.00126593
v -0.00801097 0.00562083 0.00205687
v -0.00518993 -0.00844328 0.00133255
v -0.00783601 0.00587785 0.00201195
v -0.00544424 -0.00827081 0.00139784
v -0.0076533 0.00612907 0.00196503
v -0.00569318 -0.00809017 0.00146176
v -0.00746306 0.00637424 0.00191619
v -0.00593652 -0.00790155 0.00152424
v -0.00726546 0.00661312 0.00186545
v -0.00617398 -0.00770513 0.00158521
v -0.00706067 0.00684547 0.00181287
v -0.00640535 -0.00750111 0.00164462
v -0.00684891 0.00707107 0.0017585
v -0.00663041 -0.00728969 0.0017024
v -0.00663041 0.00728969 0.0017024
v -0.00684891 -0.00707107 0.0017585
v -0.00484127 0.00860742 0.00157302
v -0.00786601 -0.00562083 0.00255582
v -0.00803004 -0.00535827 0.00260912
v -0.00458175 0.00876307 0.0014887
v -0.00818614 -0.00509041 0.00265984
v -0.00431771 0.00891007 0.00140291
v -0.00833417 -0.00481754 0.00270794
v -0.0040494 0.00904827 0.00131573
v -0.00847398 -0.00453991 0.00275336
v -0.0037771 0.00917755 0.00122725
v -0.00860542 -0.00425779 0.00279607
v -0.00350107 0.00929776 0.00113757
v -0.00872836 -0.00397148 0.00283602
v -0.00322159 0.00940881 0.00104676
v -0.0088427 -0.00368125 0.00287317
v -0.00293893 0.00951057 0.00095491
v -0.00894831 -0.00338738 0.00290748
v -0.00265337 0.00960294 0.00086213
v -0.00904508 -0.00309017 0.00293893
v -0.00236518 0.00968583 0.00076849
v -0.00913293 -0.00278991 0.00296747
v -0.00207466 0.00975917 0.0006741
v -0.00921177 -0.0024869 0.00299309
v -0.0017821 0.00982287 0.00057904
v -0.00928152 -0.00218143 0.00301575
v -0.00148778 0.00987688 0.00048341
v -0.0093421 -0.00187381 0.00303544
v -0.00119199 0.00992115 0.0003873
v -0.00939347 -0.00156434 0.00305212
v -0.00089502 0.00995562 0.00029081
v -0.00943558 -0.00125333 0.0030658
v -0.00059717 0.00998027 0.00019403
v -0.00946836 -0.00094108 0.00307646
v -0.00029873 0.00999506 9.706E-05
v -0.0094918 -0.0006279 0.00308407
v -0.00950587 -0.00031411 0.00308864
v -0.00951056 0 0.00309017
v -0.00950587 0.00031411 0.00308864
v -0.0094918 0.00062791 0.00308407
v -0.00029873 -0.00999506 9.707E-05
v -0.00946836 0.00094108 0.00307646
v -0.00059717 -0.00998027 0.00019403
v -0.00943558 0.00125333 0.0030658
v -0.00089502 -0.00995562 0.00029081
v -0.00939347 0.00156434 0.00305212
v -0.00119199 -0.00992115 0.0003873
v -0.0093421 0.00187381 0.00303544
v -0.00148778 -0.00987688 0.00048341
v -0.00928152 0.00218143 0.00301575
v -0.0017821 -0.00982287 0.00057904
v -0.00921177 0.0024869 0.00299309
v -0.00207466 -0.00975917 0.0006741
v -0.00913293 0.00278991 0.00296747
v -0.00236518 -0.00968583 0.0007685
v -0.00904508 0.00309017 0.00293893
v -0.00265337 -0.00960294 0.00086213
v -0.00894831 0.00338738 0.00290748
v -0.00293893 -0.00951057 0.00095492
v -0.0088427 0.00368125 0.00287317
v -0.00322159 -0.00940881 0.00104676
v -0.00872836 0.00397148 0.00283602
v -0.00350107 -0.00929776 0.00113757
v -0.00860542 0.00425779 0.00279607
v -0.0037771 -0.00917755 0.00122726
v -0.00847398 0.00453991 0.00275336
v -0.0040494 -0.00904827 0.00131573
v -0.00833417 0.00481754 0.00270794
v -0.00431771 -0.00891007 0.00140291
v -0.00818614 0.00509041 0.00265984
v -0.00458175 -0.00876307 0.0014887
v -0.00803004 0.00535827 0.00260912
v -0.00484127 -0.00860742 0.00157302
v -0.00786601 0.00562083 0.00255582
v -0.00509602 -0.00844328 0.0016558
v -0.00769422 0.00587785 0.0025
v -0.00534572 -0.00827081 0.00173693
v -0.00751482 0.00612907 0.00244171
v -0.00559017 -0.00809017 0.00181636
v -0.00732802 0.00637424 0.00238102
v -0.00582909 -0.00790155 0.00189399
v -0.00713399 0.00661312 0.00231797
v -0.00606226 -0.00770513 0.00196975
v -0.0069329 0.00684547 0.00225264
v -0.00628945 -0.00750111 0.00204357
v -0.00672498 0.00707107 0.00218508
v -0.00651043 -0.00728969 0.00211537
v -0.00651043 0.00728969 0.00211537
v -0.00672498 -0.00707107 0.00218508
v -0.00628945 0.00750111 0.00204357
v -0.0069329 -0.00684547 0.00225264
v -0.00606226 0.00770513 0.00196975
v -0.00713399 -0.00661312 0.00231798
v -0.00582909 0.00790155 0.00189399
v -0.00732802 -0.00637424 0.00238102
v -0.00559017 0.00809017 0.00181636
v -0.00751482 -0.00612907 0.00244171
v -0.00534572 0.00827081 0.00173693
v -0.00769422 -0.00587785 0.0025
v -0.00509602 0.00844328 0.0016558
v -0.00828437 -0.00453991 0.00328002
v -0.00841287 -0.00425779 0.00333089
v -0.00342274 0.00929776 0.00135516
v -0.00853306 -0.00397148 0.00337848
v -0.0031495 0.00940881 0.00124698
v -0.00864484 -0.00368125 0.00342274
v -0.00287317 0.00951057 0.00113757
v -0.00874809 -0.00338738 0.00346361
v -0.002594 0.00960294 0.00102704
v -0.0088427 -0.00309017 0.00350107
v -0.00231226 0.00968583 0.00091549
v -0.00892858 -0.00278991 0.00353508
v -0.00202824 0.00975917 0.00080304
v -0.00900565 -0.0024869 0.00356559
v -0.00174223 0.00982287 0.0006898
v -0.00907385 -0.00218143 0.00359259
v -0.00145449 0.00987688 0.00057587
v -0.00913307 -0.00187381 0.00361604
v -0.00116532 0.00992115 0.00046138
v -0.00918329 -0.00156434 0.00363592
v -0.000875 0.00995562 0.00034644
v -0.00922446 -0.00125333 0.00365222
v -0.00058381 0.00998027 0.00023115
v -0.0092565 -0.00094108 0.00366491
v -0.00029205 0.00999506 0.00011563
v -0.00927942 -0.0006279 0.00367398
v -0.00929318 -0.00031411 0.00367943
v -0.00929776 0 0.00368124
v -0.00929318 0.00031411 0.00367943
v -0.00927942 0.00062791 0.00367398
v -0.00029205 -0.00999506 0.00011563
v -0.0092565 0.00094108 0.00366491
v -0.00058381 -0.00998027 0.00023115
v -0.00922446 0.00125333 0.00365222
v -0.000875 -0.00995562 0.00034644
v -0.00918329 0.00156434 0.00363592
v -0.00116532 -0.00992115 0.00046138
v -0.00913307 0.00187381 0.00361604
v -0.00145449 -0.00987688 0.00057587
v -0.00907385 0.00218143 0.00359259
v -0.00174223 -0.00982287 0.0006898
v -0.00900565 0.0024869 0.00356559
v -0.00202824 -0.00975917 0.00080304
v -0.00892858 0.00278991 0.00353508
v -0.00231226 -0.00968583 0.00091549
v -0.0088427 0.00309017 0.00350107
v -0.002594 -0.00960294 0.00102704
v -0.00874809 0.00338738 0.00346361
v -0.00287317 -0.00951057 0.00113757
v -0.00864484 0.00368125 0.00342274
v -0.0031495 -0.00940881 0.00124698
v -0.00853306 0.00397148 0.00337848
v -0.00342274 -0.00929776 0.00135516
v -0.00841287 0.00425779 0.00333089
v -0.00369259 -0.00917755 0.001462
v -0.00828437 0.00453991 0.00328002
v -0.0039588 -0.00904827 0.0015674
v -0.0081477 0.00481754 0.0032259
v -0.0042211 -0.00891007 0.00167125
v -0.00800298 0.00509041 0.0031686
v -0.00447923 -0.00876307 0.00177345
v -0.00785036 0.00535827 0.00310818
v -0.00473295 -0.00860742 0.00187391
v -0.00769 0.00562083 0.00304469
v -0.00498199 -0.00844328 0.00197251
v -0.00752206 0.00587785 0.00297819
v -0.00522611 -0.00827081 0.00206917
v -0.00734667 0.00612907 0.00290875
v -0.00546508 -0.00809017 0.00216378
v -0.00716405 0.00637424 0.00283645
v -0.00569867 -0.00790155 0.00225626
v -0.00697436 0.00661312 0.00276135
v -0.00592661 -0.00770513 0.00234651
v -0.00677778 0.00684547 0.00268351
v -0.00614872 -0.00750111 0.00243445
v -0.00657451 0.00707107 0.00260303
v -0.00636476 -0.00728969 0.00251999
v -0.00636476 0.00728969 0.00251999
v -0.00657451 -0.00707107 0.00260303
v -0.00614872 0.00750111 0.00243445
v -0.00677778 -0.00684547 0.00268351
v -0.00592661 0.00770513 0.00234651
v -0.00697436 -0.00661312 0.00276135
v -0.00569867 0.00790155 0.00225626
v -0.00716405 -0.00637424 0.00283645
v -0.00546508 0.00809017 0.00216378
v -0.00734667 -0.00612907 0.00290875
v -0.00522611 0.00827081 0.00206916
v -0.00752206 -0.00587785 0.00297819
v -0.00498199 0.00844328 0.00197251
v -0.00769 -0.00562083 0.00304469
v -0.00473295 0.00860742 0.0018739
v -0.00785036 -0.00535827 0.00310818
v -0.00447923 0.00876307 0.00177345
v -0.00800298 -0.00509041 0.0031686
v -0.0042211 0.00891007 0.00167125
v -0.0081477 -0.00481754 0.0032259
v -0.0039588 0.00904827 0.0015674
v -0.00369259 0.00917755 0.001462
v -0.00252439 0.00960294 0.00118789
v -0.00225021 0.00968583 0.00105887
v -0.00860542 -0.00309017 0.0040494
v -0.00868899 -0.00278991 0.00408873
v -0.00197382 0.00975917 0.00092881
v -0.008764 -0.0024869 0.00412403
v -0.00169548 0.00982287 0.00079783
v -0.00883036 -0.00218143 0.00415526
v -0.00141546 0.00987688 0.00066606
v -0.00888799 -0.00187381 0.00418238
v -0.00113405 0.00992115 0.00053364
v -0.00893687 -0.00156434 0.00420537
v -0.00085152 0.00995562 0.00040069
v -0.00897693 -0.00125333 0.00422422
v -0.00056815 0.00998027 0.00026735
v -0.00900812 -0.00094108 0.0042389
v -0.00028421 0.00999506 0.00013374
v -0.00903042 -0.0006279 0.00424939
v -0.0090438 -0.00031411 0.00425569
v -0.00904826 0 0.00425779
v -0.0090438 0.00031411 0.00425569
v -0.00903042 0.00062791 0.00424939
v -0.00028421 -0.00999506 0.00013374
v -0.00900812 0.00094108 0.0042389
v -0.00056815 -0.00998027 0.00026735
v -0.00897693 0.00125333 0.00422422
v -0.00085152 -0.00995562 0.00040069
v -0.00893687 0.00156435 0.00420537
v -0.00113405 -0.00992115 0.00053364
v -0.00888799 0.00187381 0.00418238
v -0.00141546 -0.00987688 0.00066607
v -0.00883036 0.00218143 0.00415526
v -0.00169548 -0.00982287 0.00079783
v -0.008764 0.0024869 0.00412403
v -0.00197382 -0.00975917 0.00092881
v -0.00868899 0.00278991 0.00408873
v -0.00225021 -0.00968583 0.00105887
v -0.00860542 0.00309017 0.0040494
v -0.00252439 -0.00960294 0.00118789
v -0.00851334 0.00338738 0.00400607
v -0.00279607 -0.00951057 0.00131573
v -0.00841287 0.00368125 0.0039588
v -0.00306499 -0.00940881 0.00144228
v -0.00830409 0.00397148 0.00390761
v -0.00333089 -0.00929776 0.0015674
v -0.00818712 0.00425779 0.00385257
v -0.0035935 -0.00917755 0.00169097
v -0.00806207 0.00453991 0.00379372
v -0.00385257 -0.00904827 0.00181288
v -0.00792906 0.00481754 0.00373113
v -0.00410783 -0.00891007 0.001933
v -0.00778823 0.00509041 0.00366486
v -0.00435904 -0.00876307 0.00205121
v -0.00763971 0.00535827 0.00359497
v -0.00460594 -0.00860742 0.00216739
v -0.00748365 0.00562083 0.00352154
v -0.00484831 -0.00844328 0.00228144
v -0.00732021 0.00587785 0.00344463
v -0.00508588 -0.00827081 0.00239323
v -0.00714953 0.00612907 0.00336431
v -0.00531844 -0.00809017 0.00250267
v -0.00697181 0.00637424 0.00328068
v -0.00554575 -0.00790155 0.00260963
v -0.00678721 0.00661312 0.00319382
v -0.00576758 -0.00770513 0.00271402
v -0.00659591 0.00684547 0.0031038
v -0.00598373 -0.00750111 0.00281573
v -0.00639809 0.00707107 0.00301071
v -0.00619397 -0.00728969 0.00291466
v -0.00619397 0.00728969 0.00291466
v -0.00639809 -0.00707107 0.00301071
v -0.00598373 0.00750111 0.00281573
v -0.00659591 -0.00684547 0.0031038
v -0.00576758 0.00770513 0.00271402
v -0.00678721 -0.00661312 0.00319382
v -0.00554575 0.00790155 0.00260963
v -0.00697181 -0.00637424 0.00328069
v -0.00531844 0.00809017 0.00250267
v -0.00714953 -0.00612907 0.00336432
v -0.00508588 0.00827081 0.00239323
v -0.00732021 -0.00587785 0.00344463
v -0.00484831 0.00844328 0.00228144
v -0.00748365 -0.00562083 0.00352154
v -0.00460594 0.00860742 0.00216739
v -0.00763971 -0.00535827 0.00359498
v -0.00435904 0.00876307 0.00205121
v -0.00778823 -0.00509041 0.00366486
v -0.00410783 0.00891007 0.001933
v -0.00792906 -0.00481754 0.00373113
v -0.00385257 0.00904827 0.00181288
v -0.00806207 -0.00453991 0.00379372
v -0.0035935 0.00917755 0.00169097
v -0.00818712 -0.00425779 0.00385257
v -0.00333089 0.00929776 0.0015674
v -0.00830409 -0.00397148 0.00390761
v -0.00306499 0.00940881 0.00144228
v -0.00841287 -0.00368125 0.0039588
v -0.00279607 0.00951057 0.00131573
v -0.00851334 -0.00338738 0.00400608
v -0.00446076 0.00860742 0.00245232
v -0.00724776 -0.00562083 0.00398449
v -0.0073989 -0.00535827 0.00406758
v -0.00422164 0.00876307 0.00232086
v -0.00754274 -0.00509041 0.00414666
v -0.00397835 0.00891007 0.00218712
v -0.00767914 -0.00481754 0.00422164
v -0.00373113 0.00904827 0.00205121
v -0.00780795 -0.00453991 0.00429246
v -0.00348023 0.00917755 0.00191327
v -0.00792906 -0.00425779 0.00435904
v -0.0032259 0.00929776 0.00177345
v -0.00804234 -0.00397148 0.00442132
v -0.00296838 0.00940881 0.00163188
v -0.00814769 -0.00368125 0.00447923
v -0.00270794 0.00951057 0.0014887
v -0.008245 -0.00338738 0.00453273
v -0.00244482 0.00960294 0.00134405
v -0.00833417 -0.00309017 0.00458175
v -0.00217928 0.00968583 0.00119807
v -0.00841512 -0.00278991 0.00462625
v -0.0019116 0.00975917 0.00105091
v -0.00848775 -0.0024869 0.00466618
v -0.00164204 0.00982287 0.00090272
v -0.00855202 -0.00218143 0.00470152
v -0.00137085 0.00987688 0.00075363
v -0.00860784 -0.00187381 0.00473221
v -0.0010983 0.00992115 0.0006038
v -0.00865518 -0.00156434 0.00475822
v -0.00082468 0.00995562 0.00045337
v -0.00869397 -0.00125333 0.00477955
v -0.00055024 0.00998027 0.00030249
v -0.00872418 -0.00094108 0.00479616
v -0.00027525 0.00999506 0.00015132
v -0.00874578 -0.0006279 0.00480803
v -0.00875874 -0.00031411 0.00481516
v -0.00876306 0 0.00481753
v -0.00875874 0.00031411 0.00481516
v -0.00874578 0.00062791 0.00480803
v -0.00027525 -0.00999506 0.00015132
v -0.00872418 0.00094108 0.00479616
v -0.00055024 -0.00998027 0.0003025
v -0.00869397 0.00125333 0.00477955
v -0.00082468 -0.00995562 0.00045337
v -0.00865518 0.00156435 0.00475822
v -0.0010983 -0.00992115 0.0006038
v -0.00860784 0.00187381 0.00473221
v -0.00137085 -0.00987688 0.00075363
v -0.00855202 0.00218143 0.00470152
v -0.00164204 -0.00982287 0.00090272
v -0.00848775 0.0024869 0.00466618
v -0.0019116 -0.00975917 0.00105091
v -0.00841512 0.00278991 0.00462625
v -0.00217928 -0.00968583 0.00119807
v -0.00833417 0.00309017 0.00458175
v -0.00244482 -0.00960294 0.00134405
v -0.008245 0.00338738 0.00453273
v -0.00270794 -0.00951057 0.0014887
v -0.00814769 0.00368125 0.00447923
v -0.00296838 -0.00940881 0.00163188
v -0.00804234 0.00397148 0.00442132
v -0.0032259 -0.00929776 0.00177345
v -0.00792906 0.00425779 0.00435904
v -0.00348023 -0.00917755 0.00191328
v -0.00780795 0.00453991 0.00429246
v -0.00373113 -0.00904827 0.00205121
v -0.00767914 0.00481754 0.00422164
v -0.00397835 -0.00891007 0.00218712
v -0.00754274 0.00509041 0.00414665
v -0.00422164 -0.00876307 0.00232087
v -0.0073989 0.00535827 0.00406758
v -0.00446076 -0.00860742 0.00245233
v -0.00724776 0.00562083 0.00398449
v -0.00469549 -0.00844328 0.00258137
v -0.00708948 0.00587785 0.00389747
v -0.00492557 -0.00827081 0.00270785
v -0.00692418 0.00612907 0.0038066
v -0.0051508 -0.00809017 0.00283168
v -0.00675206 0.00637424 0.00371197
v -0.00537095 -0.00790155 0.0029527
v -0.00657328 0.00661312 0.00361369
v -0.00558578 -0.00770513 0.00307081
v -0.006388 0.00684547 0.00351183
v -0.00579512 -0.00750111 0.00318589
v -0.00619642 0.00707107 0.00340651
v -0.00599874 -0.00728969 0.00329783
v -0.00599874 0.00728969 0.00329783
v -0.00619642 -0.00707107 0.00340651
v -0.00579512 0.00750111 0.00318589
v -0.006388 -0.00684547 0.00351183
v -0.00558578 0.00770513 0.00307081
v -0.00657328 -0.00661312 0.00361369
v -0.00537095 0.00790155 0.0029527
v -0.00675206 -0.00637424 0.00371198
v -0.0051508 0.00809017 0.00283168
v -0.00692418 -0.00612907 0.0038066
v -0.00492557 0.00827081 0.00270785
v -0.00708948 -0.00587785 0.00389747
v -0.00469549 0.00844328 0.00258136
v -0.00752302 -0.00453991 0.00477425
v -0.00763971 -0.00425779 0.00484831
v -0.00310818 0.00929776 0.00197251
v -0.00774885 -0.00397148 0.00491758
v -0.00286006 0.00940881 0.00181505
v -0.00785036 -0.00368124 0.00498199
v -0.00260912 0.00951057 0.0016558
v -0.00794412 -0.00338738 0.00504149
v -0.0023556 0.00960294 0.00149491
v -0.00803004 -0.00309017 0.00509602
v -0.00209976 0.00968583 0.00133255
v -0.00810803 -0.00278991 0.00514551
v -0.00184184 0.00975917 0.00116887
v -0.00817801 -0.0024869 0.00518993
v -0.00158211 0.00982287 0.00100404
v -0.00823994 -0.00218143 0.00522923
v -0.00132082 0.00987688 0.00083822
v -0.00829372 -0.00187381 0.00526336
v -0.00105822 0.00992115 0.00067157
v -0.00833932 -0.00156434 0.0052923
v -0.00079458 0.00995562 0.00050426
v -0.00837671 -0.00125333 0.00531602
v -0.00053016 0.00998027 0.00033645
v -0.00840581 -0.00094108 0.00533449
v -0.00026521 0.00999506 0.00016831
v -0.00842662 -0.0006279 0.0053477
v -0.00843911 -0.00031411 0.00535562
v -0.00844327 0 0.00535826
v -0.00843911 0.00031411 0.00535562
v -0.00842662 0.00062791 0.0053477
v -0.00026521 -0.00999506 0.00016831
v -0.00840581 0.00094108 0.00533449
v -0.00053016 -0.00998027 0.00033645
v -0.00837671 0.00125333 0.00531602
v -0.00079458 -0.00995562 0.00050426
v -0.00833932 0.00156435 0.0052923
v -0.00105822 -0.00992115 0.00067157
v -0.00829372 0.00187381 0.00526336
v -0.00132082 -0.00987688 0.00083822
v -0.00823994 0.00218143 0.00522923
v -0.00158211 -0.00982287 0.00100404
v -0.00817801 0.0024869 0.00518993
v -0.00184184 -0.00975917 0.00116887
v -0.00810803 0.00278991 0.00514551
v -0.00209976 -0.00968583 0.00133255
v -0.00803004 0.00309017 0.00509601
v -0.0023556 -0.00960294 0.00149491
v -0.00794412 0.00338738 0.00504149
v -0.00260912 -0.00951057 0.0016558
v -0.00785036 0.00368125 0.00498199
v -0.00286006 -0.00940881 0.00181505
v -0.00774885 0.00397148 0.00491758
v -0.00310818 -0.00929776 0.00197251
v -0.00763971 0.00425779 0.00484831
v -0.00335323 -0.00917755 0.00212803
v -0.00752302 0.00453991 0.00477425
v -0.00359497 -0.00904827 0.00228144
v -0.0073989 0.00481754 0.00469549
v -0.00383317 -0.00891007 0.0024326
v -0.00726748 0.00509041 0.00461208
v -0.00406758 -0.00876307 0.00258137
v -0.0071289 0.00535827 0.00452414
v -0.00429798 -0.00860742 0.00272758
v -0.00698328 0.00562083 0.00443172
v -0.00452414 -0.00844328 0.0028711
v -0.00683076 0.00587785 0.00433493
v -0.00474582 -0.00827081 0.00301179
v -0.00667149 0.00612907 0.00423386
v -0.00496283 -0.00809017 0.00314951
v -0.00650566 0.00637424 0.00412862
v -0.00517495 -0.00790155 0.00328412
v -0.0063334 0.00661312 0.0040193
v -0.00538194 -0.00770513 0.00341549
v -0.00615489 0.00684547 0.00390601
v -0.00558364 -0.00750111 0.00354349
v -0.0059703 0.00707107 0.00378886
v -0.00577983 -0.00728969 0.00366799
v -0.00577983 0.00728969 0.00366799
v -0.0059703 -0.00707107 0.00378887
v -0.00558364 0.00750111 0.00354349
v -0.00615489 -0.00684547 0.00390601
v -0.00538194 0.00770513 0.00341549
v -0.0063334 -0.00661312 0.0040193
v -0.00517495 0.00790155 0.00328412
v -0.00650566 -0.00637424 0.00412862
v -0.00496283 0.00809017 0.00314951
v -0.00667149 -0.00612907 0.00423386
v -0.00474582 0.00827081 0.00301179
v -0.00683076 -0.00587785 0.00433494
v -0.00452414 0.00844328 0.0028711
v -0.00698328 -0.00562083 0.00443172
v -0.00429798 0.00860742 0.00272758
v -0.0071289 -0.00535827 0.00452414
v -0.00406758 0.00876307 0.00258136
v -0.00726748 -0.00509041 0.00461208
v -0.00383317 0.00891007 0.0024326
v -0.0073989 -0.00481754 0.00469549
v -0.00359497 0.00904827 0.00228144
v -0.00335323 0.00917755 0.00212802
v -0.00225709 0.00960294 0.00163987
v -0.00201194 0.00968583 0.00146176
v -0.00769421 -0.00309017 0.00559017
v -0.00776894 -0.00278991 0.00564446
v -0.00176482 0.00975917 0.00128221
v -0.007836 -0.0024869 0.00569319
v -0.00151595 0.00982287 0.0011014
v -0.00789533 -0.00218143 0.0057363
v -0.00126558 0.00987688 0.0009195
v -0.00794686 -0.00187381 0.00577374
v -0.00101397 0.00992115 0.00073669
v -0.00799056 -0.00156434 0.00580548
v -0.00076135 0.00995562 0.00055315
v -0.00802638 -0.00125333 0.00583151
v -0.00050799 0.00998027 0.00036907
v -0.00805427 -0.00094108 0.00585177
v -0.00025412 0.00999506 0.00018463
v -0.00807421 -0.0006279 0.00586626
v -0.00808618 -0.00031411 0.00587495
v -0.00809016 0 0.00587785
v -0.00808618 0.00031411 0.00587495
v -0.00807421 0.00062791 0.00586626
v -0.00025412 -0.00999506 0.00018463
v -0.00805427 0.00094108 0.00585177
v -0.00050799 -0.00998027 0.00036907
v -0.00802638 0.00125333 0.00583151
v -0.00076135 -0.00995562 0.00055316
v -0.00799056 0.00156435 0.00580548
v -0.00101397 -0.00992115 0.00073669
v -0.00794686 0.00187381 0.00577374
v -0.00126558 -0.00987688 0.0009195
v -0.00789533 0.00218143 0.0057363
v -0.00151595 -0.00982287 0.0011014
v -0.007836 0.0024869 0.00569319
v -0.00176482 -0.00975917 0.00128221
v -0.00776894 0.00278991 0.00564446
v -0.00201194 -0.00968583 0.00146176
v -0.00769421 0.00309017 0.00559017
v -0.00225709 -0.00960294 0.00163987
v -0.00761189 0.00338738 0.00553036
v -0.0025 -0.00951057 0.00181636
v -0.00752205 0.00368125 0.00546509
v -0.00274045 -0.00940881 0.00199105
v -0.00742479 0.00397148 0.00539443
v -0.00297819 -0.00929776 0.00216378
v -0.00732021 0.00425779 0.00531844
v -0.00321299 -0.00917755 0.00233438
v -0.0072084 0.00453991 0.00523721
v -0.00344463 -0.00904827 0.00250267
v -0.00708947 0.00481754 0.0051508
v -0.00367286 -0.00891007 0.00266849
v -0.00696355 0.00509041 0.00505931
v -0.00389747 -0.00876307 0.00283168
v -0.00683076 0.00535827 0.00496284
v -0.00411823 -0.00860742 0.00299207
v -0.00669122 0.00562083 0.00486146
v -0.00433493 -0.00844328 0.00314951
v -0.00654509 0.00587785 0.00475529
v -0.00454734 -0.00827081 0.00330384
v -0.00639248 0.00612907 0.00464441
v -0.00475528 -0.00809017 0.00345491
v -0.00623358 0.00637424 0.00452896
v -0.00495852 -0.00790155 0.00360258
v -0.00606853 0.00661312 0.00440905
v -0.00515686 -0.00770513 0.00374668
v -0.00589748 0.00684547 0.00428477
v -0.00535013 -0.00750111 0.00388709
v -0.00572061 0.00707107 0.00415627
v -0.00553811 -0.00728969 0.00402367
v -0.00553811 0.00728969 0.00402367
v -0.00572061 -0.00707107 0.00415627
v -0.00535013 0.00750111 0.00388709
v -0.00589748 -0.00684547 0.00428477
v -0.00515686 0.00770513 0.00374668
v -0.00606853 -0.00661312 0.00440905
v -0.00495852 0.00790155 0.00360258
v -0.00623358 -0.00637424 0.00452896
v -0.00475528 0.00809017 0.00345491
v -0.00639248 -0.00612907 0.00464441
v -0.00454734 0.00827081 0.00330384
v -0.00654509 -0.00587785 0.00475529
v -0.00433493 0.00844328 0.00314951
v -0.00669122 -0.00562083 0.00486146
v -0.00411823 0.00860742 0.00299207
v -0.00683076 -0.00535827 0.00496284
v -0.00389747 0.00876307 0.00283168
v -0.00696355 -0.00509041 0.00505931
v -0.00367286 0.00891007 0.00266849
v -0.00708947 -0.00481754 0.0051508
v -0.00344463 0.00904827 0.00250267
v -0.0072084 -0.00453991 0.00523721
v -0.00321299 0.00917755 0.00233438
v -0.00732021 -0.00425779 0.00531844
v -0.00297819 0.00929776 0.00216378
v -0.00742479 -0.00397148 0.00539443
v -0.00274045 0.00940881 0.00199105
v -0.00752205 -0.00368124 0.00546509
v -0.0025 0.00951057 0.00181636
v -0.00761189 -0.00338738 0.00553036
v -0.00761027 -0.00156434 0.00629576
v -0.00072512 0.00995562 0.00059987
v -0.00764438 -0.00125333 0.00632398
v -0.00048381 0.00998027 0.00040024
v -0.00767094 -0.00094108 0.00634596
v -0.00024202 0.00999506 0.00020022
v -0.00768993 -0.0006279 0.00636166
v -0.00770133 -0.00031411 0.00637109
v -0.00770513 0 0.00637424
v -0.00770133 0.00031411 0.00637109
v -0.00768993 0.00062791 0.00636166
v -0.00024202 -0.00999506 0.00020022
v -0.00767094 0.00094108 0.00634596
v -0.00048381 -0.00998027 0.00040024
v -0.00764438 0.00125333 0.00632398
v -0.00072512 -0.00995562 0.00059987
v -0.00761027 0.00156435 0.00629576
v -0.00096571 -0.00992115 0.00079891
v -0.00756865 0.00187381 0.00626133
v -0.00120535 -0.00987688 0.00099715
v -0.00751957 0.00218143 0.00622073
v -0.0014438 -0.00982287 0.00119442
v -0.00746306 0.0024869 0.00617398
v -0.00168082 -0.00975917 0.0013905
v -0.00739919 0.00278991 0.00612114
v -0.00191619 -0.00968583 0.00158521
v -0.00732802 0.00309017 0.00606226
v -0.00214967 -0.00960294 0.00177836
v -0.00724961 0.00338738 0.0059974
v -0.00238102 -0.00951057 0.00196975
v -0.00716405 0.00368125 0.00592662
v -0.00261002 -0.00940881 0.0021592
v -0.00707142 0.00397148 0.00584999
v -0.00283645 -0.00929776 0.00234651
v -0.00697181 0.00425779 0.00576759
v -0.00306008 -0.00917755 0.00253152
v -0.00686532 0.00453991 0.00567949
v -0.00328069 -0.00904827 0.00271402
v -0.00675206 0.00481754 0.00558579
v -0.00349806 -0.00891007 0.00289385
v -0.00663213 0.00509041 0.00548657
v -0.00371197 -0.00876307 0.00307081
v -0.00650566 0.00535827 0.00538195
v -0.00392223 -0.00860742 0.00324475
v -0.00637277 0.00562083 0.00527201
v -0.00412862 -0.00844328 0.00341549
v -0.00623359 0.00587785 0.00515687
v -0.00433092 -0.00827081 0.00358285
v -0.00608824 0.00612907 0.00503663
v -0.00452896 -0.00809017 0.00374668
v -0.00593691 0.00637424 0.00491144
v -0.00472253 -0.00790155 0.00390682
v -0.00577971 0.00661312 0.00478139
v -0.00491143 -0.00770513 0.00406309
v -0.0056168 0.00684547 0.00464662
v -0.00509549 -0.00750111 0.00421536
v -0.00544835 0.00707107 0.00450727
v -0.00527453 -0.00728969 0.00436347
v -0.00527453 0.00728969 0.00436347
v -0.00544835 -0.00707107 0.00450727
v -0.00509549 0.00750111 0.00421536
v -0.0056168 -0.00684547 0.00464662
v -0.00491143 0.00770513 0.00406309
v -0.00577971 -0.00661312 0.0047814
v -0.00472253 0.00790155 0.00390682
v -0.00593691 -0.00637424 0.00491144
v -0.00452896 0.00809017 0.00374668
v -0.00608824 -0.00612907 0.00503664
v -0.00433092 0.00827081 0.00358285
v -0.00623359 -0.00587785 0.00515688
v -0.00412862 0.00844328 0.00341549
v -0.00637277 -0.00562083 0.00527201
v -0.00392223 0.00860742 0.00324475
v -0.00650566 -0.00535827 0.00538195
v -0.00371197 0.00876307 0.00307081
v -0.00663213 -0.00509041 0.00548657
v -0.00349806 0.00891007 0.00289384
v -0.00675206 -0.00481754 0.00558579
v -0.00328069 0.00904827 0.00271402
v -0.00686532 -0.00453991 0.00567949
v -0.00306008 0.00917755 0.00253152
v -0.00697181 -0.00425779 0.00576759
v -0.00283645 0.00929776 0.00234651
v -0.00707142 -0.00397148 0.00584999
v -0.00261002 0.00940881 0.0021592
v -0.00716405 -0.00368124 0.00592662
v -0.00238102 0.00951057 0.00196975
v -0.00724961 -0.00338738 0.0059974
v -0.00214967 0.00960294 0.00177836
v -0.00732802 -0.00309017 0.00606226
v -0.00191619 0.00968583 0.00158521
v -0.00739919 -0.00278991 0.00612114
v -0.00168082 0.00975917 0.0013905
v -0.00746306 -0.0024869 0.00617398
v -0.0014438 0.00982287 0.00119441
v -0.00751957 -0.00218143 0.00622073
v -0.00120535 0.00987688 0.00099715
v -0.00756865 -0.00187381 0.00626133
v -0.00096571 0.00992115 0.0007989
v -0.00728609 -0.00031411 0.00684209
v -0.00728968 0 0.00684547
v -0.00728609 0.00031411 0.00684209
v -0.0072753 0.00062791 0.00683197
v -0.00022897 -0.00999506 0.00021502
v -0.00725734 0.00094108 0.0068151
v -0.00045772 -0.00998027 0.00042983
v -0.00723221 0.00125333 0.0067915
v -0.00068602 -0.00995562 0.00064422
v -0.00719994 0.00156435 0.00676119
v -0.00091364 -0.00992115 0.00085797
v -0.00716056 0.00187381 0.00672422
v -0.00114036 -0.00987688 0.00107087
v -0.00711413 0.00218143 0.00668061
v -0.00136595 -0.00982287 0.00128272
v -0.00706066 0.0024869 0.0066304
v -0.0015902 -0.00975917 0.00149329
v -0.00700024 0.00278991 0.00657366
v -0.00181287 -0.00968583 0.0017024
v -0.0069329 0.00309017 0.00651043
v -0.00203376 -0.00960294 0.00190983
v -0.00685873 0.00338738 0.00644077
v -0.00225264 -0.00951057 0.00211537
v -0.00677778 0.00368125 0.00636476
v -0.00246929 -0.00940881 0.00231882
v -0.00669014 0.00397148 0.00628246
v -0.00268351 -0.00929776 0.00251999
v -0.00659591 0.00425779 0.00619397
v -0.00289508 -0.00917755 0.00271867
v -0.00649516 0.00453991 0.00609936
v -0.0031038 -0.00904827 0.00291466
v -0.006388 0.00481754 0.00599873
v -0.00330945 -0.00891007 0.00310778
v -0.00627454 0.00509041 0.00589218
v -0.00351183 -0.00876307 0.00329783
v -0.00615488 0.00535827 0.00577982
v -0.00371075 -0.00860742 0.00348463
v -0.00602916 0.00562083 0.00566176
v -0.00390601 -0.00844328 0.00366799
v -0.00589749 0.00587785 0.00553811
v -0.00409741 -0.00827081 0.00384772
v -0.00575998 0.00612907 0.00540898
v -0.00428477 -0.00809017 0.00402367
v -0.0056168 0.00637424 0.00527453
v -0.0044679 -0.00790155 0.00419564
v -0.00546808 0.00661312 0.00513487
v -0.00464661 -0.00770513 0.00436347
v -0.00531395 0.00684547 0.00499013
v -0.00482076 -0.00750111 0.00452699
v -0.00515458 0.00707107 0.00484048
v -0.00499014 -0.00728969 0.00468605
v -0.00499014 0.00728969 0.00468605
v -0.00515458 -0.00707107 0.00484048
v -0.00482076 0.00750111 0.00452699
v -0.00531395 -0.00684547 0.00499014
v -0.00464661 0.00770513 0.00436346
v -0.00546808 -0.00661312 0.00513487
v -0.0044679 0.00790155 0.00419564
v -0.0056168 -0.00637424 0.00527453
v -0.00428477 0.00809017 0.00402366
v -0.00575998 -0.00612907 0.00540898
v -0.00409741 0.00827081 0.00384772
v -0.00589749 -0.00587785 0.00553811
v -0.00390601 0.00844328 0.00366799
v -0.00602916 -0.00562083 0.00566176
v -0.00371075 0.00860742 0.00348463
v -0.00615488 -0.00535827 0.00577983
v -0.00351183 0.00876307 0.00329783
v -0.00627454 -0.00509041 0.00589218
v -0.00330945 0.00891007 0.00310778
v -0.006388 -0.00481754 0.00599873
v -0.0031038 0.00904827 0.00291466
v -0.00649516 -0.00453991 0.00609936
v -0.00289508 0.00917755 0.00271866
v -0.00659591 -0.00425779 0.00619397
v -0.00268351 0.00929776 0.00251998
v -0.00669014 -0.00397148 0.00628246
v -0.00246929 0.00940881 0.00231882
v -0.00677778 -0.00368124 0.00636476
v -0.00225264 0.00951057 0.00211537
v -0.00685873 -0.00338738 0.00644077
v -0.00203376 0.00960294 0.00190983
v -0.0069329 -0.00309017 0.00651043
v -0.00181287 0.00968583 0.0017024
v -0.00700024 -0.00278991 0.00657366
v -0.0015902 0.00975917 0.00149329
v -0.00706066 -0.0024869 0.0066304
v -0.00136595 0.00982287 0.00128271
v -0.00711413 -0.00218143 0.00668061
v -0.00114036 0.00987688 0.00107087
v -0.00716056 -0.00187381 0.00672422
v -0.00091364 0.00992115 0.00085796
v -0.00719994 -0.00156434 0.00676119
v -0.00068602 0.00995562 0.00064422
v -0.00723221 -0.00125333 0.0067915
v -0.00045772 0.00998027 0.00042983
v -0.00725734 -0.00094108 0.0068151
v -0.00022897 0.00999506 0.00021502
v -0.0072753 -0.0006279 0.00683197
v -0.00064422 -0.00995562 0.00068602
v -0.0067915 0.00125333 0.00723221
v -0.00676119 0.00156435 0.00719993
v -0.00085796 -0.00992115 0.00091364
v -0.00672421 0.00187381 0.00716056
v -0.00107087 -0.00987688 0.00114036
v -0.00668061 0.00218143 0.00711413
v -0.00128271 -0.00982287 0.00136595
v -0.0066304 0.0024869 0.00706066
v -0.00149329 -0.00975917 0.0015902
v -0.00657366 0.00278991 0.00700024
v -0.0017024 -0.00968583 0.00181287
v -0.00651043 0.00309017 0.0069329
v -0.00190983 -0.00960294 0.00203376
v -0.00644077 0.00338738 0.00685873
v -0.00211537 -0.00951057 0.00225264
v -0.00636476 0.00368125 0.00677778
v -0.00231882 -0.00940881 0.00246929
v -0.00628246 0.00397148 0.00669014
v -0.00251999 -0.00929776 0.00268351
v -0.00619397 0.00425779 0.00659591
v -0.00271866 -0.00917755 0.00289508
v -0.00609936 0.00453991 0.00649516
v -0.00291466 -0.00904827 0.0031038
v -0.00599873 0.00481754 0.006388
v -0.00310778 -0.00891007 0.00330945
v -0.00589218 0.00509041 0.00627454
v -0.00329783 -0.00876307 0.00351183
v -0.00577982 0.00535827 0.00615489
v -0.00348463 -0.00860742 0.00371075
v -0.00566176 0.00562083 0.00602916
v -0.00366799 -0.00844328 0.00390601
v -0.00553811 0.00587785 0.00589749
v -0.00384772 -0.00827081 0.00409741
v -0.00540898 0.00612907 0.00575998
v -0.00402366 -0.00809017 0.00428477
v -0.00527453 0.00637424 0.0056168
v -0.00419564 -0.00790155 0.0044679
v -0.00513487 0.00661312 0.00546808
v -0.00436346 -0.00770513 0.00464662
v -0.00499013 0.00684547 0.00531395
v -0.00452699 -0.00750111 0.00482076
v -0.00484047 0.00707107 0.00515458
v -0.00468605 -0.00728969 0.00499014
v -0.00468605 0.00728969 0.00499014
v -0.00484047 -0.00707107 0.00515458
v -0.00452699 0.00750111 0.00482076
v -0.00499013 -0.00684547 0.00531395
v -0.00436346 0.00770513 0.00464662
v -0.00513487 -0.00661312 0.00546808
v -0.00419564 0.00790155 0.0044679
v -0.00527453 -0.00637424 0.0056168
v -0.00402366 0.00809017 0.00428477
v -0.00540898 -0.00612907 0.00575998
v -0.00384772 0.00827081 0.00409741
v -0.00553811 -0.00587785 0.00589749
v -0.00366799 0.00844328 0.00390601
v -0.00566176 -0.00562083 0.00602916
v -0.00348463 0.00860742 0.00371075
v -0.00577982 -0.00535827 0.00615489
v -0.00329783 0.00876307 0.00351183
v -0.00589218 -0.00509041 0.00627454
v -0.00310778 0.00891007 0.00330945
v -0.00599873 -0.00481754 0.006388
v -0.00291466 0.00904827 0.0031038
v -0.00609936 -0.00453991 0.00649516
v -0.00271866 0.00917755 0.00289508
v -0.00619397 -0.00425779 0.00659591
v -0.00251999 0.00929776 0.00268351
v -0.00628246 -0.00397148 0.00669014
v -0.00231882 0.00940881 0.00246929
v -0.00636476 -0.00368124 0.00677778
v -0.00211537 0.00951057 0.00225264
v -0.00644077 -0.00338738 0.00685873
v -0.00190983 0.00960294 0.00203376
v -0.00651043 -0.00309017 0.0069329
v -0.0017024 0.00968583 0.00181287
v -0.00657366 -0.00278991 0.00700024
v -0.00149329 0.00975917 0.00159019
v -0.0066304 -0.0024869 0.00706066
v -0.00128271 0.00982287 0.00136595
v -0.00668061 -0.00218143 0.00711413
v -0.00107087 0.00987688 0.00114036
v -0.00672421 -0.00187381 0.00716056
v -0.00085796 0.00992115 0.00091364
v -0.00676119 -0.00156434 0.00719993
v -0.00064422 0.00995562 0.00068602
v -0.0067915 -0.00125333 0.00723221
v -0.00042983 0.00998027 0.00045772
v -0.00681509 -0.00094108 0.00725734
v -0.00021502 0.00999506 0.00022897
v -0.00683196 -0.0006279 0.0072753
v -0.00684209 -0.00031411 0.00728609
v -0.00684547 0 0.00728968
v -0.00684209 0.00031411 0.00728609
v -0.00683196 0.00062791 0.0072753
v -0.00021502 -0.00999506 0.00022898
v -0.00681509 0.00094108 0.00725734
v -0.00042983 -0.00998027 0.00045772
v -0.00612114 0.00278991 0.00739919
v -0.0013905 -0.00975917 0.00168082
v -0.00158521 -0.00968583 0.00191619
v -0.00606226 0.00309017 0.00732802
v -0.00177836 -0.00960294 0.00214967
v -0.0059974 0.00338738 0.00724961
v -0.00196975 -0.00951057 0.00238102
v -0.00592662 0.00368125 0.00716405
v -0.0021592 -0.00940881 0.00261002
v -0.00584998 0.00397148 0.00707142
v -0.00234651 -0.00929776 0.00283645
v -0.00576759 0.00425779 0.00697182
v -0.00253151 -0.00917755 0.00306008
v -0.00567949 0.00453991 0.00686533
v -0.00271402 -0.00904827 0.00328069
v -0.00558579 0.00481754 0.00675206
v -0.00289384 -0.00891007 0.00349806
v -0.00548658 0.00509041 0.00663213
v -0.00307081 -0.00876307 0.00371198
v -0.00538195 0.00535827 0.00650566
v -0.00324475 -0.00860742 0.00392223
v -0.00527201 0.00562083 0.00637277
v -0.00341549 -0.00844328 0.00412862
v -0.00515687 0.00587785 0.00623359
v -0.00358285 -0.00827081 0.00433092
v -0.00503663 0.00612907 0.00608824
v -0.00374668 -0.00809017 0.00452896
v -0.00491144 0.00637424 0.00593691
v -0.00390682 -0.00790155 0.00472253
v -0.00478139 0.00661312 0.00577971
v -0.00406309 -0.00770513 0.00491143
v -0.00464662 0.00684547 0.0056168
v -0.00421536 -0.00750111 0.0050955
v -0.00450726 0.00707107 0.00544835
v -0.00436347 -0.00728969 0.00527453
v -0.00436347 0.00728969 0.00527453
v -0.00450726 -0.00707107 0.00544835
v -0.00421536 0.00750111 0.00509549
v -0.00464662 -0.00684547 0.0056168
v -0.00406309 0.00770513 0.00491143
v -0.00478139 -0.00661312 0.00577971
v -0.00390682 0.00790155 0.00472253
v -0.00491144 -0.00637424 0.00593691
v -0.00374668 0.00809017 0.00452896
v -0.00503663 -0.00612907 0.00608825
v -0.00358285 0.00827081 0.00433092
v -0.00515687 -0.00587785 0.00623359
v -0.00341549 0.00844328 0.00412862
v -0.00527201 -0.00562083 0.00637277
v -0.00324475 0.00860742 0.00392223
v -0.00538195 -0.00535827 0.00650566
v -0.00307081 0.00876307 0.00371197
v -0.00548658 -0.00509041 0.00663213
v -0.00289384 0.00891007 0.00349806
v -0.00558579 -0.00481754 0.00675206
v -0.00271402 0.00904827 0.00328069
v -0.00567949 -0.00453991 0.00686533
v -0.00253151 0.00917755 0.00306008
v -0.00576759 -0.00425779 0.00697182
v -0.00234651 0.00929776 0.00283645
v -0.00584998 -0.00397148 0.00707142
v -0.0021592 0.00940881 0.00261002
v -0.00592662 -0.00368124 0.00716405
v -0.00196975 0.00951057 0.00238102
v -0.0059974 -0.00338738 0.00724961
v -0.00177836 0.00960294 0.00214967
v -0.00606226 -0.00309017 0.00732802
v -0.00158521 0.00968583 0.00191619
v -0.00612114 -0.00278991 0.00739919
v -0.0013905 0.00975917 0.00168082
v -0.00617398 -0.0024869 0.00746306
v -0.00119441 0.00982287 0.0014438
v -0.00622073 -0.00218143 0.00751957
v -0.00099715 0.00987688 0.00120535
v -0.00626133 -0.00187381 0.00756865
v -0.0007989 0.00992115 0.00096571
v -0.00629576 -0.00156434 0.00761027
v -0.00059987 0.00995562 0.00072512
v -0.00632398 -0.00125333 0.00764438
v -0.00040024 0.00998027 0.00048381
v -0.00634595 -0.00094108 0.00767094
v -0.00020022 0.00999506 0.00024202
v -0.00636166 -0.0006279 0.00768993
v -0.00637109 -0.00031411 0.00770133
v -0.00637424 0 0.00770513
v -0.00637109 0.00031411 0.00770133
v -0.00636166 0.00062791 0.00768993
v -0.00020022 -0.00999506 0.00024202
v -0.00634595 0.00094108 0.00767094
v -0.00040024 -0.00998027 0.00048381
v -0.00632398 0.00125333 0.00764438
v -0.00059987 -0.00995562 0.00072512
v -0.00629576 0.00156435 0.00761027
v -0.0007989 -0.00992115 0.00096571
v -0.00626133 0.00187381 0.00756865
v -0.00099715 -0.00987688 0.00120535
v -0.00622073 0.00218143 0.00751957
v -0.00119441 -0.00982287 0.0014438
v -0.00617398 0.0024869 0.00746306
v -0.00216378 -0.00929776 0.00297819
v -0.00531844 0.00425779 0.00732021
v -0.00233438 -0.00917755 0.00321299
v -0.0052372 0.00453991 0.0072084
v -0.00250267 -0.00904827 0.00344463
v -0.0051508 0.00481754 0.00708947
v -0.00266849 -0.00891007 0.00367286
v -0.00505931 0.00509041 0.00696355
v -0.00283168 -0.00876307 0.00389747
v -0.00496283 0.00535827 0.00683076
v -0.00299207 -0.00860742 0.00411823
v -0.00486146 0.00562083 0.00669122
v -0.00314951 -0.00844328 0.00433493
v -0.00475529 0.00587785 0.00654509
v -0.00330384 -0.00827081 0.00454734
v -0.00464441 0.00612907 0.00639248
v -0.00345491 -0.00809017 0.00475528
v -0.00452896 0.00637424 0.00623358
v -0.00360258 -0.00790155 0.00495852
v -0.00440905 0.00661312 0.00606853
v -0.00374668 -0.00770513 0.00515686
v -0.00428477 0.00684547 0.00589748
v -0.00388709 -0.00750111 0.00535013
v -0.00415627 0.00707107 0.00572061
v -0.00402367 -0.00728969 0.00553811
v -0.00402367 0.00728969 0.0055381
v -0.00415627 -0.00707107 0.00572061
v -0.00388709 0.00750111 0.00535013
v -0.00428477 -0.00684547 0.00589748
v -0.00374668 0.00770513 0.00515686
v -0.00440905 -0.00661312 0.00606853
v -0.00360258 0.00790155 0.00495852
v -0.00452896 -0.00637424 0.00623358
v -0.00345491 0.00809017 0.00475528
v -0.00464441 -0.00612907 0.00639248
v -0.00330384 0.00827081 0.00454734
v -0.00475529 -0.00587785 0.00654509
v -0.00314951 0.00844328 0.00433493
v -0.00486146 -0.00562083 0.00669123
v -0.00299207 0.00860742 0.00411823
v -0.00496283 -0.00535827 0.00683076
v -0.00283168 0.00876307 0.00389747
v -0.00505931 -0.00509041 0.00696355
v -0.00266849 0.00891007 0.00367286
v -0.0051508 -0.00481754 0.00708947
v -0.00250267 0.00904827 0.00344463
v -0.0052372 -0.00453991 0.0072084
v -0.00233438 0.00917755 0.00321299
v -0.00531844 -0.00425779 0.00732021
v -0.00216378 0.00929776 0.00297819
v -0.00539442 -0.00397148 0.00742479
v -0.00199105 0.00940881 0.00274045
v -0.00546509 -0.00368124 0.00752205
v -0.00181636 0.00951057 0.0025
v -0.00553036 -0.00338738 0.00761189
v -0.00163987 0.00960294 0.00225709
v -0.00559017 -0.00309017 0.00769421
v -0.00146176 0.00968583 0.00201194
v -0.00564446 -0.00278991 0.00776894
v -0.00128221 0.00975917 0.00176481
v -0.00569319 -0.0024869 0.007836
v -0.0011014 0.00982287 0.00151595
v -0.00573629 -0.00218143 0.00789534
v -0.0009195 0.00987688 0.00126558
v -0.00577373 -0.00187381 0.00794687
v -0.00073669 0.00992115 0.00101397
v -0.00580548 -0.00156434 0.00799056
v -0.00055316 0.00995562 0.00076135
v -0.00583151 -0.00125333 0.00802638
v -0.00036907 0.00998027 0.00050799
v -0.00585177 -0.00094108 0.00805427
v -0.00018463 0.00999506 0.00025412
v -0.00586625 -0.0006279 0.00807421
v -0.00587495 -0.00031411 0.00808618
v -0.00587785 0 0.00809017
v -0.00587495 0.00031411 0.00808618
v -0.00586625 0.00062791 0.00807421
v -0.00018463 -0.00999506 0.00025412
v -0.00585177 0.00094108 0.00805427
v -0.00036907 -0.00998027 0.00050799
v -0.00583151 0.00125333 0.00802638
v -0.00055316 -0.00995562 0.00076135
v -0.00580548 0.00156435 0.00799056
v -0.00073669 -0.00992115 0.00101397
v -0.00577373 0.00187381 0.00794687
v -0.0009195 -0.00987688 0.00126558
v -0.00573629 0.00218143 0.00789534
v -0.0011014 -0.00982287 0.00151595
v -0.00569319 0.0024869 0.007836
v -0.00128221 -0.00975917 0.00176482
v -0.00564446 0.00278991 0.00776894
v -0.00146176 -0.00968583 0.00201194
v -0.00559017 0.00309017 0.00769421
v -0.00163987 -0.00960294 0.00225709
v -0.00553036 0.00338738 0.00761188
v -0.00181636 -0.00951057 0.0025
v -0.00546509 0.00368125 0.00752205
v -0.00199105 -0.00940881 0.00274045
v -0.00539442 0.00397148 0.00742479
v -0.0052923 -0.00156434 0.00833932
v -0.00272758 -0.00860742 0.00429798
v -0.00050426 0.00995562 0.00079458
v -0.00531602 -0.00125333 0.00837671
v -0.0028711 -0.00844328 0.00452414
v -0.00033645 0.00998027 0.00053016
v -0.00533449 -0.00094108 0.00840581
v -0.00301179 -0.00827081 0.00474582
v -0.00016831 0.00999506 0.00026521
v -0.00534769 -0.0006279 0.00842662
v -0.00314951 -0.00809017 0.00496283
v -0.00535562 -0.00031411 0.00843911
v -0.00328412 -0.00790155 0.00517495
v -0.00535826 0 0.00844327
v -0.00341548 -0.00770513 0.00538195
v -0.00535562 0.00031411 0.00843911
v -0.00354349 -0.00750111 0.00558364
v -0.00534769 0.00062791 0.00842662
v -0.00366799 -0.00728969 0.00577983
v -0.00533449 0.00094108 0.00840581
v -0.00378886 -0.00707107 0.0059703
v -0.00531602 0.00125333 0.00837671
v -0.00390601 -0.00684547 0.00615489
v -0.0052923 0.00156435 0.00833932
v -0.0040193 -0.00661312 0.00633341
v -0.00526335 0.00187381 0.00829372
v -0.00412862 -0.00637424 0.00650566
v -0.00522922 0.00218143 0.00823994
v -0.00423386 -0.00612907 0.0066715
v -0.00518992 0.0024869 0.00817801
v -0.00514551 0.00278991 0.00810803
v -0.00509602 0.00309017 0.00803004
v -0.00504149 0.00338738 0.00794412
v -0.00498199 0.00368125 0.00785036
v -0.00491757 0.00397148 0.00774886
v -0.00484831 0.00425779 0.00763971
v -0.00477425 0.00453991 0.00752302
v -0.00469549 0.00481754 0.0073989
v -0.00461209 0.00509041 0.00726748
v -0.00452413 0.00535827 0.0071289
v -0.00443172 0.00562083 0.00698327
v -0.00433493 0.00587785 0.00683077
v -0.00423386 0.00612907 0.00667149
v -0.00412862 0.00637424 0.00650566
v -0.0040193 0.00661312 0.00633341
v -0.00390601 0.00684547 0.00615489
v -0.00378886 0.00707107 0.0059703
v -0.00366799 0.00728969 0.00577983
v -0.00354349 0.00750111 0.00558364
v -0.00341548 0.00770513 0.00538194
v -0.00328412 0.00790155 0.00517495
v -0.00314951 0.00809017 0.00496283
v -0.00016831 -0.00999506 0.00026521
v -0.00301179 0.00827081 0.00474582
v -0.00433493 -0.00587785 0.00683077
v -0.00033645 -0.00998027 0.00053016
v -0.0028711 0.00844328 0.00452414
v -0.00443172 -0.00562083 0.00698328
v -0.00050426 -0.00995562 0.00079458
v -0.00272758 0.00860742 0.00429798
v -0.00452413 -0.00535827 0.0071289
v -0.00067157 -0.00992115 0.00105822
v -0.00258136 0.00876307 0.00406758
v -0.00461209 -0.00509041 0.00726748
v -0.00083822 -0.00987688 0.00132082
v -0.0024326 0.00891007 0.00383317
v -0.00469549 -0.00481754 0.00739891
v -0.00100404 -0.00982287 0.00158212
v -0.00228144 0.00904827 0.00359497
v -0.00477425 -0.00453991 0.00752302
v -0.00116887 -0.00975917 0.00184184
v -0.00212802 0.00917755 0.00335323
v -0.00484831 -0.00425779 0.00763971
v -0.00133255 -0.00968583 0.00209976
v -0.00197251 0.00929776 0.00310818
v -0.00491757 -0.00397148 0.00774886
v -0.00149491 -0.00960294 0.0023556
v -0.00181505 0.00940881 0.00286006
v -0.00498199 -0.00368124 0.00785036
v -0.0016558 -0.00951057 0.00260912
v -0.0016558 0.00951057 0.00260912
v -0.00504149 -0.00338738 0.00794412
v -0.00181505 -0.00940881 0.00286006
v -0.00149491 0.00960294 0.0023556
v -0.00509602 -0.00309017 0.00803004
v -0.00197251 -0.00929776 0.00310818
v -0.00133255 0.00968583 0.00209976
v -0.00514551 -0.00278991 0.00810803
v -0.00212802 -0.00917755 0.00335323
v -0.00116887 0.00975917 0.00184184
v -0.00518992 -0.0024869 0.00817801
v -0.00228144 -0.00904827 0.00359498
v -0.00100404 0.00982287 0.00158211
v -0.00522922 -0.00218143 0.00823994
v -0.0024326 -0.00891007 0.00383317
v -0.00083822 0.00987688 0.00132082
v -0.00526335 -0.00187381 0.00829372
v -0.00258136 -0.00876307 0.00406758
v -0.00067157 0.00992115 0.00105822
v -0.00481516 -0.00031411 0.00875874
v -0.00481753 0 0.00876306
v -0.00481516 0.00031411 0.00875874
v -0.00480803 0.00062791 0.00874578
v -0.00015132 -0.00999506 0.00027526
v -0.00479616 0.00094108 0.00872418
v -0.0003025 -0.00998027 0.00055024
v -0.00477955 0.00125333 0.00869398
v -0.00045337 -0.00995562 0.00082468
v -0.00475822 0.00156435 0.00865517
v -0.0006038 -0.00992115 0.0010983
v -0.0047322 0.00187381 0.00860784
v -0.00075363 -0.00987688 0.00137085
v -0.00470151 0.00218143 0.00855203
v -0.00090272 -0.00982287 0.00164204
v -0.00466618 0.0024869 0.00848776
v -0.00105091 -0.00975917 0.0019116
v -0.00462625 0.00278991 0.00841512
v -0.00119807 -0.00968583 0.00217929
v -0.00458175 0.00309017 0.00833417
v -0.00134405 -0.00960294 0.00244482
v -0.00453273 0.00338738 0.008245
v -0.0014887 -0.00951057 0.00270794
v -0.00447923 0.00368125 0.00814769
v -0.00163188 -0.00940881 0.00296838
v -0.00442131 0.00397148 0.00804234
v -0.00177345 -0.00929776 0.0032259
v -0.00435904 0.00425779 0.00792906
v -0.00191327 -0.00917755 0.00348023
v -0.00429246 0.00453991 0.00780795
v -0.00205121 -0.00904827 0.00373113
v -0.00422164 0.00481754 0.00767914
v -0.00218712 -0.00891007 0.00397835
v -0.00414666 0.00509041 0.00754274
v -0.00232086 -0.00876307 0.00422164
v -0.00406758 0.00535827 0.0073989
v -0.00245232 -0.00860742 0.00446076
v -0.00398449 0.00562083 0.00724777
v -0.00258137 -0.00844328 0.00469549
v -0.00389747 0.00587785 0.00708948
v -0.00270785 -0.00827081 0.00492557
v -0.0038066 0.00612907 0.00692418
v -0.00283167 -0.00809017 0.0051508
v -0.00371198 0.00637424 0.00675206
v -0.0029527 -0.00790155 0.00537095
v -0.00361369 0.00661312 0.00657328
v -0.00307081 -0.00770513 0.00558579
v -0.00351183 0.00684547 0.006388
v -0.00318589 -0.00750111 0.00579512
v -0.00340651 0.00707107 0.00619642
v -0.00329783 -0.00728969 0.00599874
v -0.00329783 0.00728969 0.00599873
v -0.00340651 -0.00707107 0.00619642
v -0.00318589 0.00750111 0.00579512
v -0.00351183 -0.00684547 0.006388
v -0.00307081 0.00770513 0.00558578
v -0.00361369 -0.00661312 0.00657328
v -0.0029527 0.00790155 0.00537095
v -0.00371198 -0.00637424 0.00675206
v -0.00283167 0.00809017 0.0051508
v -0.0038066 -0.00612907 0.00692418
v -0.00270785 0.00827081 0.00492557
v -0.00389747 -0.00587785 0.00708948
v -0.00258137 0.00844328 0.00469549
v -0.00398449 -0.00562083 0.00724777
v -0.00245232 0.00860742 0.00446076
v -0.00406758 -0.00535827 0.0073989
v -0.00232086 0.00876307 0.00422164
v -0.00414666 -0.00509041 0.00754274
v -0.00218712 0.00891007 0.00397835
v -0.00422164 -0.00481754 0.00767914
v -0.00205121 0.00904827 0.00373113
v -0.00429246 -0.00453991 0.00780795
v -0.00191327 0.00917755 0.00348023
v -0.00435904 -0.00425779 0.00792906
v -0.00177345 0.00929776 0.0032259
v -0.00442131 -0.00397148 0.00804234
v -0.00163188 0.00940881 0.00296838
v -0.00447923 -0.00368124 0.00814769
v -0.0014887 0.00951057 0.00270794
v -0.00453273 -0.00338738 0.008245
v -0.00134405 0.00960294 0.00244482
v -0.00458175 -0.00309017 0.00833417
v -0.00119807 0.00968583 0.00217928
v -0.00462625 -0.00278991 0.00841512
v -0.00105091 0.00975917 0.0019116
v -0.00466618 -0.0024869 0.00848776
v -0.00090272 0.00982287 0.00164204
v -0.00470151 -0.00218143 0.00855203
v -0.00075363 0.00987688 0.00137084
v -0.0047322 -0.00187381 0.00860784
v -0.0006038 0.00992115 0.0010983
v -0.00475822 -0.00156434 0.00865517
v -0.00045337 0.00995562 0.00082468
v -0.00477955 -0.00125333 0.00869398
v -0.0003025 0.00998027 0.00055024
v -0.00479616 -0.00094108 0.00872418
v -0.00015132 0.00999506 0.00027525
v -0.00480803 -0.0006279 0.00874578
v -0.00422422 0.00125333 0.00897693
v -0.00040069 -0.00995562 0.00085152
v -0.00420537 0.00156435 0.00893687
v -0.00053364 -0.00992115 0.00113405
v -0.00418237 0.00187381 0.008888
v -0.00066607 -0.00987688 0.00141546
v -0.00415525 0.00218143 0.00883036
v -0.00079783 -0.00982287 0.00169548
v -0.00412402 0.0024869 0.008764
v -0.00092881 -0.00975917 0.00197382
v -0.00408873 0.00278991 0.00868899
v -0.00105887 -0.00968583 0.00225021
v -0.0040494 0.00309017 0.00860542
v -0.00118789 -0.00960294 0.00252439
v -0.00400608 0.00338738 0.00851334
v -0.00131573 -0.00951057 0.00279607
v -0.00395879 0.00368125 0.00841287
v -0.00144227 -0.00940881 0.00306499
v -0.00390761 0.00397148 0.00830409
v -0.0015674 -0.00929776 0.00333089
v -0.00385257 0.00425779 0.00818712
v -0.00169097 -0.00917755 0.0035935
v -0.00379372 0.00453991 0.00806207
v -0.00181288 -0.00904827 0.00385257
v -0.00373113 0.00481754 0.00792906
v -0.001933 -0.00891007 0.00410783
v -0.00366486 0.00509041 0.00778822
v -0.00205121 -0.00876307 0.00435904
v -0.00359497 0.00535827 0.00763971
v -0.00216739 -0.00860742 0.00460594
v -0.00352154 0.00562083 0.00748365
v -0.00228144 -0.00844328 0.00484831
v -0.00344463 0.00587785 0.00732021
v -0.00239323 -0.00827081 0.00508588
v -0.00336431 0.00612907 0.00714953
v -0.00250266 -0.00809017 0.00531844
v -0.00328069 0.00637424 0.00697181
v -0.00260963 -0.00790155 0.00554575
v -0.00319382 0.00661312 0.00678722
v -0.00271401 -0.00770513 0.00576758
v -0.0031038 0.00684547 0.00659591
v -0.00281573 -0.00750111 0.00598373
v -0.00301071 0.00707107 0.00639809
v -0.00291466 -0.00728969 0.00619397
v -0.00291466 0.00728969 0.00619397
v -0.00301071 -0.00707107 0.00639809
v -0.00281573 0.00750111 0.00598373
v -0.0031038 -0.00684547 0.00659591
v -0.00271401 0.00770513 0.00576758
v -0.00319382 -0.00661312 0.00678722
v -0.00260963 0.00790155 0.00554575
v -0.00328069 -0.00637424 0.00697181
v -0.00250266 0.00809017 0.00531844
v -0.00336431 -0.00612907 0.00714953
v -0.00239323 0.00827081 0.00508588
v -0.00344463 -0.00587785 0.00732022
v -0.00228144 0.00844328 0.00484831
v -0.00352154 -0.00562083 0.00748365
v -0.00216739 0.00860742 0.00460594
v -0.00359497 -0.00535827 0.00763971
v -0.00205121 0.00876307 0.00435904
v -0.00366486 -0.00509041 0.00778823
v -0.001933 0.00891007 0.00410783
v -0.00373113 -0.00481754 0.00792906
v -0.00181288 0.00904827 0.00385257
v -0.00379372 -0.00453991 0.00806207
v -0.00169097 0.00917755 0.0035935
v -0.00385257 -0.00425779 0.00818712
v -0.0015674 0.00929776 0.00333089
v -0.00390761 -0.00397148 0.00830409
v -0.00144227 0.00940881 0.00306499
v -0.00395879 -0.00368124 0.00841287
v -0.00131573 0.00951057 0.00279607
v -0.00400608 -0.00338738 0.00851334
v -0.00118789 0.00960294 0.00252439
v -0.0040494 -0.00309017 0.00860542
v -0.00105887 0.00968583 0.00225021
v -0.00408873 -0.00278991 0.00868899
v -0.00092881 0.00975917 0.00197382
v -0.00412402 -0.0024869 0.008764
v -0.00079783 0.00982287 0.00169548
v -0.00415525 -0.00218143 0.00883036
v -0.00066607 0.00987688 0.00141546
v -0.00418237 -0.00187381 0.008888
v -0.00053364 0.00992115 0.00113405
v -0.00420537 -0.00156434 0.00893687
v -0.00040069 0.00995562 0.00085152
v -0.00422422 -0.00125333 0.00897693
v -0.00026735 0.00998027 0.00056814
v -0.0042389 -0.00094108 0.00900812
v -0.00013374 0.00999506 0.00028421
v -0.00424939 -0.0006279 0.00903042
v -0.00425569 -0.00031411 0.0090438
v -0.00425779 0 0.00904827
v -0.00425569 0.00031411 0.0090438
v -0.00424939 0.00062791 0.00903042
v -0.00013374 -0.00999506 0.00028421
v -0.0042389 0.00094108 0.00900812
v -0.00026735 -0.00998027 0.00056815
v -0.00353508 0.00278991 0.00892858
v -0.00080304 -0.00975917 0.00202825
v -0.00091549 -0.00968583 0.00231226
v -0.00350107 0.00309017 0.0088427
v -0.00102704 -0.00960294 0.002594
v -0.00346361 0.00338738 0.00874809
v -0.00113757 -0.00951057 0.00287317
v -0.00342273 0.00368125 0.00864484
v -0.00124698 -0.00940881 0.00314951
v -0.00337848 0.00397148 0.00853306
v -0.00135516 -0.00929776 0.00342274
v -0.00333089 0.00425779 0.00841287
v -0.001462 -0.00917755 0.00369259
v -0.00328001 0.00453991 0.00828437
v -0.0015674 -0.00904827 0.0039588
v -0.0032259 0.00481754 0.0081477
v -0.00167125 -0.00891007 0.0042211
v -0.0031686 0.00509041 0.00800298
v -0.00177345 -0.00876307 0.00447923
v -0.00310818 0.00535827 0.00785036
v -0.00187391 -0.00860742 0.00473295
v -0.00304469 0.00562083 0.00769
v -0.00197251 -0.00844328 0.00498199
v -0.00297819 0.00587785 0.00752206
v -0.00206916 -0.00827081 0.00522611
v -0.00290875 0.00612907 0.00734667
v -0.00216378 -0.00809017 0.00546509
v -0.00283645 0.00637424 0.00716405
v -0.00225626 -0.00790155 0.00569867
v -0.00276135 0.00661312 0.00697436
v -0.00234651 -0.00770513 0.00592661
v -0.00268351 0.00684547 0.00677778
v -0.00243445 -0.00750111 0.00614872
v -0.00260303 0.00707107 0.00657451
v -0.00251999 -0.00728969 0.00636476
v -0.00251999 0.00728969 0.00636476
v -0.00260303 -0.00707107 0.00657451
v -0.00243445 0.00750111 0.00614872
v -0.00268351 -0.00684547 0.00677778
v -0.00234651 0.00770513 0.00592661
v -0.00276135 -0.00661312 0.00697437
v -0.00225626 0.00790155 0.00569867
v -0.00283645 -0.00637424 0.00716405
v -0.00216378 0.00809017 0.00546509
v -0.00290875 -0.00612907 0.00734667
v -0.00206916 0.00827081 0.00522611
v -0.00297819 -0.00587785 0.00752206
v -0.00197251 0.00844328 0.00498199
v -0.00304469 -0.00562083 0.00769001
v -0.00187391 0.00860742 0.00473294
v -0.00310818 -0.00535827 0.00785036
v -0.00177345 0.00876307 0.00447923
v -0.0031686 -0.00509041 0.00800298
v -0.00167125 0.00891007 0.0042211
v -0.0032259 -0.00481754 0.0081477
v -0.0015674 0.00904827 0.0039588
v -0.00328001 -0.00453991 0.00828437
v -0.001462 0.00917755 0.00369259
v -0.00333089 -0.00425779 0.00841287
v -0.00135516 0.00929776 0.00342273
v -0.00337848 -0.00397148 0.00853306
v -0.00124698 0.00940881 0.0031495
v -0.00342273 -0.00368124 0.00864484
v -0.00113757 0.00951057 0.00287317
v -0.00346361 -0.00338738 0.00874809
v -0.00102704 0.00960294 0.002594
v -0.00350107 -0.00309017 0.0088427
v -0.00091549 0.00968583 0.00231226
v -0.00353508 -0.00278991 0.00892858
v -0.00080304 0.00975917 0.00202824
v -0.00356559 -0.0024869 0.00900565
v -0.0006898 0.00982287 0.00174223
v -0.00359259 -0.00218143 0.00907385
v -0.00057587 0.00987688 0.00145449
v -0.00361604 -0.00187381 0.00913307
v -0.00046138 0.00992115 0.00116532
v -0.00363592 -0.00156434 0.00918329
v -0.00034644 0.00995562 0.000875
v -0.00365222 -0.00125333 0.00922446
v -0.00023115 0.00998027 0.00058381
v -0.00366491 -0.00094108 0.00925651
v -0.00011563 0.00999506 0.00029205
v -0.00367398 -0.0006279 0.00927942
v -0.00367943 -0.00031411 0.00929318
v -0.00368124 0 0.00929776
v -0.00367943 0.00031411 0.00929318
v -0.00367398 0.00062791 0.00927942
v -0.00011563 -0.00999506 0.00029205
v -0.00366491 0.00094108 0.00925651
v -0.00023115 -0.00998027 0.00058381
v -0.00365222 0.00125333 0.00922446
v -0.00034644 -0.00995562 0.000875
v -0.00363592 0.00156435 0.00918329
v -0.00046138 -0.00992115 0.00116532
v -0.00361604 0.00187381 0.00913307
v -0.00057587 -0.00987688 0.00145449
v -0.00359259 0.00218143 0.00907385
v -0.0006898 -0.00982287 0.00174223
v -0.00356559 0.0024869 0.00900565
v -0.00113757 -0.00929776 0.00350107
v -0.00279607 0.00425779 0.00860542
v -0.00122725 -0.00917755 0.0037771
v -0.00275336 0.00453991 0.00847398
v -0.00131573 -0.00904827 0.0040494
v -0.00270794 0.00481754 0.00833417
v -0.00140291 -0.00891007 0.00431771
v -0.00265984 0.00509041 0.00818614
v -0.0014887 -0.00876307 0.00458175
v -0.00260911 0.00535827 0.00803004
v -0.00157302 -0.00860742 0.00484127
v -0.00255582 0.00562083 0.00786601
v -0.0016558 -0.00844328 0.00509602
v -0.0025 0.00587785 0.00769422
v -0.00173693 -0.00827081 0.00534572
v -0.00244171 0.00612907 0.00751482
v -0.00181635 -0.00809017 0.00559017
v -0.00238102 0.00637424 0.00732802
v -0.00189399 -0.00790155 0.00582909
v -0.00231797 0.00661312 0.00713399
v -0.00196974 -0.00770513 0.00606226
v -0.00225264 0.00684547 0.00693291
v -0.00204357 -0.00750111 0.00628945
v -0.00218508 0.00707107 0.00672498
v -0.00211537 -0.00728969 0.00651043
v -0.00211537 0.00728969 0.00651043
v -0.00218508 -0.00707107 0.00672498
v -0.00204357 0.00750111 0.00628945
v -0.00225264 -0.00684547 0.00693291
v -0.00196974 0.00770513 0.00606226
v -0.00231797 -0.00661312 0.00713399
v -0.00189399 0.00790155 0.00582909
v -0.00238102 -0.00637424 0.00732802
v -0.00181635 0.00809017 0.00559017
v -0.00244171 -0.00612907 0.00751482
v -0.00173693 0.00827081 0.00534572
v -0.0025 -0.00587785 0.00769422
v -0.0016558 0.00844328 0.00509602
v -0.00255582 -0.00562083 0.00786601
v -0.00157302 0.00860742 0.00484127
v -0.00260911 -0.00535827 0.00803004
v -0.0014887 0.00876307 0.00458175
v -0.00265984 -0.00509041 0.00818614
v -0.00140291 0.00891007 0.00431771
v -0.00270794 -0.00481754 0.00833417
v -0.00131573 0.00904827 0.0040494
v -0.00275336 -0.00453991 0.00847398
v -0.00122725 0.00917755 0.0037771
v -0.00279607 -0.00425779 0.00860542
v -0.00113757 0.00929776 0.00350107
v -0.00283601 -0.00397148 0.00872836
v -0.00104676 0.00940881 0.00322159
v -0.00287317 -0.00368124 0.0088427
v -0.00095492 0.00951057 0.00293893
v -0.00290748 -0.00338738 0.00894831
v -0.00086213 0.00960294 0.00265337
v -0.00293893 -0.00309017 0.00904509
v -0.00076849 0.00968583 0.00236518
v -0.00296747 -0.00278991 0.00913293
v -0.0006741 0.00975917 0.00207466
v -0.00299308 -0.0024869 0.00921177
v -0.00057904 0.00982287 0.0017821
v -0.00301575 -0.00218143 0.00928153
v -0.00048341 0.00987688 0.00148778
v -0.00303543 -0.00187381 0.0093421
v -0.0003873 0.00992115 0.00119199
v -0.00305212 -0.00156434 0.00939347
v -0.00029081 0.00995562 0.00089502
v -0.00306581 -0.00125333 0.00943558
v -0.00019403 0.00998027 0.00059717
v -0.00307646 -0.00094108 0.00946836
v -9.706E-05 0.00999506 0.00029873
v -0.00308407 -0.0006279 0.0094918
v -0.00308864 -0.00031411 0.00950587
v -0.00309017 0 0.00951056
v -0.00308864 0.00031411 0.00950587
v -0.00308407 0.00062791 0.0094918
v -9.706E-05 -0.00999506 0.00029873
v -0.00307646 0.00094108 0.00946836
v -0.00019403 -0.00998027 0.00059717
v -0.00306581 0.00125333 0.00943558
v -0.00029081 -0.00995562 0.00089502
v -0.00305212 0.00156435 0.00939347
v -0.0003873 -0.00992115 0.00119199
v -0.00303543 0.00187381 0.0093421
v -0.00048341 -0.00987688 0.00148778
v -0.00301575 0.00218143 0.00928153
v -0.00057904 -0.00982287 0.0017821
v -0.00299308 0.0024869 0.00921177
v -0.0006741 -0.00975917 0.00207467
v -0.00296747 0.00278991 0.00913293
v -0.00076849 -0.00968583 0.00236518
v -0.00293893 0.00309017 0.00904509
v -0.00086213 -0.00960294 0.00265337
v -0.00290748 0.00338738 0.00894831
v -0.00095492 -0.00951057 0.00293893
v -0.00287317 0.00368125 0.0088427
v -0.00104676 -0.00940881 0.00322159
v -0.00283601 0.00397148 0.00872836
v -0.00214058 0.00509041 0.008337
v -0.00209976 0.00535827 0.00817802
v -0.00126593 -0.00860742 0.00493049
v -0.00205687 0.00562083 0.00801097
v -0.00133255 -0.00844328 0.00518993
v -0.00201194 0.00587785 0.00783601
v -0.00139784 -0.00827081 0.00544424
v -0.00196503 0.00612907 0.0076533
v -0.00146176 -0.00809017 0.00569319
v -0.00191619 0.00637424 0.00746306
v -0.00152424 -0.00790155 0.00593652
v -0.00186545 0.00661312 0.00726546
v -0.00158521 -0.00770513 0.00617398
v -0.00181287 0.00684547 0.00706067
v -0.00164462 -0.00750111 0.00640536
v -0.0017585 0.00707107 0.00684891
v -0.0017024 -0.00728969 0.00663041
v -0.0017024 0.00728969 0.00663041
v -0.0017585 -0.00707107 0.00684891
v -0.00164462 0.00750111 0.00640536
v -0.00181287 -0.00684547 0.00706067
v -0.00158521 0.00770513 0.00617398
v -0.00186545 -0.00661312 0.00726546
v -0.00152424 0.00790155 0.00593652
v -0.00191619 -0.00637424 0.00746306
v -0.00146176 0.00809017 0.00569318
v -0.00196503 -0.00612907 0.0076533
v -0.00139784 0.00827081 0.00544424
v -0.00201194 -0.00587785 0.00783601
v -0.00133255 0.00844328 0.00518993
v -0.00205687 -0.00562083 0.00801097
v -0.00126593 0.00860742 0.00493049
v -0.00209976 -0.00535827 0.00817802
v -0.00119807 0.00876307 0.00466618
v -0.00214058 -0.00509041 0.008337
v -0.00112903 0.00891007 0.00439728
v -0.00217929 -0.00481754 0.00848776
v -0.00105887 0.00904827 0.00412403
v -0.00221584 -0.00453991 0.00863014
v -0.00098767 0.00917755 0.00384671
v -0.00225021 -0.00425779 0.00876401
v -0.00091549 0.00929776 0.00356559
v -0.00228236 -0.00397148 0.00888921
v -0.00084241 0.00940881 0.00328096
v -0.00231226 -0.00368124 0.00900566
v -0.00076849 0.00951057 0.00299309
v -0.00233988 -0.00338738 0.00911321
v -0.00069382 0.00960294 0.00270226
v -0.00236518 -0.00309017 0.00921177
v -0.00061847 0.00968583 0.00240877
v -0.00238815 -0.00278991 0.00930124
v -0.0005425 0.00975917 0.0021129
v -0.00240877 -0.0024869 0.00938153
v -0.000466 0.00982287 0.00181495
v -0.002427 -0.00218143 0.00945257
v -0.00038904 0.00987688 0.0015152
v -0.00244284 -0.00187381 0.00951426
v -0.00031169 0.00992115 0.00121396
v -0.00245628 -0.00156434 0.00956658
v -0.00023404 0.00995562 0.00091152
v -0.00246729 -0.00125333 0.00960947
v -0.00015615 0.00998027 0.00060818
v -0.00247586 -0.00094108 0.00964285
v -7.812E-05 0.00999506 0.00030424
v -0.00248199 -0.0006279 0.00966672
v -0.00248567 -0.00031411 0.00968105
v -0.0024869 0 0.00968583
v -0.00248567 0.00031411 0.00968105
v -0.00248199 0.00062791 0.00966672
v -7.812E-05 -0.00999506 0.00030424
v -0.00247586 0.00094108 0.00964285
v -0.00015615 -0.00998027 0.00060818
v -0.00246729 0.00125333 0.00960947
v -0.00023404 -0.00995562 0.00091152
v -0.00245628 0.00156435 0.00956658
v -0.00031169 -0.00992115 0.00121396
v -0.00244284 0.00187381 0.00951426
v -0.00038904 -0.00987688 0.0015152
v -0.002427 0.00218143 0.00945257
v -0.000466 -0.00982287 0.00181495
v -0.00240877 0.0024869 0.00938153
v -0.0005425 -0.00975917 0.0021129
v -0.00238815 0.00278991 0.00930124
v -0.00061847 -0.00968583 0.00240877
v -0.00236518 0.00309017 0.00921177
v -0.00069382 -0.00960294 0.00270226
v -0.00233988 0.00338738 0.00911321
v -0.00076849 -0.00951057 0.00299309
v -0.00231226 0.00368125 0.00900566
v -0.00084241 -0.00940881 0.00328096
v -0.00228236 0.00397148 0.00888921
v -0.00091549 -0.00929776 0.00356559
v -0.00225021 0.00425779 0.00876401
v -0.00098767 -0.00917755 0.00384671
v -0.00221584 0.00453991 0.00863014
v -0.00105887 -0.00904827 0.00412403
v -0.00217929 0.00481754 0.00848776
v -0.00112903 -0.00891007 0.00439728
v -0.00119807 -0.00876307 0.00466618
v -0.00114847 -0.00790155 0.00602051
v -0.0014438 0.00637424 0.00756865
v -0.00140557 0.00661312 0.00736825
v -0.00119441 -0.00770513 0.00626133
v -0.00136595 0.00684547 0.00716057
v -0.00123917 -0.00750111 0.00649598
v -0.00132498 0.00707107 0.00694581
v -0.00128272 -0.00728969 0.00672422
v -0.00128272 0.00728969 0.00672422
v -0.00132498 -0.00707107 0.00694581
v -0.00123917 0.00750111 0.00649598
v -0.00136595 -0.00684547 0.00716057
v -0.00119441 0.00770513 0.00626133
v -0.00140557 -0.00661312 0.00736825
v -0.00114847 0.00790155 0.00602051
v -0.0014438 -0.00637424 0.00756865
v -0.0011014 0.00809017 0.00577374
v -0.0014806 -0.00612907 0.00776159
v -0.00105324 0.00827081 0.00552127
v -0.00151595 -0.00587785 0.00794688
v -0.00100404 0.00844328 0.00526336
v -0.00154979 -0.00562083 0.00812431
v -0.00095385 0.00860742 0.00500025
v -0.00158211 -0.00535827 0.00829373
v -0.00090272 0.00876307 0.0047322
v -0.00161287 -0.00509041 0.00845496
v -0.00085069 0.00891007 0.00445949
v -0.00164204 -0.00481754 0.00860785
v -0.00079783 0.00904827 0.00418238
v -0.00166958 -0.00453991 0.00875225
v -0.00074418 0.00917755 0.00390113
v -0.00169548 -0.00425779 0.00888801
v -0.0006898 0.00929776 0.00361604
v -0.0017197 -0.00397148 0.00901498
v -0.00063473 0.00940881 0.00332738
v -0.00174223 -0.00368124 0.00913308
v -0.00057904 0.00951057 0.00303544
v -0.00176304 -0.00338738 0.00924215
v -0.00052278 0.00960294 0.0027405
v -0.0017821 -0.00309017 0.00934211
v -0.000466 0.00968583 0.00244285
v -0.00179941 -0.00278991 0.00943284
v -0.00040876 0.00975917 0.00214279
v -0.00181494 -0.0024869 0.00951427
v -0.00035112 0.00982287 0.00184062
v -0.00182868 -0.00218143 0.00958631
v -0.00029313 0.00987688 0.00153663
v -0.00184062 -0.00187381 0.00964888
v -0.00023485 0.00992115 0.00123113
v -0.00185074 -0.00156434 0.00970193
v -0.00017634 0.00995562 0.00092441
v -0.00185904 -0.00125333 0.00974543
v -0.00011766 0.00998027 0.00061678
v -0.0018655 -0.00094108 0.00977928
v -5.886E-05 0.00999506 0.00030854
v -0.00187011 -0.0006279 0.00980349
v -0.00187289 -0.00031411 0.00981802
v -0.00187381 0 0.00982287
v -0.00187289 0.00031411 0.00981802
v -0.00187011 0.00062791 0.00980349
v -5.886E-05 -0.00999506 0.00030854
v -0.0018655 0.00094108 0.00977928
v -0.00011766 -0.00998027 0.00061678
v -0.00185904 0.00125333 0.00974543
v -0.00017634 -0.00995562 0.00092442
v -0.00185074 0.00156435 0.00970193
v -0.00023485 -0.00992115 0.00123113
v -0.00184062 0.00187381 0.00964888
v -0.00029313 -0.00987688 0.00153664
v -0.00182868 0.00218143 0.00958631
v -0.00035112 -0.00982287 0.00184063
v -0.00181494 0.0024869 0.00951427
v -0.00040876 -0.00975917 0.00214279
v -0.00179941 0.00278991 0.00943284
v -0.000466 -0.00968583 0.00244285
v -0.0017821 0.00309017 0.00934211
v -0.00052278 -0.00960294 0.0027405
v -0.00176304 0.00338738 0.00924215
v -0.00057904 -0.00951057 0.00303544
v -0.00174223 0.00368125 0.00913308
v -0.00063473 -0.00940881 0.00332738
v -0.0017197 0.00397148 0.00901498
v -0.0006898 -0.00929776 0.00361604
v -0.00169548 0.00425779 0.00888801
v -0.00074418 -0.00917755 0.00390113
v -0.00166958 0.00453991 0.00875225
v -0.00079783 -0.00904827 0.00418238
v -0.00164204 0.00481754 0.00860785
v -0.00085069 -0.00891007 0.00445949
v -0.00161287 0.00509041 0.00845496
v -0.00090272 -0.00876307 0.0047322
v -0.00158211 0.00535827 0.00829373
v -0.00095385 -0.00860742 0.00500025
v -0.00154979 0.00562083 0.00812431
v -0.00100404 -0.00844328 0.00526336
v -0.00151595 0.00587785 0.00794688
v -0.00105324 -0.00827081 0.00552127
v -0.0014806 0.00612907 0.00776159
v -0.0011014 -0.00809017 0.00577374
v -0.00085797 0.00728969 0.0067915
v -0.00082884 0.00750111 0.00656097
v -0.00091364 -0.00684547 0.00723221
v -0.0007989 0.00770513 0.00632397
v -0.00094014 -0.00661312 0.00744197
v -0.00076818 0.00790155 0.00608074
v -0.00096571 -0.00637424 0.00764438
v -0.00073669 0.00809017 0.0058315
v -0.00099033 -0.00612907 0.00783924
v -0.00070448 0.00827081 0.0055765
v -0.00101397 -0.00587785 0.00802639
v -0.00067157 0.00844328 0.00531602
v -0.00103661 -0.00562083 0.00820559
v -0.000638 0.00860742 0.00505027
v -0.00105822 -0.00535827 0.0083767
v -0.0006038 0.00876307 0.00477955
v -0.0010788 -0.00509041 0.00853955
v -0.000569 0.00891007 0.00450411
v -0.0010983 -0.00481754 0.00869397
v -0.00053364 0.00904827 0.00422422
v -0.00111673 -0.00453991 0.00883981
v -0.00049776 0.00917755 0.00394016
v -0.00113405 -0.00425779 0.00897693
v -0.00046138 0.00929776 0.00365222
v -0.00115025 -0.00397148 0.00910517
v -0.00042455 0.00940881 0.00336067
v -0.00116532 -0.00368124 0.00922445
v -0.0003873 0.00951057 0.00306581
v -0.00117924 -0.00338738 0.00933462
v -0.00034967 0.00960294 0.00276791
v -0.00119199 -0.00309017 0.00943557
v -0.00031169 0.00968583 0.00246729
v -0.00120357 -0.00278991 0.00952721
v -0.00027341 0.00975917 0.00216423
v -0.00121396 -0.0024869 0.00960945
v -0.00023485 0.00982287 0.00185904
v -0.00122314 -0.00218143 0.00968222
v -0.00019606 0.00987688 0.00155201
v -0.00123113 -0.00187381 0.00974541
v -0.00015708 0.00992115 0.00124345
v -0.0012379 -0.00156434 0.009799
v -0.00011795 0.00995562 0.00093366
v -0.00124345 -0.00125333 0.00984293
v -7.87E-05 0.00998027 0.00062295
v -0.00124777 -0.00094108 0.00987712
v -3.937E-05 0.00999506 0.00031163
v -0.00125086 -0.0006279 0.00990157
v -0.00125271 -0.00031411 0.00991625
v -0.00125333 0 0.00992114
v -0.00125271 0.00031411 0.00991625
v -0.00125086 0.00062791 0.00990157
v -3.937E-05 -0.00999506 0.00031163
v -0.00124777 0.00094108 0.00987712
v -7.87E-05 -0.00998027 0.00062295
v -0.00124345 0.00125333 0.00984293
v -0.00011795 -0.00995562 0.00093366
v -0.0012379 0.00156435 0.009799
v -0.00015708 -0.00992115 0.00124345
v -0.00123113 0.00187381 0.00974541
v -0.00019606 -0.00987688 0.00155201
v -0.00122314 0.00218143 0.00968222
v -0.00023485 -0.00982287 0.00185904
v -0.00121396 0.0024869 0.00960945
v -0.00027341 -0.00975917 0.00216423
v -0.00120357 0.00278991 0.00952721
v -0.00031169 -0.00968583 0.00246729
v -0.00119199 0.00309017 0.00943557
v -0.00034967 -0.00960294 0.00276792
v -0.00117924 0.00338738 0.00933462
v -0.0003873 -0.00951057 0.00306581
v -0.00116532 0.00368125 0.00922445
v -0.00042455 -0.00940881 0.00336067
v -0.00115025 0.00397148 0.00910517
v -0.00046138 -0.00929776 0.00365222
v -0.00113405 0.00425779 0.00897693
v -0.00049776 -0.00917755 0.00394016
v -0.00111673 0.00453991 0.00883981
v -0.00053364 -0.00904827 0.00422422
v -0.0010983 0.00481754 0.00869397
v -0.000569 -0.00891007 0.00450411
v -0.0010788 0.00509041 0.00853955
v -0.0006038 -0.00876307 0.00477955
v -0.00105822 0.00535827 0.0083767
v -0.000638 -0.00860742 0.00505027
v -0.00103661 0.00562083 0.00820559
v -0.00067157 -0.00844328 0.00531602
v -0.00101397 0.00587785 0.00802639
v -0.00070448 -0.00827081 0.0055765
v -0.00099033 0.00612907 0.00783924
v -0.00073669 -0.00809017 0.0058315
v -0.00096571 0.00637424 0.00764437
v -0.00076818 -0.00790155 0.00608074
v -0.00094014 0.00661312 0.00744197
v -0.0007989 -0.00770513 0.00632397
v -0.00091364 0.00684547 0.00723221
v -0.00082884 -0.00750111 0.00656097
v -0.00088624 0.00707107 0.0070153
v -0.00085797 -0.00728969 0.0067915
v -0.00088624 -0.00707107 0.0070153
v -7.87E-05 0.00992115 0.00125086
v -5.909E-05 0.00995562 0.00093923
v -0.00051933 -0.00562083 0.00825449
v -3.943E-05 0.00998027 0.00062667
v -0.00053016 -0.00535827 0.00842662
v -1.972E-05 0.00999506 0.00031349
v -0.00054047 -0.00509041 0.00859043
v -0.00055024 -0.00481754 0.00874578
v -0.00055947 -0.00453991 0.00889249
v -0.00056815 -0.00425779 0.00903042
v -0.00057626 -0.00397148 0.00915943
v -0.00058381 -0.00368124 0.00927942
v -0.00059078 -0.00338738 0.00939024
v -0.00059717 -0.00309017 0.0094918
v -0.00060297 -0.00278991 0.00958399
v -0.00060818 -0.0024869 0.00966671
v -0.00061278 -0.00218143 0.00973992
v -0.00061678 -0.00187381 0.00980348
v -0.00059717 0.00309017 0.0094918
v -0.00062017 -0.00156434 0.00985739
v -0.00059078 0.00338738 0.00939024
v -0.00062296 -0.00125333 0.00990158
v -0.00058381 0.00368125 0.00927942
v -0.00062512 -0.00094108 0.00993598
v -0.00057626 0.00397148 0.00915943
v -0.00062666 -0.0006279 0.00996058
v -0.00056815 0.00425779 0.00903042
v -0.0006276 -0.00031411 0.00997534
v -0.00055947 0.00453991 0.00889249
v -0.0006279 0 0.00998026
v -0.00055024 0.00481754 0.00874578
v -0.0006276 0.00031411 0.00997534
v -0.00054047 0.00509041 0.00859043
v -0.00062666 0.00062791 0.00996058
v -1.972E-05 -0.00999506 0.00031349
v -0.00053016 0.00535827 0.00842662
v -0.00062512 0.00094108 0.00993598
v -3.943E-05 -0.00998027 0.00062667
v -0.00051933 0.00562083 0.00825449
v -0.00062296 0.00125333 0.00990158
v -5.909E-05 -0.00995562 0.00093923
v -0.00050798 0.00587785 0.00807422
v -0.00062017 0.00156435 0.00985739
v -7.87E-05 -0.00992115 0.00125086
v -0.00049614 0.00612907 0.00788595
v -0.00061678 0.00187381 0.00980348
v -9.823E-05 -0.00987688 0.00156126
v -0.00048381 0.00637424 0.00768993
v -0.00061278 0.00218143 0.00973992
v -0.00011766 -0.00982287 0.00187012
v -0.000471 0.00661312 0.00748632
v -0.00060818 0.0024869 0.00966671
v -0.00013697 -0.00975917 0.00217713
v -0.00045772 0.00684547 0.0072753
v -0.00060297 0.00278991 0.00958399
v -0.00015615 -0.00968583 0.00248199
v -0.00044399 0.00707107 0.00705711
v -0.00017518 -0.00960294 0.00278441
v -0.00042983 0.00728969 0.00683197
v -0.00019403 -0.00951057 0.00308408
v -0.00041524 0.00750111 0.00660007
v -0.00021269 -0.00940881 0.00338069
v -0.00040024 0.00770513 0.00636165
v -0.00023115 -0.00929776 0.00367398
v -0.00038485 0.00790155 0.00611698
v -0.00024937 -0.00917755 0.00396364
v -0.00036907 0.00809017 0.00586625
v -0.00026735 -0.00904827 0.00424939
v -0.00035293 0.00827081 0.00560973
v -0.00028506 -0.00891007 0.00453095
v -0.00033645 0.00844328 0.00534769
v -0.00030249 -0.00876307 0.00480803
v -0.00031963 0.00860742 0.00508037
v -0.00031963 -0.00860742 0.00508037
v -0.00030249 0.00876307 0.00480803
v -0.00033645 -0.00844328 0.0053477
v -0.00028506 0.00891007 0.00453095
v -0.00035293 -0.00827081 0.00560973
v -0.00026735 0.00904827 0.00424939
v -0.00036907 -0.00809017 0.00586625
v -0.00024937 0.00917755 0.00396364
v -0.00038485 -0.00790155 0.00611698
v -0.00023115 0.00929776 0.00367398
v -0.00040024 -0.00770513 0.00636166
v -0.00021269 0.00940881 0.00338069
v -0.00041524 -0.00750111 0.00660007
v -0.00019403 0.00951057 0.00308407
v -0.00042983 -0.00728969 0.00683197
v -0.00017518 0.00960294 0.00278441
v -0.00044399 -0.00707107 0.00705711
v -0.00015615 0.00968583 0.00248199
v -0.00045772 -0.00684547 0.0072753
v -0.00013697 0.00975917 0.00217713
v -0.000471 -0.00661312 0.00748632
v -0.00011766 0.00982287 0.00187012
v -0.00048381 -0.00637424 0.00768993
v -9.823E-05 0.00987688 0.00156126
v -0.00049614 -0.00612907 0.00788595
v -0.00050798 -0.00587785 0.00807422
v 0.00929776 0.00368125 -0
v 0.00904827 -0.00425779 0
v 0.00278991 0.00960294 -0
v -0.00368125 -0.00929776 0
v -0.00612907 -0.00790155 0
v -0.00094108 -0.00995562 0
v -0.00309017 -0.00951057 0
vn -0 0.89088 0.45424
vn 0.03026 0.87617 0.48104
vn 0.02852 0.89088 0.45334
vn 0 -0.48162 0.87638
vn 0.05405 -0.5089 0.85912
vn 0.05503 -0.48162 0.87465
vn 0 0.90471 0.42604
vn 0.02675 0.90471 0.42519
vn 0.05595 -0.45386 0.88931
vn 0 -0.45386 0.89107
vn 0 0.91764 0.39741
vn 0.02495 0.91764 0.39663
vn 0.05682 -0.42566 0.9031
vn 0 -0.42566 0.90489
vn 0.02313 0.92967 0.36767
vn -0 0.92967 0.3684
vn 0.05763 -0.39703 0.91599
vn -0 -0.39703 0.9178
vn -0 0.94078 0.33902
vn 0.02129 0.94078 0.33835
vn 0.05838 -0.36802 0.92798
vn -0 -0.36802 0.92982
vn 0 0.95096 0.3093
vn 0.01942 0.95096 0.30869
vn 0.05908 -0.33864 0.93906
vn 0 -0.33864 0.94092
vn 0 0.96021 0.27928
vn 0.01754 0.96021 0.27873
vn 0 -0.30892 0.95109
vn 0.05972 -0.30892 0.94921
vn 0.01563 0.96851 0.24849
vn -0 0.96851 0.24899
vn -0 -0.27891 0.96032
vn 0.0603 -0.27891 0.95842
vn 0.01372 0.97585 0.21801
vn -0 0.97585 0.21844
vn -0 -0.24862 0.9686
vn 0.06082 -0.24861 0.96669
vn 0 0.98223 0.18769
vn 0.01178 0.98223 0.18731
vn 0.06128 -0.21808 0.97401
vn 0 -0.21808 0.97593
vn 0.00984 0.98764 0.15643
vn -0 0.98764 0.15674
vn 0.06168 -0.18733 0.98036
vn -0 -0.18732 0.9823
vn 0.00789 0.99208 0.12539
vn -0 0.99208 0.12564
vn 0.06202 -0.15639 0.98575
vn -0 -0.1564 0.98769
vn 0 0.99553 0.09442
vn 0.00593 0.99553 0.09423
vn 0.0623 -0.12529 0.99016
vn 1E-05 -0.1253 0.99212
vn -0 0.99801 0.0631
vn 0.00396 0.99801 0.06298
vn 1E-05 -0.09407 0.99557
vn 0.06251 -0.09408 0.9936
vn 0.00199 0.9995 0.03166
vn 0 0.9995 0.03172
vn 0.06267 -0.06277 0.99606
vn 0 -0.06277 0.99803
vn 0 0.71404 -0.7001
vn -0 -0.0314 0.99951
vn 0.06276 -0.0314 0.99753
vn 0.06279 0 0.99803
vn -0 -0 1
vn 0.06276 0.0314 0.99753
vn -0 0.0314 0.99951
vn 0.06267 0.06277 0.99606
vn 0 0.06277 0.99803
vn 0 -0.9995 0.03172
vn 0 -0.71404 -0.7001
vn 0.00199 -0.9995 0.03166
vn 0.06251 0.09408 0.9936
vn 1E-05 0.09406 0.99557
vn -0 -0.99801 0.0631
vn 0.00396 -0.99801 0.06298
vn 0.0623 0.12529 0.99016
vn 1E-05 0.1253 0.99212
vn 0.00593 -0.99553 0.09423
vn 0 -0.99553 0.09442
vn 0 0.15641 0.98769
vn 0.06201 0.15639 0.98575
vn 0.00789 -0.99208 0.12539
vn 0 -0.99208 0.12564
vn -0 0.18731 0.9823
vn 0.06168 0.18732 0.98036
vn -0 -0.98764 0.15674
vn 0.00984 -0.98764 0.15643
vn -0 0.21807 0.97593
vn 0.06128 0.21808 0.97401
vn 0 -0.98223 0.18769
vn 0.01178 -0.98223 0.18731
vn 0.06082 0.24862 0.96669
vn -0 0.24862 0.9686
vn 0.01372 -0.97585 0.21801
vn -0 -0.97585 0.21844
vn 0.0603 0.27891 0.95842
vn -0 0.2789 0.96032
vn 0.01563 -0.96851 0.24849
vn -0 -0.96851 0.24898
vn 0.05972 0.30892 0.94921
vn 0 0.30892 0.95109
vn 0.01754 -0.96021 0.27873
vn 0 -0.96021 0.27928
vn -0 0.33864 0.94092
vn 0.05908 0.33864 0.93906
vn 0.01942 -0.95096 0.30869
vn 0 -0.95096 0.3093
vn -0 0.36802 0.92982
vn 0.05838 0.36802 0.92798
vn 0.02129 -0.94078 0.33835
vn -0 -0.94078 0.33902
vn 0.05763 0.39703 0.91599
vn -0 0.39703 0.9178
vn -0 -0.92967 0.3684
vn 0.02313 -0.92967 0.36767
vn 0.05682 0.42566 0.9031
vn 0 0.42565 0.90489
vn 0 -0.91764 0.39741
vn 0.02495 -0.91764 0.39663
vn 0 0.45386 0.89107
vn 0.05595 0.45386 0.88931
vn 0.02675 -0.90471 0.42519
vn 0 -0.90471 0.42604
vn 0 0.48163 0.87638
vn 0.05503 0.48162 0.87465
vn 0.02852 -0.89088 0.45334
vn 0 -0.89088 0.45424
vn 0.05405 0.5089 0.85912
vn -0 0.50891 0.86082
vn -0 -0.87617 0.482
vn 0.03026 -0.87617 0.48104
vn 0 0.53568 0.84442
vn 0.05302 0.53569 0.84275
vn -0 -0.86061 0.50927
vn 0.03198 -0.86061 0.50827
vn 0.05194 0.56194 0.82555
vn 0 0.56193 0.82719
vn -0 -0.84418 0.53606
vn 0.03366 -0.84418 0.53499
vn 1E-05 0.58764 0.80912
vn 0.05081 0.58764 0.80753
vn -1E-05 -0.82694 0.5623
vn 0.0353 -0.82694 0.56119
vn 0 0.61276 0.79027
vn 0.04962 0.61276 0.78871
vn -0 -0.80887 0.58798
vn 0.03692 -0.80887 0.58683
vn 0.04839 0.63727 0.76912
vn 0 0.63727 0.77064
vn 0.0385 -0.79 0.61189
vn -0 -0.79 0.6131
vn 1E-05 0.66116 0.75025
vn 0.04711 0.66116 0.74877
vn 0.04004 -0.77036 0.63635
vn -0 -0.77036 0.63761
vn 0 0.68439 0.72912
vn 0.04578 0.68439 0.72768
vn 0 -0.74996 0.66149
vn 0.04154 -0.74996 0.66018
vn 0.04441 0.70695 0.70587
vn -0 0.70695 0.70726
vn 0.043 -0.72881 0.68336
vn 0 -0.72881 0.68471
vn -0 0.72881 0.68472
vn 0.04299 0.72881 0.68336
vn 0.04441 -0.70695 0.70587
vn -0 -0.70695 0.70727
vn 0.04154 0.74996 0.66018
vn -0 0.74996 0.66149
vn 0.04578 -0.68439 0.72768
vn 0 -0.68439 0.72912
vn 0.04004 0.77036 0.63635
vn -0 0.77036 0.63761
vn 0.04711 -0.66116 0.74877
vn 1E-05 -0.66116 0.75025
vn -0 0.79 0.6131
vn 0.0385 0.79 0.61189
vn 0.04839 -0.63727 0.76912
vn 0 -0.63726 0.77065
vn -0 0.80887 0.58799
vn 0.03692 0.80887 0.58683
vn -0 -0.61276 0.79027
vn 0.04962 -0.61276 0.78871
vn -1E-05 0.82693 0.5623
vn 0.03531 0.82693 0.56119
vn 1E-05 -0.58765 0.80912
vn 0.05081 -0.58764 0.80753
vn -0 0.84419 0.53605
vn 0.03366 0.84419 0.53499
vn 0.05194 -0.56194 0.82555
vn 1E-05 -0.56194 0.82718
vn 0.03198 0.86061 0.50827
vn -0 0.86061 0.50927
vn 0.05302 -0.53568 0.84275
vn -0 -0.53568 0.84442
vn -0 0.87617 0.482
vn -0 -0.50891 0.86082
vn 0.11341 -0.42566 0.89775
vn 0.04617 0.92967 0.36549
vn 0.11503 -0.39703 0.91057
vn 0.04249 0.94078 0.33634
vn 0.11654 -0.36802 0.92249
vn 0.03877 0.95096 0.30686
vn 0.11793 -0.33864 0.9335
vn 0.035 0.96021 0.27708
vn 0.1192 -0.30892 0.94359
vn 0.03121 0.96851 0.24702
vn 0.12036 -0.27891 0.95275
vn 0.02738 0.97585 0.21672
vn 0.1214 -0.24861 0.96097
vn 0.02352 0.98223 0.18621
vn 0.12232 -0.21808 0.96824
vn 0.01964 0.98764 0.1555
vn 0.12311 -0.18733 0.97455
vn 0.01575 0.99208 0.12465
vn 0.12379 -0.15639 0.97991
vn 0.01183 0.99553 0.09368
vn 0.12435 -0.12529 0.9843
vn 0.00791 0.99801 0.0626
vn 0.12478 -0.09408 0.98771
vn 0.00398 0.9995 0.03147
vn 0.12509 -0.06277 0.99016
vn 0.12527 -0.0314 0.99163
vn 0.12533 0 0.99211
vn 0.12527 0.0314 0.99163
vn 0.12509 0.06277 0.99016
vn 0.00398 -0.9995 0.03147
vn 0.12478 0.09408 0.98771
vn 0.00791 -0.99801 0.0626
vn 0.12435 0.12529 0.9843
vn 0.01183 -0.99553 0.09367
vn 0.12379 0.15639 0.97991
vn 0.01575 -0.99208 0.12465
vn 0.12311 0.18733 0.97455
vn 0.01964 -0.98764 0.1555
vn 0.12232 0.21808 0.96824
vn 0.02352 -0.98223 0.18621
vn 0.1214 0.24861 0.96097
vn 0.02738 -0.97585 0.21672
vn 0.12036 0.27891 0.95275
vn 0.03121 -0.96851 0.24702
vn 0.1192 0.30892 0.94359
vn 0.035 -0.96021 0.27708
vn 0.11793 0.33864 0.9335
vn 0.03877 -0.95096 0.30686
vn 0.11654 0.36802 0.92249
vn 0.04249 -0.94078 0.33634
vn 0.11503 0.39703 0.91057
vn 0.04617 -0.92967 0.36549
vn 0.11341 0.42566 0.89775
vn 0.04981 -0.91764 0.39428
vn 0.11168 0.45386 0.88404
vn 0.0534 -0.90471 0.42268
vn 0.10984 0.48162 0.86947
vn 0.05693 -0.89088 0.45066
vn 0.10789 0.5089 0.85404
vn 0.06041 -0.87617 0.47819
vn 0.10583 0.53568 0.83776
vn 0.06383 -0.8606 0.50526
vn 0.10367 0.56194 0.82066
vn 0.06718 -0.84419 0.53182
vn 0.10141 0.58764 0.80275
vn 0.07048 -0.82693 0.55786
vn 0.09905 0.61276 0.78404
vn 0.0737 -0.80887 0.58335
vn 0.09659 0.63727 0.76456
vn 0.07684 -0.79 0.60827
vn 0.09403 0.66116 0.74433
vn 0.07991 -0.77036 0.63258
vn 0.09138 0.68439 0.72337
vn 0.08291 -0.74996 0.65627
vn 0.08864 0.70695 0.70169
vn 0.08582 -0.72881 0.67931
vn 0.08582 0.72881 0.67932
vn 0.08864 -0.70695 0.70169
vn 0.08291 0.74996 0.65627
vn 0.09138 -0.68439 0.72337
vn 0.07991 0.77036 0.63258
vn 0.09403 -0.66116 0.74433
vn 0.07684 0.79 0.60827
vn 0.09659 -0.63727 0.76456
vn 0.07369 0.80887 0.58335
vn 0.09905 -0.61275 0.78404
vn 0.07047 0.82693 0.55786
vn 0.10141 -0.58764 0.80275
vn 0.06718 0.84419 0.53182
vn 0.10367 -0.56194 0.82066
vn 0.06383 0.8606 0.50526
vn 0.10583 -0.53568 0.83776
vn 0.06041 0.87617 0.47819
vn 0.10789 -0.5089 0.85404
vn 0.05693 0.89088 0.45066
vn 0.10984 -0.48162 0.86947
vn 0.0534 0.90471 0.42268
vn 0.11168 -0.45386 0.88404
vn 0.04981 0.91764 0.39428
vn 0.04666 0.96851 0.24458
vn 0.17995 -0.27891 0.94331
vn 0.04093 0.97585 0.21457
vn 0.1815 -0.24861 0.95145
vn 0.03517 0.98223 0.18436
vn 0.18287 -0.21808 0.95865
vn 0.02937 0.98764 0.15396
vn 0.18406 -0.18733 0.9649
vn 0.02354 0.99208 0.12342
vn 0.18508 -0.15639 0.9702
vn 0.01769 0.99553 0.09275
vn 0.1859 -0.12529 0.97455
vn 0.01182 0.99801 0.06198
vn 0.18655 -0.09408 0.97793
vn 0.00594 0.9995 0.03116
vn 0.18701 -0.06277 0.98035
vn 0.18729 -0.0314 0.9818
vn 0.18738 0 0.98229
vn 0.18729 0.0314 0.9818
vn 0.18701 0.06277 0.98035
vn 0.00594 -0.9995 0.03116
vn 0.18655 0.09408 0.97793
vn 0.01182 -0.99801 0.06198
vn 0.1859 0.12529 0.97455
vn 0.01769 -0.99553 0.09275
vn 0.18508 0.15639 0.9702
vn 0.02354 -0.99208 0.12342
vn 0.18407 0.18733 0.9649
vn 0.02937 -0.98764 0.15396
vn 0.18287 0.21808 0.95865
vn 0.03517 -0.98223 0.18436
vn 0.1815 0.24861 0.95145
vn 0.04093 -0.97585 0.21457
vn 0.17995 0.27891 0.94331
vn 0.04665 -0.96851 0.24458
vn 0.17821 0.30892 0.93424
vn 0.05233 -0.96021 0.27433
vn 0.17631 0.33864 0.92425
vn 0.05796 -0.95096 0.30382
vn 0.17423 0.36802 0.91335
vn 0.06353 -0.94078 0.33301
vn 0.17198 0.39703 0.90155
vn 0.06903 -0.92967 0.36187
vn 0.16956 0.42566 0.88886
vn 0.07447 -0.91764 0.39037
vn 0.16697 0.45386 0.87529
vn 0.07983 -0.90471 0.41849
vn 0.16422 0.48162 0.86086
vn 0.08512 -0.89088 0.44619
vn 0.1613 0.5089 0.84558
vn 0.09032 -0.87617 0.47346
vn 0.15823 0.53568 0.82946
vn 0.09543 -0.8606 0.50025
vn 0.155 0.56194 0.81253
vn 0.10045 -0.84419 0.52656
vn 0.15162 0.58764 0.79479
vn 0.10536 -0.82693 0.55234
vn 0.14808 0.61276 0.77627
vn 0.11018 -0.80887 0.57758
vn 0.1444 0.63727 0.75699
vn 0.11488 -0.79 0.60224
vn 0.14058 0.66116 0.73696
vn 0.11948 -0.77036 0.62632
vn 0.13662 0.68439 0.7162
vn 0.12395 -0.74996 0.64977
vn 0.13253 0.70695 0.69474
vn 0.1283 -0.72881 0.67259
vn 0.1283 0.72881 0.67259
vn 0.13253 -0.70695 0.69474
vn 0.12395 0.74996 0.64977
vn 0.13662 -0.68439 0.7162
vn 0.11948 0.77036 0.62632
vn 0.14058 -0.66116 0.73696
vn 0.11488 0.79 0.60224
vn 0.1444 -0.63727 0.75699
vn 0.11018 0.80887 0.57758
vn 0.14808 -0.61275 0.77628
vn 0.10537 0.82693 0.55234
vn 0.15161 -0.58764 0.79479
vn 0.10045 0.84419 0.52656
vn 0.155 -0.56194 0.81253
vn 0.09543 0.8606 0.50025
vn 0.15823 -0.53568 0.82946
vn 0.09032 0.87617 0.47346
vn 0.1613 -0.5089 0.84558
vn 0.08512 0.89088 0.44619
vn 0.16422 -0.48162 0.86086
vn 0.07983 0.90471 0.41849
vn 0.16697 -0.45386 0.87529
vn 0.07447 0.91764 0.39037
vn 0.16956 -0.42566 0.88886
vn 0.06903 0.92967 0.36187
vn 0.17198 -0.39703 0.90155
vn 0.06353 0.94078 0.33301
vn 0.17423 -0.36802 0.91335
vn 0.05796 0.95096 0.30382
vn 0.17631 -0.33864 0.92425
vn 0.05233 0.96021 0.27433
vn 0.17821 -0.30892 0.93424
vn 0.02348 0.99553 0.09145
vn 0.24563 -0.15639 0.95667
vn 0.24673 -0.1253 0.96095
vn 0.01569 0.99801 0.06112
vn 0.24759 -0.09408 0.96429
vn 0.00789 0.9995 0.03073
vn 0.2482 -0.06277 0.96667
vn 0.24857 -0.0314 0.96811
vn 0.24869 -0 0.96858
vn 0.24857 0.0314 0.96811
vn 0.2482 0.06277 0.96667
vn 0.00789 -0.9995 0.03073
vn 0.24759 0.09408 0.96429
vn 0.01569 -0.99801 0.06112
vn 0.24673 0.12529 0.96095
vn 0.02348 -0.99553 0.09145
vn 0.24563 0.15639 0.95667
vn 0.03125 -0.99208 0.12169
vn 0.24429 0.18732 0.95144
vn 0.03898 -0.98764 0.15182
vn 0.2427 0.21808 0.94527
vn 0.04668 -0.98223 0.18179
vn 0.24088 0.24861 0.93817
vn 0.05432 -0.97585 0.21158
vn 0.23882 0.27891 0.93015
vn 0.06192 -0.96851 0.24116
vn 0.23653 0.30892 0.92121
vn 0.06945 -0.96021 0.27051
vn 0.234 0.33864 0.91136
vn 0.07692 -0.95096 0.29958
vn 0.23124 0.36802 0.90061
vn 0.08431 -0.94078 0.32837
vn 0.22825 0.39703 0.88897
vn 0.09162 -0.92967 0.35682
vn 0.22504 0.42566 0.87646
vn 0.09883 -0.91764 0.38493
vn 0.2216 0.45386 0.86308
vn 0.10595 -0.90471 0.41265
vn 0.21795 0.48162 0.84885
vn 0.11296 -0.89088 0.43997
vn 0.21408 0.5089 0.83378
vn 0.11987 -0.87617 0.46685
vn 0.21 0.53568 0.81789
vn 0.12665 -0.8606 0.49327
vn 0.20571 0.56194 0.80119
vn 0.13331 -0.84419 0.51921
vn 0.20122 0.58764 0.7837
vn 0.13984 -0.82693 0.54463
vn 0.19653 0.61276 0.76544
vn 0.14623 -0.80887 0.56952
vn 0.19165 0.63727 0.74643
vn 0.15247 -0.79 0.59384
vn 0.18658 0.66116 0.72668
vn 0.15857 -0.77036 0.61758
vn 0.18132 0.68439 0.70621
vn 0.16451 -0.74996 0.64071
vn 0.17589 0.70695 0.68504
vn 0.17028 -0.72881 0.6632
vn 0.17028 0.72881 0.6632
vn 0.17589 -0.70695 0.68504
vn 0.16451 0.74996 0.64071
vn 0.18132 -0.68439 0.70621
vn 0.15857 0.77036 0.61758
vn 0.18658 -0.66116 0.72668
vn 0.15247 0.79 0.59384
vn 0.19165 -0.63727 0.74643
vn 0.14623 0.80887 0.56952
vn 0.19653 -0.61276 0.76544
vn 0.13984 0.82693 0.54463
vn 0.20122 -0.58764 0.78371
vn 0.13331 0.84419 0.51921
vn 0.20571 -0.56194 0.80119
vn 0.12665 0.8606 0.49327
vn 0.21 -0.53568 0.81789
vn 0.11987 0.87617 0.46685
vn 0.21408 -0.5089 0.83378
vn 0.11296 0.89088 0.43997
vn 0.21795 -0.48162 0.84885
vn 0.10595 0.90471 0.41265
vn 0.2216 -0.45386 0.86308
vn 0.09883 0.91764 0.38493
vn 0.22504 -0.42566 0.87646
vn 0.09162 0.92967 0.35682
vn 0.22825 -0.39703 0.88897
vn 0.08431 0.94078 0.32837
vn 0.23124 -0.36802 0.90061
vn 0.07692 0.95096 0.29958
vn 0.234 -0.33864 0.91136
vn 0.06945 0.96021 0.27051
vn 0.23653 -0.30892 0.92121
vn 0.06192 0.96851 0.24116
vn 0.23882 -0.27891 0.93015
vn 0.05432 0.97585 0.21158
vn 0.24088 -0.24861 0.93817
vn 0.04668 0.98223 0.18179
vn 0.2427 -0.21808 0.94527
vn 0.03898 0.98764 0.15182
vn 0.24429 -0.18732 0.95144
vn 0.03125 0.99208 0.12169
vn 0.30886 -0.0314 0.95059
vn 0.30902 0 0.95106
vn 0.30886 0.0314 0.95059
vn 0.30841 0.06277 0.94918
vn 0.0098 -0.9995 0.03017
vn 0.30765 0.09408 0.94684
vn 0.0195 -0.99801 0.06001
vn 0.30658 0.12529 0.94356
vn 0.02918 -0.99553 0.0898
vn 0.30521 0.15639 0.93935
vn 0.03883 -0.99208 0.11949
vn 0.30355 0.18732 0.93422
vn 0.04844 -0.98764 0.14907
vn 0.30158 0.21808 0.92817
vn 0.058 -0.98223 0.1785
vn 0.29932 0.24861 0.9212
vn 0.0675 -0.97585 0.20775
vn 0.29675 0.27891 0.91332
vn 0.07694 -0.96851 0.2368
vn 0.2939 0.30892 0.90454
vn 0.0863 -0.96021 0.26561
vn 0.29076 0.33864 0.89486
vn 0.09558 -0.95096 0.29416
vn 0.28733 0.36802 0.88431
vn 0.10476 -0.94078 0.32242
vn 0.28362 0.39703 0.87288
vn 0.11384 -0.92967 0.35037
vn 0.27962 0.42566 0.8606
vn 0.12281 -0.91764 0.37796
vn 0.27536 0.45386 0.84746
vn 0.13165 -0.90471 0.40518
vn 0.27082 0.48162 0.83349
vn 0.14037 -0.89088 0.43201
vn 0.26601 0.5089 0.81869
vn 0.14894 -0.87617 0.4584
vn 0.26094 0.53569 0.80309
vn 0.15737 -0.8606 0.48435
vn 0.25561 0.56194 0.78669
vn 0.16565 -0.84419 0.50982
vn 0.25003 0.58764 0.76952
vn 0.17376 -0.82693 0.53478
vn 0.24421 0.61276 0.75159
vn 0.1817 -0.80887 0.55921
vn 0.23814 0.63727 0.73292
vn 0.18946 -0.79 0.5831
vn 0.23184 0.66116 0.71353
vn 0.19703 -0.77036 0.6064
vn 0.22531 0.68439 0.69343
vn 0.20441 -0.74996 0.62911
vn 0.21856 0.70695 0.67265
vn 0.21159 -0.72881 0.6512
vn 0.21159 0.72881 0.6512
vn 0.21856 -0.70695 0.67265
vn 0.20441 0.74996 0.62911
vn 0.22531 -0.68439 0.69343
vn 0.19703 0.77036 0.6064
vn 0.23184 -0.66116 0.71353
vn 0.18946 0.79 0.5831
vn 0.23814 -0.63727 0.73292
vn 0.1817 0.80887 0.55921
vn 0.24421 -0.61276 0.75159
vn 0.17376 0.82693 0.53478
vn 0.25003 -0.58764 0.76952
vn 0.16565 0.84419 0.50982
vn 0.25561 -0.56194 0.7867
vn 0.15737 0.8606 0.48435
vn 0.26094 -0.53569 0.80309
vn 0.14894 0.87617 0.4584
vn 0.26601 -0.5089 0.81869
vn 0.14037 0.89088 0.43201
vn 0.27082 -0.48162 0.83349
vn 0.13165 0.90471 0.40518
vn 0.27536 -0.45386 0.84746
vn 0.12281 0.91764 0.37796
vn 0.27962 -0.42566 0.8606
vn 0.11384 0.92967 0.35037
vn 0.28362 -0.39703 0.87288
vn 0.10476 0.94078 0.32242
vn 0.28733 -0.36802 0.88431
vn 0.09558 0.95096 0.29416
vn 0.29076 -0.33864 0.89486
vn 0.0863 0.96021 0.26561
vn 0.2939 -0.30892 0.90454
vn 0.07694 0.96851 0.2368
vn 0.29676 -0.27891 0.91332
vn 0.0675 0.97585 0.20775
vn 0.29932 -0.24861 0.9212
vn 0.058 0.98223 0.1785
vn 0.30158 -0.21808 0.92817
vn 0.04844 0.98764 0.14907
vn 0.30355 -0.18732 0.93422
vn 0.03883 0.99208 0.11949
vn 0.30521 -0.15639 0.93935
vn 0.02918 0.99553 0.0898
vn 0.30658 -0.12529 0.94356
vn 0.0195 0.99801 0.06001
vn 0.30765 -0.09408 0.94684
vn 0.0098 0.9995 0.03017
vn 0.30841 -0.06277 0.94918
vn 0.03476 -0.99553 0.08779
vn 0.36522 0.12529 0.92245
vn 0.36359 0.15639 0.91834
vn 0.04625 -0.99208 0.11682
vn 0.36161 0.18732 0.91332
vn 0.0577 -0.98764 0.14573
vn 0.35926 0.21808 0.9074
vn 0.06909 -0.98223 0.17451
vn 0.35657 0.24861 0.90058
vn 0.08041 -0.97585 0.2031
vn 0.35352 0.27891 0.89288
vn 0.09166 -0.96851 0.2315
vn 0.35012 0.30892 0.8843
vn 0.10281 -0.96021 0.25967
vn 0.34637 0.33864 0.87484
vn 0.11386 -0.95096 0.28758
vn 0.34229 0.36802 0.86452
vn 0.1248 -0.94078 0.31521
vn 0.33787 0.39703 0.85335
vn 0.13562 -0.92967 0.34253
vn 0.33311 0.42566 0.84134
vn 0.1463 -0.91764 0.36951
vn 0.32802 0.45387 0.8285
vn 0.15683 -0.90471 0.39612
vn 0.32262 0.48162 0.81484
vn 0.16722 -0.89088 0.42234
vn 0.31689 0.5089 0.80037
vn 0.17743 -0.87617 0.44815
vn 0.31085 0.53569 0.78512
vn 0.18748 -0.8606 0.47351
vn 0.30451 0.56194 0.76909
vn 0.19733 -0.84419 0.49841
vn 0.29786 0.58764 0.75231
vn 0.207 -0.82693 0.52281
vn 0.29092 0.61276 0.73478
vn 0.21645 -0.80887 0.5467
vn 0.28369 0.63727 0.71652
vn 0.2257 -0.79 0.57005
vn 0.27619 0.66116 0.69756
vn 0.23472 -0.77036 0.59284
vn 0.26841 0.68439 0.67791
vn 0.24351 -0.74996 0.61504
vn 0.26036 0.70695 0.6576
vn 0.25206 -0.72881 0.63663
vn 0.25206 0.72881 0.63663
vn 0.26036 -0.70695 0.6576
vn 0.24351 0.74996 0.61504
vn 0.26841 -0.68439 0.67791
vn 0.23472 0.77036 0.59283
vn 0.27619 -0.66116 0.69756
vn 0.2257 0.79 0.57005
vn 0.28369 -0.63727 0.71652
vn 0.21645 0.80887 0.5467
vn 0.29092 -0.61276 0.73478
vn 0.207 0.82693 0.52281
vn 0.29786 -0.58764 0.75231
vn 0.19733 0.84419 0.49841
vn 0.3045 -0.56194 0.76909
vn 0.18748 0.86061 0.47351
vn 0.31085 -0.53568 0.78512
vn 0.17743 0.87617 0.44815
vn 0.31689 -0.5089 0.80037
vn 0.16722 0.89088 0.42234
vn 0.32262 -0.48162 0.81484
vn 0.15683 0.90471 0.39612
vn 0.32802 -0.45387 0.8285
vn 0.1463 0.91764 0.3695
vn 0.33311 -0.42566 0.84134
vn 0.13562 0.92967 0.34253
vn 0.33787 -0.39703 0.85335
vn 0.1248 0.94078 0.31521
vn 0.34229 -0.36802 0.86452
vn 0.11386 0.95096 0.28758
vn 0.34637 -0.33864 0.87484
vn 0.10281 0.96021 0.25967
vn 0.35012 -0.30893 0.8843
vn 0.09166 0.96851 0.2315
vn 0.35352 -0.27891 0.89288
vn 0.08041 0.97585 0.2031
vn 0.35657 -0.24861 0.90058
vn 0.06909 0.98223 0.17451
vn 0.35926 -0.21808 0.9074
vn 0.0577 0.98764 0.14573
vn 0.36161 -0.18732 0.91332
vn 0.04625 0.99208 0.11682
vn 0.36359 -0.15639 0.91834
vn 0.03476 0.99553 0.08779
vn 0.36522 -0.12529 0.92245
vn 0.02323 0.99801 0.05867
vn 0.36649 -0.09408 0.92565
vn 0.01168 0.9995 0.0295
vn 0.3674 -0.06277 0.92794
vn 0.36794 -0.0314 0.92932
vn 0.36812 -0 0.92978
vn 0.36794 0.0314 0.92932
vn 0.3674 0.06277 0.92794
vn 0.01168 -0.9995 0.0295
vn 0.36649 0.09408 0.92565
vn 0.02323 -0.99801 0.05867
vn 0.41241 0.24861 0.87642
vn 0.40888 0.27891 0.86892
vn 0.10601 -0.96851 0.22529
vn 0.40495 0.30892 0.86057
vn 0.11891 -0.96021 0.2527
vn 0.40062 0.33864 0.85137
vn 0.13169 -0.95096 0.27986
vn 0.3959 0.36802 0.84133
vn 0.14435 -0.94078 0.30675
vn 0.39078 0.39703 0.83045
vn 0.15686 -0.92967 0.33333
vn 0.38528 0.42566 0.81876
vn 0.16921 -0.91764 0.35959
vn 0.3794 0.45386 0.80626
vn 0.1814 -0.90471 0.38549
vn 0.37314 0.48162 0.79297
vn 0.19341 -0.89088 0.41101
vn 0.36652 0.5089 0.7789
vn 0.20522 -0.87617 0.43612
vn 0.35954 0.53569 0.76405
vn 0.21684 -0.86061 0.4608
vn 0.3522 0.56194 0.74845
vn 0.22824 -0.84419 0.48503
vn 0.34451 0.58764 0.73212
vn 0.23941 -0.82693 0.50878
vn 0.33648 0.61276 0.71506
vn 0.25035 -0.80887 0.53203
vn 0.32812 0.63727 0.6973
vn 0.26105 -0.79 0.55475
vn 0.31944 0.66116 0.67884
vn 0.27148 -0.77036 0.57693
vn 0.31044 0.68439 0.65972
vn 0.28165 -0.74996 0.59853
vn 0.30114 0.70695 0.63995
vn 0.29154 -0.72881 0.61955
vn 0.29154 0.72881 0.61955
vn 0.30114 -0.70695 0.63995
vn 0.28165 0.74996 0.59853
vn 0.31044 -0.68439 0.65972
vn 0.27148 0.77036 0.57693
vn 0.31944 -0.66116 0.67884
vn 0.26105 0.79 0.55475
vn 0.32812 -0.63727 0.6973
vn 0.25035 0.80887 0.53203
vn 0.33648 -0.61276 0.71506
vn 0.23942 0.82693 0.50878
vn 0.34451 -0.58764 0.73212
vn 0.22824 0.84419 0.48503
vn 0.3522 -0.56194 0.74845
vn 0.21684 0.86061 0.4608
vn 0.35954 -0.53569 0.76405
vn 0.20522 0.87617 0.43612
vn 0.36652 -0.5089 0.7789
vn 0.19341 0.89088 0.41101
vn 0.37314 -0.48162 0.79297
vn 0.1814 0.90471 0.38549
vn 0.3794 -0.45386 0.80626
vn 0.16921 0.91764 0.35959
vn 0.38528 -0.42566 0.81876
vn 0.15686 0.92967 0.33333
vn 0.39078 -0.39703 0.83045
vn 0.14435 0.94078 0.30675
vn 0.3959 -0.36802 0.84133
vn 0.13169 0.95096 0.27986
vn 0.40062 -0.33864 0.85137
vn 0.11891 0.96021 0.2527
vn 0.40495 -0.30892 0.86057
vn 0.10601 0.96851 0.22529
vn 0.40888 -0.27891 0.86892
vn 0.09301 0.97585 0.19765
vn 0.41241 -0.24861 0.87642
vn 0.07991 0.98223 0.16982
vn 0.41553 -0.21807 0.88305
vn 0.06674 0.98764 0.14182
vn 0.41824 -0.18732 0.88881
vn 0.0535 0.99208 0.11368
vn 0.42054 -0.15639 0.89369
vn 0.0402 0.99553 0.08543
vn 0.42242 -0.12529 0.8977
vn 0.02687 0.99801 0.0571
vn 0.42389 -0.09408 0.90081
vn 0.01351 0.9995 0.02871
vn 0.42494 -0.06277 0.90304
vn 0.42557 -0.0314 0.90438
vn 0.42578 -0 0.90483
vn 0.42557 0.0314 0.90438
vn 0.42494 0.06277 0.90304
vn 0.01351 -0.9995 0.02871
vn 0.42389 0.09408 0.90081
vn 0.02687 -0.99801 0.0571
vn 0.42242 0.12529 0.8977
vn 0.0402 -0.99553 0.08543
vn 0.42054 0.15639 0.89369
vn 0.0535 -0.99208 0.11368
vn 0.41824 0.18732 0.88881
vn 0.06674 -0.98764 0.14182
vn 0.41553 0.21808 0.88305
vn 0.07991 -0.98223 0.16982
vn 0.09301 -0.97585 0.19765
vn 0.44216 0.39703 0.80428
vn 0.43593 0.42566 0.79296
vn 0.17748 -0.92967 0.32283
vn 0.19146 -0.91764 0.34826
vn 0.42928 0.45386 0.78085
vn 0.20524 -0.90471 0.37334
vn 0.4222 0.48162 0.76798
vn 0.21883 -0.89088 0.39805
vn 0.41471 0.5089 0.75435
vn 0.2322 -0.87617 0.42238
vn 0.4068 0.53568 0.73997
vn 0.24534 -0.8606 0.44628
vn 0.3985 0.56194 0.72486
vn 0.25825 -0.84419 0.46975
vn 0.3898 0.58764 0.70904
vn 0.27089 -0.82693 0.49275
vn 0.38072 0.61276 0.69252
vn 0.28327 -0.80887 0.51526
vn 0.37126 0.63727 0.67532
vn 0.29536 -0.79 0.53727
vn 0.36143 0.66116 0.65745
vn 0.30717 -0.77036 0.55874
vn 0.35125 0.68439 0.63893
vn 0.31867 -0.74996 0.57967
vn 0.34073 0.70695 0.61978
vn 0.32986 -0.72881 0.60002
vn 0.32986 0.72881 0.60002
vn 0.34073 -0.70695 0.61978
vn 0.31867 0.74996 0.57967
vn 0.35125 -0.68439 0.63893
vn 0.30717 0.77036 0.55874
vn 0.36143 -0.66116 0.65745
vn 0.29536 0.79 0.53727
vn 0.37126 -0.63727 0.67532
vn 0.28327 0.80887 0.51526
vn 0.38072 -0.61276 0.69252
vn 0.27089 0.82693 0.49275
vn 0.3898 -0.58764 0.70904
vn 0.25825 0.84419 0.46975
vn 0.3985 -0.56194 0.72486
vn 0.24534 0.8606 0.44628
vn 0.4068 -0.53568 0.73997
vn 0.2322 0.87617 0.42238
vn 0.41471 -0.5089 0.75435
vn 0.21883 0.89088 0.39805
vn 0.4222 -0.48162 0.76798
vn 0.20524 0.90471 0.37334
vn 0.42928 -0.45386 0.78085
vn 0.19146 0.91764 0.34826
vn 0.43593 -0.42566 0.79296
vn 0.17748 0.92967 0.32283
vn 0.44216 -0.39703 0.80428
vn 0.16332 0.94078 0.29708
vn 0.44794 -0.36802 0.81481
vn 0.14901 0.95096 0.27104
vn 0.45329 -0.33864 0.82453
vn 0.13454 0.96021 0.24473
vn 0.45819 -0.30892 0.83344
vn 0.11995 0.96851 0.21819
vn 0.46264 -0.27891 0.84153
vn 0.10524 0.97585 0.19142
vn 0.46663 -0.24861 0.84879
vn 0.09042 0.98223 0.16447
vn 0.47016 -0.21808 0.85522
vn 0.07551 0.98764 0.13735
vn 0.47322 -0.18733 0.86079
vn 0.06053 0.99208 0.1101
vn 0.47583 -0.15639 0.86552
vn 0.04549 0.99553 0.08274
vn 0.47796 -0.12529 0.8694
vn 0.0304 0.99801 0.0553
vn 0.47962 -0.09408 0.87242
vn 0.01528 0.9995 0.0278
vn 0.4808 -0.06277 0.87458
vn 0.48152 -0.0314 0.87587
vn 0.48175 -0 0.87631
vn 0.48152 0.0314 0.87587
vn 0.4808 0.06277 0.87458
vn 0.01528 -0.9995 0.0278
vn 0.47962 0.09408 0.87242
vn 0.0304 -0.99801 0.0553
vn 0.47796 0.12529 0.8694
vn 0.04549 -0.99553 0.08274
vn 0.47583 0.15639 0.86552
vn 0.06053 -0.99208 0.1101
vn 0.47323 0.18732 0.86079
vn 0.07551 -0.98764 0.13735
vn 0.47016 0.21808 0.85522
vn 0.09042 -0.98223 0.16447
vn 0.46663 0.24861 0.84879
vn 0.10524 -0.97585 0.19142
vn 0.46264 0.27891 0.84153
vn 0.11995 -0.96851 0.21819
vn 0.45819 0.30892 0.83344
vn 0.13454 -0.96021 0.24473
vn 0.45329 0.33864 0.82453
vn 0.14901 -0.95096 0.27104
vn 0.44794 0.36802 0.81481
vn 0.16332 -0.94078 0.29708
vn 0.27288 -0.8606 0.42999
vn 0.44322 0.56194 0.69841
vn 0.28723 -0.84419 0.4526
vn 0.43355 0.58764 0.68317
vn 0.30129 -0.82693 0.47476
vn 0.42345 0.61276 0.66725
vn 0.31506 -0.80887 0.49646
vn 0.41293 0.63727 0.65067
vn 0.32852 -0.79 0.51766
vn 0.402 0.66116 0.63345
vn 0.34165 -0.77036 0.53835
vn 0.39068 0.68439 0.61561
vn 0.35444 -0.74996 0.55851
vn 0.37897 0.70695 0.59716
vn 0.36689 -0.72881 0.57812
vn 0.36689 0.72881 0.57812
vn 0.37897 -0.70695 0.59716
vn 0.35444 0.74996 0.55851
vn 0.39068 -0.68439 0.61561
vn 0.34165 0.77036 0.53835
vn 0.402 -0.66116 0.63345
vn 0.32852 0.79 0.51766
vn 0.41293 -0.63727 0.65067
vn 0.31506 0.80887 0.49646
vn 0.42345 -0.61276 0.66725
vn 0.30129 0.82693 0.47476
vn 0.43355 -0.58764 0.68317
vn 0.28723 0.84419 0.4526
vn 0.44322 -0.56194 0.69841
vn 0.27288 0.8606 0.42999
vn 0.45246 -0.53568 0.71297
vn 0.25827 0.87617 0.40696
vn 0.46125 -0.5089 0.72682
vn 0.24339 0.89088 0.38353
vn 0.46959 -0.48162 0.73995
vn 0.22828 0.90471 0.35971
vn 0.47746 -0.45386 0.75236
vn 0.21294 0.91764 0.33555
vn 0.48486 -0.42566 0.76402
vn 0.1974 0.92967 0.31105
vn 0.49178 -0.39703 0.77493
vn 0.18165 0.94078 0.28624
vn 0.49822 -0.36802 0.78507
vn 0.16573 0.95096 0.26115
vn 0.50417 -0.33864 0.79444
vn 0.14965 0.96021 0.2358
vn 0.50962 -0.30892 0.80303
vn 0.13341 0.96851 0.21023
vn 0.51456 -0.27891 0.81082
vn 0.11705 0.97585 0.18444
vn 0.519 -0.24861 0.81782
vn 0.10057 0.98223 0.15847
vn 0.52293 -0.21808 0.82401
vn 0.08399 0.98764 0.13234
vn 0.52634 -0.18733 0.82938
vn 0.06732 0.99208 0.10608
vn 0.52923 -0.15639 0.83394
vn 0.05059 0.99553 0.07972
vn 0.5316 -0.12529 0.83767
vn 0.03381 0.99801 0.05328
vn 0.53345 -0.09408 0.84058
vn 0.017 0.9995 0.02679
vn 0.53477 -0.06277 0.84266
vn 0.53556 -0.0314 0.84391
vn 0.53583 -0 0.84433
vn 0.53556 0.0314 0.84391
vn 0.53477 0.06277 0.84266
vn 0.017 -0.9995 0.02679
vn 0.53345 0.09408 0.84058
vn 0.03381 -0.99801 0.05328
vn 0.5316 0.12529 0.83767
vn 0.05059 -0.99553 0.07972
vn 0.52923 0.15639 0.83394
vn 0.06732 -0.99208 0.10608
vn 0.52634 0.18733 0.82938
vn 0.08399 -0.98764 0.13234
vn 0.52293 0.21808 0.82401
vn 0.10057 -0.98223 0.15847
vn 0.519 0.24861 0.81782
vn 0.11705 -0.97585 0.18444
vn 0.51456 0.27891 0.81082
vn 0.13341 -0.96851 0.21023
vn 0.50962 0.30892 0.80303
vn 0.14965 -0.96021 0.2358
vn 0.50417 0.33864 0.79444
vn 0.16573 -0.95096 0.26115
vn 0.49822 0.36802 0.78507
vn 0.18165 -0.94078 0.28624
vn 0.49178 0.39703 0.77493
vn 0.1974 -0.92967 0.31105
vn 0.48486 0.42566 0.76402
vn 0.21294 -0.91764 0.33555
vn 0.47746 0.45386 0.75236
vn 0.22828 -0.90471 0.35971
vn 0.46959 0.48162 0.73995
vn 0.24339 -0.89088 0.38353
vn 0.46125 0.5089 0.72682
vn 0.25827 -0.87617 0.40696
vn 0.45246 0.53568 0.71297
vn 0.31508 -0.84419 0.43367
vn 0.4862 0.56194 0.6692
vn 0.47559 0.58764 0.6546
vn 0.33051 -0.82693 0.45491
vn 0.46451 0.61276 0.63934
vn 0.34561 -0.80887 0.47569
vn 0.45297 0.63727 0.62346
vn 0.36037 -0.79 0.49601
vn 0.44098 0.66116 0.60696
vn 0.37478 -0.77036 0.51584
vn 0.42856 0.68439 0.58987
vn 0.38881 -0.74996 0.53515
vn 0.41572 0.70695 0.57219
vn 0.40246 -0.72881 0.55395
vn 0.40246 0.72881 0.55395
vn 0.41572 -0.70695 0.57219
vn 0.38881 0.74996 0.53515
vn 0.42856 -0.68439 0.58987
vn 0.37478 0.77036 0.51584
vn 0.44098 -0.66116 0.60696
vn 0.36037 0.79 0.49601
vn 0.45297 -0.63727 0.62346
vn 0.34561 0.80887 0.47569
vn 0.46451 -0.61276 0.63934
vn 0.33051 0.82693 0.45491
vn 0.47559 -0.58764 0.6546
vn 0.31508 0.84419 0.43367
vn 0.4862 -0.56194 0.6692
vn 0.29934 0.8606 0.41201
vn 0.49634 -0.53568 0.68315
vn 0.28331 0.87617 0.38994
vn 0.50598 -0.5089 0.69642
vn 0.267 0.89088 0.36749
vn 0.51512 -0.48162 0.70901
vn 0.25042 0.90471 0.34467
vn 0.52376 -0.45386 0.72089
vn 0.23359 0.91764 0.32151
vn 0.53188 -0.42566 0.73207
vn 0.21654 0.92967 0.29804
vn 0.53947 -0.39703 0.74252
vn 0.19927 0.94078 0.27427
vn 0.54653 -0.36802 0.75224
vn 0.1818 0.95096 0.25023
vn 0.55306 -0.33864 0.76122
vn 0.16416 0.96021 0.22594
vn 0.55903 -0.30892 0.76945
vn 0.14635 0.96851 0.20143
vn 0.56446 -0.27891 0.77691
vn 0.1284 0.97585 0.17672
vn 0.56933 -0.24861 0.78362
vn 0.11032 0.98223 0.15184
vn 0.57364 -0.21808 0.78955
vn 0.09213 0.98764 0.12681
vn 0.57738 -0.18733 0.7947
vn 0.07385 0.99208 0.10165
vn 0.58055 -0.15639 0.79906
vn 0.0555 0.99553 0.07639
vn 0.58315 -0.12529 0.80264
vn 0.03709 0.99801 0.05105
vn 0.58518 -0.09408 0.80543
vn 0.01865 0.9995 0.02567
vn 0.58663 -0.06277 0.80742
vn 0.5875 -0.0314 0.80862
vn 0.58779 0 0.80902
vn 0.5875 0.0314 0.80862
vn 0.58663 0.06277 0.80742
vn 0.01865 -0.9995 0.02567
vn 0.58518 0.09408 0.80543
vn 0.03709 -0.99801 0.05105
vn 0.58315 0.12529 0.80264
vn 0.0555 -0.99553 0.07639
vn 0.58055 0.15639 0.79906
vn 0.07385 -0.99208 0.10165
vn 0.57738 0.18733 0.7947
vn 0.09213 -0.98764 0.12681
vn 0.57364 0.21808 0.78955
vn 0.11032 -0.98223 0.15184
vn 0.56933 0.24861 0.78362
vn 0.1284 -0.97585 0.17672
vn 0.56446 0.27891 0.77691
vn 0.14635 -0.96851 0.20143
vn 0.55903 0.30892 0.76945
vn 0.16416 -0.96021 0.22594
vn 0.55306 0.33864 0.76122
vn 0.1818 -0.95096 0.25023
vn 0.54653 0.36802 0.75224
vn 0.19927 -0.94078 0.27427
vn 0.53947 0.39703 0.74252
vn 0.21654 -0.92967 0.29804
vn 0.53188 0.42566 0.73207
vn 0.23359 -0.91764 0.32151
vn 0.52376 0.45386 0.72089
vn 0.25042 -0.90471 0.34467
vn 0.51512 0.48162 0.70901
vn 0.267 -0.89088 0.36749
vn 0.50598 0.5089 0.69642
vn 0.28331 -0.87617 0.38994
vn 0.49634 0.53568 0.68315
vn 0.29934 -0.8606 0.41201
vn 0.46475 0.68439 0.56179
vn 0.42165 -0.74996 0.50969
vn 0.45083 0.70695 0.54496
vn 0.43645 -0.72881 0.52758
vn 0.43645 0.72881 0.52758
vn 0.45083 -0.70695 0.54496
vn 0.42165 0.74996 0.50968
vn 0.46475 -0.68439 0.56179
vn 0.40643 0.77036 0.49129
vn 0.47823 -0.66116 0.57808
vn 0.39081 0.79 0.4724
vn 0.49123 -0.63727 0.59379
vn 0.3748 0.80887 0.45305
vn 0.50374 -0.61276 0.60892
vn 0.35842 0.82693 0.43326
vn 0.51576 -0.58764 0.62344
vn 0.34169 0.84419 0.41303
vn 0.52726 -0.56194 0.63735
vn 0.32462 0.8606 0.3924
vn 0.53825 -0.53568 0.65064
vn 0.30724 0.87617 0.37138
vn 0.54871 -0.5089 0.66328
vn 0.28954 0.89088 0.35
vn 0.55863 -0.48162 0.67526
vn 0.27157 0.90471 0.32827
vn 0.56799 -0.45386 0.68658
vn 0.25332 0.91764 0.30621
vn 0.57679 -0.42566 0.69723
vn 0.23482 0.92967 0.28385
vn 0.58503 -0.39703 0.70718
vn 0.2161 0.94078 0.26122
vn 0.59269 -0.36802 0.71644
vn 0.19716 0.95096 0.23832
vn 0.59976 -0.33864 0.72499
vn 0.17802 0.96021 0.21519
vn 0.60625 -0.30892 0.73283
vn 0.15871 0.96851 0.19185
vn 0.61213 -0.2789 0.73994
vn 0.13924 0.97585 0.16831
vn 0.61741 -0.24861 0.74632
vn 0.11964 0.98223 0.14461
vn 0.62208 -0.21808 0.75197
vn 0.09991 0.98764 0.12077
vn 0.62614 -0.18733 0.75687
vn 0.08009 0.99208 0.09681
vn 0.62958 -0.15639 0.76103
vn 0.06019 0.99553 0.07275
vn 0.6324 -0.12529 0.76444
vn 0.04022 0.99801 0.04862
vn 0.6346 -0.09408 0.7671
vn 0.02022 0.9995 0.02444
vn 0.63617 -0.06277 0.76899
vn 0.63711 -0.0314 0.77013
vn 0.63742 0 0.77051
vn 0.63711 0.0314 0.77013
vn 0.63617 0.06277 0.76899
vn 0.02022 -0.9995 0.02444
vn 0.6346 0.09408 0.7671
vn 0.04022 -0.99801 0.04862
vn 0.6324 0.12529 0.76444
vn 0.06019 -0.99553 0.07275
vn 0.62958 0.15639 0.76103
vn 0.08009 -0.99208 0.09681
vn 0.62614 0.18733 0.75687
vn 0.09991 -0.98764 0.12077
vn 0.62208 0.21808 0.75197
vn 0.11964 -0.98223 0.14461
vn 0.61741 0.24861 0.74632
vn 0.13924 -0.97585 0.16831
vn 0.61213 0.27891 0.73994
vn 0.15871 -0.96851 0.19185
vn 0.60625 0.30892 0.73282
vn 0.17802 -0.96021 0.21519
vn 0.59976 0.33864 0.72499
vn 0.19716 -0.95096 0.23832
vn 0.59269 0.36802 0.71644
vn 0.2161 -0.94078 0.26122
vn 0.58503 0.39703 0.70718
vn 0.23482 -0.92967 0.28385
vn 0.57679 0.42566 0.69723
vn 0.25332 -0.91764 0.30621
vn 0.56799 0.45386 0.68658
vn 0.27157 -0.90471 0.32827
vn 0.55862 0.48162 0.67526
vn 0.28954 -0.89088 0.35
vn 0.54871 0.5089 0.66328
vn 0.30724 -0.87617 0.37138
vn 0.53825 0.53568 0.65064
vn 0.32462 -0.8606 0.3924
vn 0.52726 0.56194 0.63735
vn 0.34169 -0.84419 0.41303
vn 0.51576 0.58764 0.62344
vn 0.35842 -0.82693 0.43326
vn 0.50374 0.61276 0.60892
vn 0.3748 -0.80887 0.45305
vn 0.49123 0.63727 0.59379
vn 0.39081 -0.79 0.4724
vn 0.47823 0.66116 0.57808
vn 0.40643 -0.77036 0.49129
vn 0.4197 0.79 0.44693
vn 0.51358 -0.66116 0.54691
vn 0.52754 -0.63727 0.56177
vn 0.40251 0.80887 0.42863
vn 0.54098 -0.61276 0.57608
vn 0.38492 0.82693 0.4099
vn 0.55388 -0.58764 0.58983
vn 0.36695 0.84419 0.39076
vn 0.56624 -0.56194 0.60299
vn 0.34862 0.8606 0.37124
vn 0.57804 -0.53568 0.61555
vn 0.32995 0.87617 0.35136
vn 0.58927 -0.5089 0.62751
vn 0.31095 0.89088 0.33113
vn 0.59992 -0.48162 0.63885
vn 0.29164 0.90471 0.31057
vn 0.60998 -0.45386 0.64956
vn 0.27205 0.91764 0.2897
vn 0.61944 -0.42566 0.65963
vn 0.25218 0.92967 0.26855
vn 0.62828 -0.39703 0.66905
vn 0.23207 0.94078 0.24713
vn 0.63651 -0.36802 0.67781
vn 0.21173 0.95096 0.22547
vn 0.6441 -0.33864 0.6859
vn 0.19118 0.96021 0.20359
vn 0.65106 -0.30892 0.69331
vn 0.17044 0.96851 0.1815
vn 0.65738 -0.2789 0.70004
vn 0.14953 0.97585 0.15924
vn 0.66305 -0.24861 0.70608
vn 0.12848 0.98223 0.13682
vn 0.66807 -0.21808 0.71142
vn 0.1073 0.98764 0.11426
vn 0.67243 -0.18732 0.71606
vn 0.08601 0.99208 0.09159
vn 0.67612 -0.15639 0.72
vn 0.06463 0.99553 0.06883
vn 0.67915 -0.1253 0.72322
vn 0.0432 0.99801 0.046
vn 0.68151 -0.09408 0.72574
vn 0.02172 0.9995 0.02313
vn 0.6832 -0.06277 0.72753
vn 0.68421 -0.0314 0.72861
vn 0.68455 0 0.72897
vn 0.68421 0.0314 0.72861
vn 0.6832 0.06277 0.72753
vn 0.02172 -0.9995 0.02313
vn 0.68151 0.09408 0.72574
vn 0.0432 -0.99801 0.046
vn 0.67915 0.1253 0.72322
vn 0.06463 -0.99553 0.06883
vn 0.67612 0.15639 0.72
vn 0.08601 -0.99208 0.09159
vn 0.67243 0.18732 0.71606
vn 0.1073 -0.98764 0.11426
vn 0.66807 0.21808 0.71142
vn 0.12848 -0.98223 0.13682
vn 0.66305 0.24861 0.70608
vn 0.14953 -0.97585 0.15924
vn 0.65738 0.27891 0.70004
vn 0.17044 -0.96851 0.1815
vn 0.65106 0.30892 0.69331
vn 0.19118 -0.96021 0.20359
vn 0.6441 0.33864 0.6859
vn 0.21173 -0.95096 0.22547
vn 0.63651 0.36802 0.67781
vn 0.23207 -0.94078 0.24713
vn 0.62828 0.39703 0.66905
vn 0.25218 -0.92967 0.26855
vn 0.61944 0.42566 0.65963
vn 0.27205 -0.91764 0.2897
vn 0.60998 0.45386 0.64956
vn 0.29164 -0.90471 0.31057
vn 0.59992 0.48162 0.63885
vn 0.31095 -0.89088 0.33113
vn 0.58927 0.5089 0.62751
vn 0.32995 -0.87617 0.35136
vn 0.57804 0.53568 0.61555
vn 0.34862 -0.8606 0.37124
vn 0.56624 0.56194 0.60299
vn 0.36695 -0.84419 0.39077
vn 0.55388 0.58764 0.58983
vn 0.38492 -0.82693 0.4099
vn 0.54098 0.61276 0.57608
vn 0.40251 -0.80887 0.42863
vn 0.52754 0.63727 0.56177
vn 0.4197 -0.79 0.44693
vn 0.51358 0.66116 0.54691
vn 0.43647 -0.77036 0.4648
vn 0.49911 0.68439 0.5315
vn 0.45282 -0.74996 0.4822
vn 0.48416 0.70695 0.51557
vn 0.46872 -0.72881 0.49914
vn 0.46872 0.72881 0.49914
vn 0.48416 -0.70695 0.51557
vn 0.45282 0.74996 0.4822
vn 0.49911 -0.68439 0.5315
vn 0.43647 0.77036 0.4648
vn 0.60299 -0.56194 0.56624
vn 0.61555 -0.53568 0.57804
vn 0.35136 0.87617 0.32995
vn 0.62751 -0.5089 0.58927
vn 0.33113 0.89088 0.31095
vn 0.63885 -0.48162 0.59992
vn 0.31057 0.90471 0.29164
vn 0.64956 -0.45386 0.60998
vn 0.2897 0.91764 0.27205
vn 0.65963 -0.42566 0.61944
vn 0.26855 0.92967 0.25218
vn 0.66905 -0.39703 0.62828
vn 0.24713 0.94078 0.23207
vn 0.67781 -0.36802 0.6365
vn 0.22547 0.95096 0.21173
vn 0.6859 -0.33864 0.6441
vn 0.20359 0.96021 0.19118
vn 0.69331 -0.30892 0.65106
vn 0.1815 0.96851 0.17044
vn 0.70004 -0.2789 0.65738
vn 0.15924 0.97585 0.14953
vn 0.70608 -0.24861 0.66305
vn 0.13682 0.98223 0.12848
vn 0.71142 -0.21808 0.66807
vn 0.11426 0.98764 0.1073
vn 0.71606 -0.18732 0.67243
vn 0.09159 0.99208 0.08601
vn 0.72 -0.15639 0.67612
vn 0.06883 0.99553 0.06463
vn 0.72322 -0.1253 0.67915
vn 0.046 0.99801 0.0432
vn 0.72574 -0.09408 0.68151
vn 0.02313 0.9995 0.02172
vn 0.72753 -0.06277 0.6832
vn 0.72861 -0.0314 0.68421
vn 0.72897 0 0.68455
vn 0.72861 0.0314 0.68421
vn 0.72753 0.06277 0.6832
vn 0.02313 -0.9995 0.02172
vn 0.72574 0.09408 0.68151
vn 0.046 -0.99801 0.0432
vn 0.72322 0.1253 0.67915
vn 0.06883 -0.99553 0.06463
vn 0.72 0.15639 0.67612
vn 0.09159 -0.99208 0.08601
vn 0.71606 0.18732 0.67243
vn 0.11426 -0.98764 0.1073
vn 0.71142 0.21808 0.66807
vn 0.13682 -0.98223 0.12848
vn 0.70608 0.24861 0.66305
vn 0.15924 -0.97585 0.14953
vn 0.70004 0.27891 0.65738
vn 0.1815 -0.96851 0.17044
vn 0.69331 0.30892 0.65106
vn 0.20359 -0.96021 0.19118
vn 0.6859 0.33864 0.6441
vn 0.22547 -0.95096 0.21173
vn 0.67781 0.36802 0.6365
vn 0.24713 -0.94078 0.23207
vn 0.66905 0.39703 0.62828
vn 0.26855 -0.92967 0.25218
vn 0.65963 0.42566 0.61944
vn 0.2897 -0.91764 0.27205
vn 0.64956 0.45386 0.60998
vn 0.31057 -0.90471 0.29164
vn 0.63885 0.48162 0.59992
vn 0.33113 -0.89088 0.31095
vn 0.62751 0.5089 0.58927
vn 0.35136 -0.87617 0.32995
vn 0.61555 0.53568 0.57804
vn 0.37124 -0.8606 0.34862
vn 0.60299 0.56194 0.56624
vn 0.39076 -0.84419 0.36695
vn 0.58983 0.58764 0.55388
vn 0.4099 -0.82693 0.38492
vn 0.57608 0.61276 0.54098
vn 0.42863 -0.80887 0.40251
vn 0.56177 0.63727 0.52754
vn 0.44693 -0.79 0.4197
vn 0.54691 0.66116 0.51358
vn 0.4648 -0.77036 0.43647
vn 0.5315 0.68439 0.49911
vn 0.4822 -0.74996 0.45282
vn 0.51557 0.70695 0.48416
vn 0.49914 -0.72881 0.46872
vn 0.49914 0.72881 0.46872
vn 0.51557 -0.70695 0.48416
vn 0.4822 0.74996 0.45282
vn 0.5315 -0.68439 0.49911
vn 0.4648 0.77036 0.43647
vn 0.54691 -0.66116 0.51358
vn 0.44693 0.79 0.4197
vn 0.56177 -0.63727 0.52754
vn 0.42863 0.80887 0.40251
vn 0.57608 -0.61276 0.54098
vn 0.4099 0.82693 0.38492
vn 0.58983 -0.58764 0.55388
vn 0.39076 0.84419 0.36695
vn 0.37124 0.8606 0.34862
vn 0.28385 0.92967 0.23482
vn 0.70718 -0.39703 0.58503
vn 0.26122 0.94078 0.2161
vn 0.71644 -0.36802 0.59269
vn 0.23832 0.95096 0.19716
vn 0.72499 -0.33864 0.59976
vn 0.21519 0.96021 0.17802
vn 0.73283 -0.30892 0.60625
vn 0.19185 0.96851 0.15871
vn 0.73994 -0.2789 0.61213
vn 0.16831 0.97585 0.13924
vn 0.74632 -0.24861 0.61741
vn 0.14461 0.98223 0.11964
vn 0.75197 -0.21808 0.62208
vn 0.12077 0.98764 0.09991
vn 0.75687 -0.18732 0.62614
vn 0.09681 0.99208 0.08009
vn 0.76103 -0.15639 0.62958
vn 0.07275 0.99553 0.06019
vn 0.76444 -0.1253 0.6324
vn 0.04862 0.99801 0.04022
vn 0.7671 -0.09408 0.6346
vn 0.02444 0.9995 0.02022
vn 0.76899 -0.06277 0.63617
vn 0.77013 -0.0314 0.63711
vn 0.77051 0 0.63742
vn 0.77013 0.0314 0.63711
vn 0.76899 0.06277 0.63617
vn 0.02444 -0.9995 0.02022
vn 0.7671 0.09408 0.6346
vn 0.04862 -0.99801 0.04022
vn 0.76444 0.1253 0.6324
vn 0.07275 -0.99553 0.06019
vn 0.76103 0.15639 0.62958
vn 0.09681 -0.99208 0.08009
vn 0.75687 0.18732 0.62614
vn 0.12077 -0.98764 0.09991
vn 0.75197 0.21808 0.62208
vn 0.14461 -0.98223 0.11964
vn 0.74632 0.24861 0.61741
vn 0.16831 -0.97585 0.13924
vn 0.73994 0.27891 0.61213
vn 0.19185 -0.96851 0.15871
vn 0.73283 0.30892 0.60625
vn 0.21519 -0.96021 0.17802
vn 0.72499 0.33864 0.59976
vn 0.23832 -0.95096 0.19716
vn 0.71644 0.36802 0.59269
vn 0.26122 -0.94078 0.2161
vn 0.70718 0.39703 0.58503
vn 0.28385 -0.92967 0.23482
vn 0.69722 0.42566 0.57679
vn 0.30621 -0.91764 0.25332
vn 0.68658 0.45386 0.56799
vn 0.32827 -0.90471 0.27157
vn 0.67526 0.48162 0.55863
vn 0.35 -0.89088 0.28954
vn 0.66328 0.5089 0.54871
vn 0.37138 -0.87617 0.30724
vn 0.65064 0.53568 0.53825
vn 0.3924 -0.8606 0.32462
vn 0.63735 0.56194 0.52726
vn 0.41303 -0.84419 0.34169
vn 0.62344 0.58764 0.51576
vn 0.43326 -0.82693 0.35842
vn 0.60891 0.61276 0.50374
vn 0.45305 -0.80887 0.3748
vn 0.59379 0.63727 0.49123
vn 0.4724 -0.79 0.39081
vn 0.57808 0.66116 0.47823
vn 0.49129 -0.77036 0.40643
vn 0.56179 0.68439 0.46475
vn 0.50968 -0.74996 0.42165
vn 0.54496 0.70695 0.45083
vn 0.52758 -0.72881 0.43645
vn 0.52758 0.72881 0.43645
vn 0.54496 -0.70695 0.45083
vn 0.50968 0.74996 0.42165
vn 0.56179 -0.68439 0.46475
vn 0.49129 0.77036 0.40643
vn 0.57808 -0.66116 0.47823
vn 0.4724 0.79 0.39081
vn 0.59379 -0.63727 0.49122
vn 0.45305 0.80887 0.3748
vn 0.60891 -0.61276 0.50374
vn 0.43326 0.82693 0.35842
vn 0.62344 -0.58764 0.51576
vn 0.41303 0.84419 0.34169
vn 0.63735 -0.56194 0.52726
vn 0.3924 0.8606 0.32462
vn 0.65064 -0.53568 0.53825
vn 0.37138 0.87617 0.30724
vn 0.66328 -0.5089 0.54871
vn 0.35 0.89088 0.28954
vn 0.67526 -0.48162 0.55863
vn 0.32827 0.90471 0.27157
vn 0.68658 -0.45386 0.56799
vn 0.30621 0.91764 0.25332
vn 0.69722 -0.42566 0.57679
vn 0.76945 -0.30892 0.55904
vn 0.77691 -0.2789 0.56446
vn 0.17672 0.97585 0.1284
vn 0.78362 -0.24861 0.56933
vn 0.15184 0.98223 0.11032
vn 0.78955 -0.21808 0.57364
vn 0.12681 0.98764 0.09213
vn 0.7947 -0.18732 0.57738
vn 0.10165 0.99208 0.07385
vn 0.79906 -0.15639 0.58055
vn 0.07639 0.99553 0.0555
vn 0.80264 -0.1253 0.58315
vn 0.05105 0.99801 0.03709
vn 0.80543 -0.09408 0.58518
vn 0.02567 0.9995 0.01865
vn 0.80742 -0.06277 0.58663
vn 0.80862 -0.0314 0.5875
vn 0.80902 0 0.58779
vn 0.80862 0.0314 0.5875
vn 0.80742 0.06277 0.58663
vn 0.02567 -0.9995 0.01865
vn 0.80543 0.09408 0.58518
vn 0.05105 -0.99801 0.03709
vn 0.80264 0.1253 0.58315
vn 0.07639 -0.99553 0.0555
vn 0.79906 0.15639 0.58055
vn 0.10165 -0.99208 0.07385
vn 0.7947 0.18732 0.57738
vn 0.12681 -0.98764 0.09213
vn 0.78955 0.21808 0.57364
vn 0.15184 -0.98223 0.11032
vn 0.78362 0.24861 0.56933
vn 0.17672 -0.97585 0.1284
vn 0.77691 0.2789 0.56446
vn 0.20143 -0.96851 0.14635
vn 0.76945 0.30892 0.55904
vn 0.22594 -0.96021 0.16416
vn 0.76122 0.33864 0.55306
vn 0.25023 -0.95096 0.1818
vn 0.75224 0.36802 0.54653
vn 0.27427 -0.94078 0.19927
vn 0.74252 0.39703 0.53947
vn 0.29804 -0.92967 0.21654
vn 0.73207 0.42566 0.53188
vn 0.32151 -0.91764 0.23359
vn 0.72089 0.45386 0.52376
vn 0.34467 -0.90471 0.25042
vn 0.70901 0.48162 0.51512
vn 0.36749 -0.89088 0.267
vn 0.69642 0.5089 0.50598
vn 0.38994 -0.87617 0.28331
vn 0.68315 0.53568 0.49634
vn 0.41201 -0.86061 0.29934
vn 0.6692 0.56194 0.4862
vn 0.43367 -0.84419 0.31508
vn 0.6546 0.58764 0.47559
vn 0.45491 -0.82693 0.33051
vn 0.63934 0.61276 0.46451
vn 0.47569 -0.80887 0.34561
vn 0.62346 0.63727 0.45297
vn 0.49601 -0.79 0.36037
vn 0.60696 0.66116 0.44099
vn 0.51584 -0.77036 0.37478
vn 0.58987 0.68439 0.42856
vn 0.53515 -0.74996 0.38881
vn 0.57219 0.70695 0.41572
vn 0.55395 -0.72881 0.40247
vn 0.55395 0.72881 0.40247
vn 0.57219 -0.70695 0.41572
vn 0.53515 0.74996 0.38881
vn 0.58987 -0.68439 0.42856
vn 0.51584 0.77036 0.37478
vn 0.60696 -0.66116 0.44099
vn 0.49601 0.79 0.36037
vn 0.62346 -0.63727 0.45297
vn 0.47569 0.80887 0.34561
vn 0.63934 -0.61276 0.46451
vn 0.45491 0.82693 0.33051
vn 0.6546 -0.58764 0.47559
vn 0.43367 0.84419 0.31508
vn 0.6692 -0.56194 0.4862
vn 0.41201 0.86061 0.29934
vn 0.68315 -0.53568 0.49634
vn 0.38994 0.87617 0.28331
vn 0.69642 -0.5089 0.50598
vn 0.36749 0.89088 0.267
vn 0.70901 -0.48162 0.51512
vn 0.34467 0.90471 0.25042
vn 0.72089 -0.45386 0.52376
vn 0.32151 0.91764 0.23359
vn 0.73207 -0.42566 0.53188
vn 0.29804 0.92967 0.21654
vn 0.74252 -0.39703 0.53947
vn 0.27427 0.94078 0.19927
vn 0.75224 -0.36802 0.54653
vn 0.25023 0.95096 0.1818
vn 0.76122 -0.33864 0.55306
vn 0.22594 0.96021 0.16416
vn 0.20143 0.96851 0.14635
vn 0.07972 0.99553 0.05059
vn 0.83394 -0.15639 0.52923
vn 0.83767 -0.1253 0.5316
vn 0.05328 0.99801 0.03381
vn 0.84058 -0.09408 0.53345
vn 0.02679 0.9995 0.017
vn 0.84266 -0.06277 0.53477
vn 0.84391 -0.0314 0.53556
vn 0.84433 0 0.53583
vn 0.84391 0.0314 0.53556
vn 0.84266 0.06277 0.53477
vn 0.02679 -0.9995 0.017
vn 0.84058 0.09408 0.53345
vn 0.05328 -0.99801 0.03381
vn 0.83767 0.1253 0.5316
vn 0.07972 -0.99553 0.05059
vn 0.83394 0.15639 0.52923
vn 0.10608 -0.99208 0.06732
vn 0.82938 0.18732 0.52634
vn 0.13234 -0.98764 0.08399
vn 0.82401 0.21808 0.52293
vn 0.15847 -0.98223 0.10057
vn 0.81782 0.24861 0.519
vn 0.18444 -0.97585 0.11705
vn 0.81082 0.2789 0.51456
vn 0.21023 -0.96851 0.13341
vn 0.80303 0.30892 0.50962
vn 0.2358 -0.96021 0.14965
vn 0.79444 0.33864 0.50417
vn 0.26115 -0.95096 0.16573
vn 0.78507 0.36802 0.49822
vn 0.28624 -0.94078 0.18165
vn 0.77493 0.39703 0.49178
vn 0.31105 -0.92967 0.1974
vn 0.76402 0.42566 0.48486
vn 0.33555 -0.91764 0.21294
vn 0.75236 0.45386 0.47746
vn 0.35971 -0.90471 0.22828
vn 0.73995 0.48162 0.46959
vn 0.38353 -0.89088 0.24339
vn 0.72682 0.5089 0.46125
vn 0.40696 -0.87617 0.25827
vn 0.71297 0.53568 0.45246
vn 0.42999 -0.8606 0.27288
vn 0.69841 0.56194 0.44323
vn 0.4526 -0.84419 0.28723
vn 0.68317 0.58764 0.43355
vn 0.47476 -0.82693 0.30129
vn 0.66725 0.61276 0.42345
vn 0.49646 -0.80887 0.31506
vn 0.65067 0.63727 0.41293
vn 0.51766 -0.79 0.32852
vn 0.63346 0.66116 0.402
vn 0.53835 -0.77036 0.34165
vn 0.61561 0.68439 0.39068
vn 0.55851 -0.74996 0.35444
vn 0.59716 0.70695 0.37897
vn 0.57812 -0.72881 0.36689
vn 0.57812 0.72881 0.36689
vn 0.59716 -0.70695 0.37897
vn 0.55851 0.74996 0.35444
vn 0.61561 -0.68439 0.39068
vn 0.53835 0.77036 0.34165
vn 0.63346 -0.66116 0.402
vn 0.51766 0.79 0.32852
vn 0.65067 -0.63727 0.41293
vn 0.49646 0.80887 0.31506
vn 0.66725 -0.61276 0.42345
vn 0.47476 0.82693 0.30129
vn 0.68317 -0.58764 0.43355
vn 0.4526 0.84419 0.28723
vn 0.69841 -0.56194 0.44323
vn 0.42999 0.8606 0.27288
vn 0.71297 -0.53568 0.45246
vn 0.40696 0.87617 0.25827
vn 0.72682 -0.5089 0.46125
vn 0.38353 0.89088 0.24339
vn 0.73995 -0.48162 0.46959
vn 0.35971 0.90471 0.22828
vn 0.75236 -0.45386 0.47746
vn 0.33555 0.91764 0.21294
vn 0.76402 -0.42566 0.48486
vn 0.31105 0.92967 0.1974
vn 0.77493 -0.39703 0.49178
vn 0.28624 0.94078 0.18165
vn 0.78507 -0.36802 0.49822
vn 0.26115 0.95096 0.16573
vn 0.79444 -0.33864 0.50417
vn 0.2358 0.96021 0.14965
vn 0.80303 -0.30892 0.50962
vn 0.21022 0.96851 0.13341
vn 0.81082 -0.2789 0.51456
vn 0.18444 0.97585 0.11705
vn 0.81782 -0.24861 0.519
vn 0.15847 0.98223 0.10057
vn 0.82401 -0.21808 0.52293
vn 0.13234 0.98764 0.08399
vn 0.82938 -0.18732 0.52634
vn 0.10608 0.99208 0.06732
vn 0.87631 -0 0.48175
vn 0.87587 0.0314 0.48152
vn 0.87458 0.06277 0.4808
vn 0.0278 -0.9995 0.01528
vn 0.87242 0.09408 0.47962
vn 0.0553 -0.99801 0.0304
vn 0.8694 0.1253 0.47796
vn 0.08274 -0.99553 0.04549
vn 0.86552 0.15639 0.47583
vn 0.1101 -0.99208 0.06053
vn 0.86079 0.18732 0.47323
vn 0.13735 -0.98764 0.07551
vn 0.85522 0.21808 0.47016
vn 0.16447 -0.98223 0.09042
vn 0.84879 0.24862 0.46663
vn 0.19142 -0.97585 0.10524
vn 0.84153 0.2789 0.46264
vn 0.21819 -0.96851 0.11995
vn 0.83344 0.30892 0.45819
vn 0.24473 -0.96021 0.13454
vn 0.82453 0.33864 0.45329
vn 0.27104 -0.95096 0.14901
vn 0.81481 0.36802 0.44794
vn 0.29708 -0.94078 0.16332
vn 0.80428 0.39703 0.44216
vn 0.32283 -0.92967 0.17748
vn 0.79296 0.42566 0.43593
vn 0.34826 -0.91764 0.19146
vn 0.78085 0.45386 0.42928
vn 0.37334 -0.90471 0.20524
vn 0.76798 0.48162 0.4222
vn 0.39805 -0.89088 0.21883
vn 0.75435 0.5089 0.4147
vn 0.42238 -0.87617 0.2322
vn 0.73997 0.53568 0.4068
vn 0.44628 -0.8606 0.24534
vn 0.72486 0.56194 0.3985
vn 0.46975 -0.84419 0.25824
vn 0.70904 0.58764 0.3898
vn 0.49275 -0.82693 0.27089
vn 0.69252 0.61276 0.38072
vn 0.51526 -0.80887 0.28327
vn 0.67532 0.63727 0.37126
vn 0.53727 -0.79 0.29537
vn 0.65745 0.66116 0.36144
vn 0.55874 -0.77036 0.30717
vn 0.63893 0.68439 0.35125
vn 0.57967 -0.74996 0.31868
vn 0.61978 0.70695 0.34073
vn 0.60002 -0.72881 0.32986
vn 0.60002 0.72881 0.32986
vn 0.61978 -0.70695 0.34073
vn 0.57967 0.74996 0.31867
vn 0.63893 -0.68439 0.35125
vn 0.55874 0.77036 0.30717
vn 0.65745 -0.66116 0.36144
vn 0.53727 0.79 0.29536
vn 0.67532 -0.63727 0.37126
vn 0.51526 0.80887 0.28327
vn 0.69252 -0.61276 0.38072
vn 0.49275 0.82693 0.27089
vn 0.70904 -0.58764 0.3898
vn 0.46975 0.84419 0.25824
vn 0.72486 -0.56194 0.3985
vn 0.44628 0.8606 0.24534
vn 0.73997 -0.53568 0.4068
vn 0.42238 0.87617 0.2322
vn 0.75435 -0.5089 0.4147
vn 0.39805 0.89088 0.21883
vn 0.76798 -0.48162 0.4222
vn 0.37334 0.90471 0.20524
vn 0.78085 -0.45386 0.42928
vn 0.34826 0.91764 0.19146
vn 0.79296 -0.42566 0.43593
vn 0.32283 0.92967 0.17748
vn 0.80428 -0.39703 0.44216
vn 0.29708 0.94078 0.16332
vn 0.81481 -0.36802 0.44794
vn 0.27104 0.95096 0.14901
vn 0.82453 -0.33864 0.45329
vn 0.24473 0.96021 0.13454
vn 0.83344 -0.30892 0.45819
vn 0.21819 0.96851 0.11995
vn 0.84153 -0.2789 0.46264
vn 0.19142 0.97585 0.10524
vn 0.84879 -0.24862 0.46663
vn 0.16447 0.98223 0.09042
vn 0.85522 -0.21808 0.47016
vn 0.13735 0.98764 0.07551
vn 0.86079 -0.18732 0.47323
vn 0.1101 0.99208 0.06053
vn 0.86552 -0.15639 0.47583
vn 0.08274 0.99553 0.04549
vn 0.8694 -0.1253 0.47796
vn 0.0553 0.99801 0.0304
vn 0.87242 -0.09408 0.47962
vn 0.0278 0.9995 0.01528
vn 0.87458 -0.06277 0.4808
vn 0.87587 -0.0314 0.48152
vn 0.35959 -0.91764 0.16921
vn 0.38549 -0.90471 0.1814
vn 0.80626 0.45386 0.3794
vn 0.79297 0.48162 0.37314
vn 0.41101 -0.89088 0.19341
vn 0.7789 0.5089 0.36652
vn 0.43612 -0.87617 0.20522
vn 0.76405 0.53568 0.35954
vn 0.4608 -0.8606 0.21684
vn 0.74846 0.56194 0.3522
vn 0.48503 -0.84419 0.22824
vn 0.73212 0.58764 0.34451
vn 0.50878 -0.82693 0.23942
vn 0.71506 0.61276 0.33648
vn 0.53203 -0.80887 0.25035
vn 0.6973 0.63727 0.32812
vn 0.55475 -0.79 0.26105
vn 0.67885 0.66116 0.31944
vn 0.57693 -0.77036 0.27148
vn 0.65972 0.68439 0.31044
vn 0.59853 -0.74996 0.28165
vn 0.63995 0.70695 0.30114
vn 0.61955 -0.72881 0.29154
vn 0.61955 0.72881 0.29154
vn 0.63995 -0.70695 0.30114
vn 0.59853 0.74996 0.28165
vn 0.65972 -0.68439 0.31044
vn 0.57693 0.77036 0.27148
vn 0.67885 -0.66116 0.31944
vn 0.55475 0.79 0.26105
vn 0.6973 -0.63727 0.32812
vn 0.53203 0.80887 0.25035
vn 0.71506 -0.61276 0.33648
vn 0.50878 0.82693 0.23942
vn 0.73212 -0.58764 0.34451
vn 0.48503 0.84419 0.22824
vn 0.74845 -0.56194 0.3522
vn 0.4608 0.8606 0.21684
vn 0.76405 -0.53568 0.35954
vn 0.43612 0.87617 0.20522
vn 0.7789 -0.5089 0.36652
vn 0.41101 0.89088 0.19341
vn 0.79297 -0.48162 0.37314
vn 0.38549 0.90471 0.1814
vn 0.80626 -0.45386 0.3794
vn 0.35959 0.91764 0.16921
vn 0.81876 -0.42566 0.38528
vn 0.33333 0.92967 0.15686
vn 0.83045 -0.39703 0.39078
vn 0.30675 0.94078 0.14435
vn 0.84133 -0.36802 0.3959
vn 0.27986 0.95096 0.13169
vn 0.85137 -0.33864 0.40062
vn 0.2527 0.96021 0.11891
vn 0.86057 -0.30892 0.40495
vn 0.22529 0.96851 0.10601
vn 0.86892 -0.2789 0.40888
vn 0.19765 0.97585 0.09301
vn 0.87642 -0.24861 0.41241
vn 0.16982 0.98223 0.07991
vn 0.88305 -0.21808 0.41553
vn 0.14182 0.98764 0.06674
vn 0.88881 -0.18732 0.41824
vn 0.11368 0.99208 0.0535
vn 0.89369 -0.15639 0.42054
vn 0.08543 0.99553 0.0402
vn 0.8977 -0.1253 0.42242
vn 0.0571 0.99801 0.02687
vn 0.90081 -0.09408 0.42389
vn 0.02871 0.9995 0.01351
vn 0.90304 -0.06277 0.42494
vn 0.90438 -0.0314 0.42557
vn 0.90483 -0 0.42578
vn 0.90438 0.0314 0.42557
vn 0.90304 0.06277 0.42494
vn 0.02871 -0.9995 0.01351
vn 0.90081 0.09408 0.42389
vn 0.0571 -0.99801 0.02687
vn 0.8977 0.1253 0.42242
vn 0.08543 -0.99553 0.0402
vn 0.89369 0.15639 0.42054
vn 0.11368 -0.99208 0.0535
vn 0.88881 0.18732 0.41824
vn 0.14182 -0.98764 0.06674
vn 0.88305 0.21808 0.41553
vn 0.16982 -0.98223 0.07991
vn 0.87642 0.24861 0.41241
vn 0.19765 -0.97585 0.09301
vn 0.86892 0.2789 0.40888
vn 0.22529 -0.96851 0.10601
vn 0.86057 0.30892 0.40495
vn 0.2527 -0.96021 0.11891
vn 0.85137 0.33864 0.40062
vn 0.27986 -0.95096 0.13169
vn 0.84133 0.36802 0.3959
vn 0.30675 -0.94078 0.14435
vn 0.83045 0.39703 0.39078
vn 0.33333 -0.92967 0.15686
vn 0.81876 0.42566 0.38528
vn 0.75231 0.58764 0.29786
vn 0.49841 -0.84419 0.19733
vn 0.52281 -0.82693 0.207
vn 0.73478 0.61276 0.29092
vn 0.5467 -0.80887 0.21645
vn 0.71652 0.63727 0.28369
vn 0.57005 -0.79 0.2257
vn 0.69756 0.66116 0.27619
vn 0.59284 -0.77036 0.23472
vn 0.67791 0.68439 0.2684
vn 0.61504 -0.74996 0.24351
vn 0.6576 0.70695 0.26036
vn 0.63663 -0.72881 0.25206
vn 0.63663 0.72881 0.25206
vn 0.6576 -0.70695 0.26036
vn 0.61504 0.74996 0.24351
vn 0.67791 -0.68439 0.2684
vn 0.59283 0.77036 0.23472
vn 0.69756 -0.66116 0.27619
vn 0.57005 0.79 0.2257
vn 0.71652 -0.63727 0.28369
vn 0.5467 0.80887 0.21645
vn 0.73478 -0.61276 0.29092
vn 0.52281 0.82693 0.207
vn 0.75231 -0.58764 0.29786
vn 0.49841 0.84419 0.19733
vn 0.76909 -0.56194 0.30451
vn 0.47351 0.86061 0.18748
vn 0.78512 -0.53568 0.31085
vn 0.44815 0.87617 0.17743
vn 0.80037 -0.5089 0.31689
vn 0.42234 0.89088 0.16722
vn 0.81484 -0.48162 0.32262
vn 0.39612 0.90471 0.15683
vn 0.8285 -0.45387 0.32803
vn 0.36951 0.91764 0.1463
vn 0.84134 -0.42566 0.33311
vn 0.34253 0.92967 0.13562
vn 0.85335 -0.39703 0.33787
vn 0.31521 0.94078 0.1248
vn 0.86452 -0.36802 0.34229
vn 0.28758 0.95096 0.11386
vn 0.87484 -0.33864 0.34637
vn 0.25967 0.96021 0.10281
vn 0.8843 -0.30892 0.35012
vn 0.2315 0.96851 0.09166
vn 0.89288 -0.2789 0.35352
vn 0.2031 0.97585 0.08041
vn 0.90058 -0.24862 0.35657
vn 0.17451 0.98223 0.06909
vn 0.9074 -0.21808 0.35926
vn 0.14573 0.98764 0.0577
vn 0.91332 -0.18732 0.36161
vn 0.11682 0.99208 0.04625
vn 0.91834 -0.15639 0.36359
vn 0.08779 0.99553 0.03476
vn 0.92245 -0.1253 0.36522
vn 0.05867 0.99801 0.02323
vn 0.92565 -0.09408 0.36649
vn 0.0295 0.9995 0.01168
vn 0.92794 -0.06277 0.3674
vn 0.92932 -0.0314 0.36794
vn 0.92978 0 0.36812
vn 0.92932 0.0314 0.36794
vn 0.92794 0.06277 0.3674
vn 0.0295 -0.9995 0.01168
vn 0.92565 0.09408 0.36649
vn 0.05867 -0.99801 0.02323
vn 0.92245 0.1253 0.36522
vn 0.08779 -0.99553 0.03476
vn 0.91834 0.15639 0.36359
vn 0.11682 -0.99208 0.04625
vn 0.91332 0.18732 0.36161
vn 0.14573 -0.98764 0.0577
vn 0.9074 0.21808 0.35926
vn 0.17451 -0.98223 0.06909
vn 0.90058 0.24862 0.35657
vn 0.2031 -0.97585 0.08041
vn 0.89288 0.2789 0.35352
vn 0.2315 -0.96851 0.09166
vn 0.8843 0.30892 0.35012
vn 0.25967 -0.96021 0.10281
vn 0.87484 0.33864 0.34637
vn 0.28758 -0.95096 0.11386
vn 0.86452 0.36802 0.34229
vn 0.31521 -0.94078 0.1248
vn 0.85335 0.39703 0.33787
vn 0.34253 -0.92967 0.13562
vn 0.84134 0.42566 0.33311
vn 0.36951 -0.91764 0.1463
vn 0.8285 0.45387 0.32802
vn 0.39612 -0.90471 0.15683
vn 0.81484 0.48162 0.32262
vn 0.42234 -0.89088 0.16722
vn 0.80037 0.5089 0.31689
vn 0.44815 -0.87617 0.17743
vn 0.78512 0.53568 0.31085
vn 0.47351 -0.86061 0.18748
vn 0.76909 0.56194 0.30451
vn 0.62911 -0.74996 0.20441
vn 0.67265 0.70695 0.21856
vn 0.6512 -0.72881 0.21159
vn 0.6512 0.72881 0.21159
vn 0.67265 -0.70695 0.21856
vn 0.62911 0.74996 0.20441
vn 0.69343 -0.68439 0.22531
vn 0.6064 0.77036 0.19703
vn 0.71353 -0.66116 0.23184
vn 0.5831 0.79 0.18946
vn 0.73292 -0.63727 0.23814
vn 0.55921 0.80887 0.1817
vn 0.75159 -0.61276 0.24421
vn 0.53478 0.82693 0.17376
vn 0.76952 -0.58764 0.25003
vn 0.50982 0.84419 0.16565
vn 0.78669 -0.56194 0.25561
vn 0.48435 0.8606 0.15737
vn 0.80309 -0.53568 0.26094
vn 0.4584 0.87617 0.14894
vn 0.81869 -0.5089 0.26601
vn 0.43201 0.89088 0.14037
vn 0.83348 -0.48162 0.27082
vn 0.40518 0.90471 0.13165
vn 0.84746 -0.45387 0.27536
vn 0.37796 0.91764 0.12281
vn 0.8606 -0.42566 0.27962
vn 0.35037 0.92967 0.11384
vn 0.87289 -0.39703 0.28362
vn 0.32242 0.94078 0.10476
vn 0.88431 -0.36802 0.28733
vn 0.29416 0.95096 0.09558
vn 0.89486 -0.33864 0.29076
vn 0.26561 0.96021 0.0863
vn 0.90454 -0.30892 0.2939
vn 0.2368 0.96851 0.07694
vn 0.91332 -0.2789 0.29676
vn 0.20775 0.97585 0.0675
vn 0.9212 -0.24861 0.29931
vn 0.1785 0.98223 0.058
vn 0.92817 -0.21808 0.30158
vn 0.14907 0.98764 0.04844
vn 0.93422 -0.18732 0.30355
vn 0.11949 0.99208 0.03883
vn 0.93935 -0.15639 0.30521
vn 0.0898 0.99553 0.02918
vn 0.94356 -0.1253 0.30658
vn 0.06001 0.99801 0.0195
vn 0.94684 -0.09408 0.30765
vn 0.03017 0.9995 0.0098
vn 0.94918 -0.06277 0.30841
vn 0.95059 -0.0314 0.30886
vn 0.95106 0 0.30902
vn 0.95059 0.0314 0.30886
vn 0.94918 0.06277 0.30841
vn 0.03017 -0.9995 0.0098
vn 0.94684 0.09408 0.30765
vn 0.06001 -0.99801 0.0195
vn 0.94356 0.1253 0.30658
vn 0.0898 -0.99553 0.02918
vn 0.93935 0.15639 0.30521
vn 0.11949 -0.99208 0.03883
vn 0.93422 0.18732 0.30355
vn 0.14907 -0.98764 0.04844
vn 0.92817 0.21808 0.30158
vn 0.1785 -0.98223 0.058
vn 0.9212 0.24861 0.29931
vn 0.20775 -0.97585 0.0675
vn 0.91332 0.2789 0.29676
vn 0.2368 -0.96851 0.07694
vn 0.90454 0.30892 0.2939
vn 0.26561 -0.96021 0.0863
vn 0.89486 0.33864 0.29076
vn 0.29416 -0.95096 0.09558
vn 0.88431 0.36802 0.28733
vn 0.32242 -0.94078 0.10476
vn 0.87289 0.39703 0.28362
vn 0.35037 -0.92967 0.11384
vn 0.8606 0.42566 0.27962
vn 0.37796 -0.91764 0.12281
vn 0.84746 0.45387 0.27536
vn 0.40518 -0.90471 0.13165
vn 0.83348 0.48162 0.27082
vn 0.43201 -0.89088 0.14037
vn 0.81869 0.5089 0.26601
vn 0.4584 -0.87617 0.14894
vn 0.80309 0.53568 0.26094
vn 0.48435 -0.8606 0.15737
vn 0.78669 0.56194 0.25561
vn 0.50982 -0.84419 0.16565
vn 0.76952 0.58764 0.25003
vn 0.53478 -0.82693 0.17376
vn 0.75159 0.61276 0.24421
vn 0.55921 -0.80887 0.1817
vn 0.73292 0.63727 0.23814
vn 0.5831 -0.79 0.18946
vn 0.71353 0.66116 0.23184
vn 0.6064 -0.77036 0.19703
vn 0.69343 0.68439 0.22531
vn 0.59384 0.79 0.15247
vn 0.74643 -0.63727 0.19165
vn 0.56952 0.80887 0.14623
vn 0.76544 -0.61276 0.19653
vn 0.54463 0.82693 0.13984
vn 0.78371 -0.58764 0.20122
vn 0.51921 0.84419 0.13331
vn 0.80119 -0.56194 0.20571
vn 0.49327 0.86061 0.12665
vn 0.81789 -0.53568 0.21
vn 0.46685 0.87617 0.11987
vn 0.83378 -0.5089 0.21408
vn 0.43997 0.89088 0.11296
vn 0.84885 -0.48162 0.21795
vn 0.41265 0.90471 0.10595
vn 0.86308 -0.45387 0.2216
vn 0.38493 0.91764 0.09883
vn 0.87646 -0.42566 0.22504
vn 0.35682 0.92967 0.09162
vn 0.88897 -0.39703 0.22825
vn 0.32837 0.94078 0.08431
vn 0.90061 -0.36802 0.23124
vn 0.29958 0.95096 0.07692
vn 0.91136 -0.33864 0.234
vn 0.27051 0.96021 0.06945
vn 0.92121 -0.30892 0.23653
vn 0.24116 0.96851 0.06192
vn 0.93015 -0.2789 0.23882
vn 0.21158 0.97585 0.05432
vn 0.93817 -0.24861 0.24088
vn 0.18179 0.98223 0.04668
vn 0.94527 -0.21808 0.2427
vn 0.15182 0.98764 0.03898
vn 0.95144 -0.18732 0.24429
vn 0.12169 0.99208 0.03125
vn 0.95667 -0.15639 0.24563
vn 0.09145 0.99553 0.02348
vn 0.96095 -0.1253 0.24673
vn 0.06112 0.99801 0.01569
vn 0.96429 -0.09408 0.24759
vn 0.03073 0.9995 0.00789
vn 0.96667 -0.06277 0.2482
vn 0.96811 -0.0314 0.24857
vn 0.96858 -0 0.24869
vn 0.96811 0.0314 0.24857
vn 0.96667 0.06277 0.2482
vn 0.03073 -0.9995 0.00789
vn 0.96429 0.09408 0.24759
vn 0.06112 -0.99801 0.01569
vn 0.96095 0.1253 0.24673
vn 0.09145 -0.99553 0.02348
vn 0.95666 0.15639 0.24563
vn 0.12169 -0.99208 0.03125
vn 0.95144 0.18732 0.24429
vn 0.15182 -0.98764 0.03898
vn 0.94527 0.21808 0.24271
vn 0.18179 -0.98223 0.04668
vn 0.93817 0.24861 0.24088
vn 0.21158 -0.97585 0.05432
vn 0.93015 0.2789 0.23882
vn 0.24116 -0.96851 0.06192
vn 0.92121 0.30892 0.23653
vn 0.27051 -0.96021 0.06945
vn 0.91136 0.33864 0.234
vn 0.29958 -0.95096 0.07692
vn 0.90061 0.36802 0.23124
vn 0.32837 -0.94078 0.08431
vn 0.88897 0.39703 0.22825
vn 0.35682 -0.92967 0.09162
vn 0.87646 0.42566 0.22504
vn 0.38493 -0.91764 0.09883
vn 0.86308 0.45387 0.2216
vn 0.41265 -0.90471 0.10595
vn 0.84885 0.48162 0.21795
vn 0.43997 -0.89088 0.11296
vn 0.83378 0.5089 0.21408
vn 0.46685 -0.87617 0.11987
vn 0.81789 0.53568 0.21
vn 0.49327 -0.86061 0.12665
vn 0.80119 0.56194 0.20571
vn 0.51921 -0.84419 0.13331
vn 0.78371 0.58764 0.20122
vn 0.54463 -0.82693 0.13984
vn 0.76544 0.61276 0.19653
vn 0.56952 -0.80887 0.14623
vn 0.74643 0.63727 0.19165
vn 0.59384 -0.79 0.15247
vn 0.72668 0.66116 0.18658
vn 0.61758 -0.77036 0.15857
vn 0.70621 0.68439 0.18132
vn 0.64071 -0.74996 0.1645
vn 0.68504 0.70695 0.17589
vn 0.6632 -0.72881 0.17028
vn 0.6632 0.72881 0.17028
vn 0.68504 -0.70695 0.17589
vn 0.64071 0.74996 0.1645
vn 0.70621 -0.68439 0.18132
vn 0.61758 0.77036 0.15857
vn 0.72668 -0.66116 0.18658
vn 0.47346 0.87617 0.09032
vn 0.84558 -0.5089 0.1613
vn 0.44619 0.89088 0.08512
vn 0.86086 -0.48162 0.16422
vn 0.41849 0.90471 0.07983
vn 0.87529 -0.45387 0.16697
vn 0.39037 0.91764 0.07447
vn 0.88886 -0.42566 0.16956
vn 0.36187 0.92967 0.06903
vn 0.90155 -0.39703 0.17198
vn 0.33301 0.94078 0.06353
vn 0.91335 -0.36802 0.17423
vn 0.30382 0.95096 0.05796
vn 0.92425 -0.33864 0.17631
vn 0.27433 0.96021 0.05233
vn 0.93424 -0.30892 0.17822
vn 0.24457 0.96851 0.04666
vn 0.94331 -0.2789 0.17995
vn 0.21457 0.97585 0.04093
vn 0.95145 -0.24862 0.1815
vn 0.18436 0.98223 0.03517
vn 0.95865 -0.21808 0.18287
vn 0.15396 0.98764 0.02937
vn 0.9649 -0.18732 0.18406
vn 0.12342 0.99208 0.02354
vn 0.9702 -0.15639 0.18508
vn 0.09275 0.99553 0.01769
vn 0.97455 -0.1253 0.18591
vn 0.06198 0.99801 0.01182
vn 0.97793 -0.09407 0.18655
vn 0.03116 0.9995 0.00594
vn 0.98035 -0.06277 0.18701
vn 0.9818 -0.0314 0.18729
vn 0.98229 0 0.18738
vn 0.9818 0.0314 0.18729
vn 0.98035 0.06277 0.18701
vn 0.03116 -0.9995 0.00594
vn 0.97793 0.09407 0.18655
vn 0.06198 -0.99801 0.01182
vn 0.97455 0.1253 0.18591
vn 0.09275 -0.99553 0.01769
vn 0.9702 0.15639 0.18508
vn 0.12342 -0.99208 0.02354
vn 0.9649 0.18732 0.18406
vn 0.15396 -0.98764 0.02937
vn 0.95865 0.21808 0.18287
vn 0.18436 -0.98223 0.03517
vn 0.95145 0.24862 0.1815
vn 0.21457 -0.97585 0.04093
vn 0.94331 0.2789 0.17995
vn 0.24457 -0.96851 0.04666
vn 0.93424 0.30892 0.17822
vn 0.27433 -0.96021 0.05233
vn 0.92425 0.33864 0.17631
vn 0.30382 -0.95096 0.05796
vn 0.91335 0.36802 0.17423
vn 0.33301 -0.94078 0.06353
vn 0.90155 0.39703 0.17198
vn 0.36187 -0.92967 0.06903
vn 0.88886 0.42566 0.16956
vn 0.39037 -0.91764 0.07447
vn 0.87529 0.45387 0.16697
vn 0.41849 -0.90471 0.07983
vn 0.86086 0.48162 0.16422
vn 0.44619 -0.89088 0.08512
vn 0.84558 0.5089 0.1613
vn 0.47346 -0.87617 0.09032
vn 0.82946 0.53568 0.15823
vn 0.50025 -0.8606 0.09543
vn 0.81253 0.56194 0.155
vn 0.52656 -0.84419 0.10045
vn 0.79479 0.58764 0.15162
vn 0.55234 -0.82693 0.10536
vn 0.77627 0.61276 0.14808
vn 0.57757 -0.80887 0.11018
vn 0.75699 0.63727 0.1444
vn 0.60224 -0.79 0.11488
vn 0.73696 0.66116 0.14058
vn 0.62632 -0.77036 0.11948
vn 0.7162 0.68439 0.13662
vn 0.64977 -0.74996 0.12395
vn 0.69474 0.70695 0.13253
vn 0.67259 -0.72881 0.1283
vn 0.67259 0.72881 0.1283
vn 0.69474 -0.70695 0.13253
vn 0.64977 0.74996 0.12395
vn 0.7162 -0.68439 0.13662
vn 0.62632 0.77036 0.11948
vn 0.73696 -0.66116 0.14058
vn 0.60224 0.79 0.11488
vn 0.75699 -0.63727 0.1444
vn 0.57757 0.80887 0.11018
vn 0.77627 -0.61276 0.14808
vn 0.55234 0.82693 0.10536
vn 0.79479 -0.58764 0.15162
vn 0.52656 0.84419 0.10045
vn 0.81253 -0.56194 0.155
vn 0.50025 0.8606 0.09543
vn 0.82946 -0.53568 0.15823
vn 0.91057 -0.39703 0.11503
vn 0.36549 0.92967 0.04617
vn 0.33634 0.94078 0.04249
vn 0.92249 -0.36802 0.11654
vn 0.30686 0.95096 0.03877
vn 0.9335 -0.33864 0.11793
vn 0.27708 0.96021 0.035
vn 0.94359 -0.30892 0.1192
vn 0.24702 0.96851 0.03121
vn 0.95275 -0.2789 0.12036
vn 0.21672 0.97585 0.02738
vn 0.96096 -0.24862 0.1214
vn 0.18621 0.98223 0.02352
vn 0.96824 -0.21808 0.12232
vn 0.1555 0.98764 0.01964
vn 0.97455 -0.18732 0.12311
vn 0.12465 0.99208 0.01575
vn 0.97991 -0.15639 0.12379
vn 0.09368 0.99553 0.01183
vn 0.9843 -0.1253 0.12435
vn 0.0626 0.99801 0.00791
vn 0.98771 -0.09408 0.12478
vn 0.03147 0.9995 0.00398
vn 0.99016 -0.06277 0.12509
vn 0.99163 -0.0314 0.12527
vn 0.99211 0 0.12533
vn 0.99163 0.0314 0.12527
vn 0.99016 0.06277 0.12509
vn 0.03147 -0.9995 0.00398
vn 0.98771 0.09408 0.12478
vn 0.0626 -0.99801 0.00791
vn 0.9843 0.1253 0.12435
vn 0.09367 -0.99553 0.01183
vn 0.97991 0.15639 0.12379
vn 0.12465 -0.99208 0.01575
vn 0.97455 0.18732 0.12311
vn 0.1555 -0.98764 0.01964
vn 0.96824 0.21808 0.12232
vn 0.18621 -0.98223 0.02352
vn 0.96096 0.24862 0.1214
vn 0.21672 -0.97585 0.02738
vn 0.95275 0.2789 0.12036
vn 0.24702 -0.96851 0.03121
vn 0.94359 0.30892 0.1192
vn 0.27708 -0.96021 0.035
vn 0.9335 0.33864 0.11793
vn 0.30686 -0.95096 0.03877
vn 0.92249 0.36802 0.11654
vn 0.33634 -0.94078 0.04249
vn 0.91057 0.39703 0.11503
vn 0.36549 -0.92967 0.04617
vn 0.89775 0.42566 0.11341
vn 0.39428 -0.91764 0.04981
vn 0.88404 0.45387 0.11168
vn 0.42268 -0.90471 0.0534
vn 0.86947 0.48162 0.10984
vn 0.45066 -0.89088 0.05693
vn 0.85404 0.5089 0.10789
vn 0.47819 -0.87617 0.06041
vn 0.83776 0.53568 0.10583
vn 0.50526 -0.86061 0.06383
vn 0.82066 0.56194 0.10367
vn 0.53182 -0.84419 0.06719
vn 0.80274 0.58764 0.10141
vn 0.55787 -0.82693 0.07047
vn 0.78404 0.61276 0.09905
vn 0.58335 -0.80887 0.07369
vn 0.76457 0.63727 0.09659
vn 0.60827 -0.79 0.07684
vn 0.74433 0.66116 0.09403
vn 0.63258 -0.77036 0.07991
vn 0.72336 0.68439 0.09138
vn 0.65627 -0.74996 0.08291
vn 0.70169 0.70695 0.08864
vn 0.67932 -0.72881 0.08582
vn 0.67932 0.72881 0.08582
vn 0.70169 -0.70695 0.08864
vn 0.65627 0.74996 0.08291
vn 0.72336 -0.68439 0.09138
vn 0.63258 0.77036 0.07991
vn 0.74433 -0.66116 0.09403
vn 0.60827 0.79 0.07684
vn 0.76457 -0.63727 0.09659
vn 0.58335 0.80887 0.07369
vn 0.78404 -0.61276 0.09905
vn 0.55787 0.82693 0.07047
vn 0.80274 -0.58764 0.10141
vn 0.53182 0.84419 0.06719
vn 0.82066 -0.56194 0.10367
vn 0.50526 0.86061 0.06383
vn 0.83776 -0.53568 0.10583
vn 0.47819 0.87617 0.06041
vn 0.85404 -0.5089 0.10789
vn 0.45066 0.89088 0.05693
vn 0.86947 -0.48162 0.10984
vn 0.42268 0.90471 0.0534
vn 0.88404 -0.45387 0.11168
vn 0.39428 0.91764 0.04981
vn 0.89775 -0.42566 0.11341
vn 0.21801 0.97585 0.01372
vn 0.95842 -0.2789 0.0603
vn 0.96669 -0.24862 0.06082
vn 0.18732 0.98223 0.01178
vn 0.97401 -0.21808 0.06128
vn 0.15643 0.98764 0.00984
vn 0.98036 -0.18732 0.06168
vn 0.12539 0.99208 0.00789
vn 0.98575 -0.15639 0.06202
vn 0.09423 0.99553 0.00593
vn 0.99016 -0.1253 0.0623
vn 0.06298 0.99801 0.00396
vn 0.9936 -0.09408 0.06251
vn 0.03166 0.9995 0.00199
vn 0.99606 -0.06277 0.06267
vn 0.99753 -0.0314 0.06276
vn 0.99803 0 0.06279
vn 0.99753 0.0314 0.06276
vn 0.99606 0.06277 0.06267
vn 0.03166 -0.9995 0.00199
vn 0.9936 0.09408 0.06251
vn 0.06298 -0.99801 0.00396
vn 0.99016 0.1253 0.0623
vn 0.09423 -0.99553 0.00593
vn 0.98575 0.15639 0.06202
vn 0.12539 -0.99208 0.00789
vn 0.98036 0.18732 0.06168
vn 0.15643 -0.98764 0.00984
vn 0.97401 0.21808 0.06128
vn 0.18732 -0.98223 0.01178
vn 0.96669 0.24862 0.06082
vn 0.21801 -0.97585 0.01372
vn 0.95842 0.2789 0.0603
vn 0.24849 -0.96851 0.01563
vn 0.94921 0.30892 0.05972
vn 0.27873 -0.96021 0.01754
vn 0.93906 0.33864 0.05908
vn 0.30869 -0.95096 0.01942
vn 0.92798 0.36802 0.05838
vn 0.33835 -0.94078 0.02129
vn 0.91599 0.39703 0.05763
vn 0.36767 -0.92967 0.02313
vn 0.9031 0.42566 0.05682
vn 0.39663 -0.91764 0.02495
vn 0.88931 0.45386 0.05595
vn 0.4252 -0.90471 0.02675
vn 0.87465 0.48162 0.05503
vn 0.45334 -0.89088 0.02852
vn 0.85913 0.5089 0.05405
vn 0.48104 -0.87617 0.03026
vn 0.84275 0.53568 0.05302
vn 0.50827 -0.86061 0.03198
vn 0.82555 0.56194 0.05194
vn 0.53499 -0.84419 0.03366
vn 0.80753 0.58764 0.05081
vn 0.56119 -0.82693 0.03531
vn 0.78871 0.61276 0.04962
vn 0.58683 -0.80887 0.03692
vn 0.76912 0.63727 0.04839
vn 0.61189 -0.79 0.0385
vn 0.74877 0.66116 0.04711
vn 0.63635 -0.77036 0.04004
vn 0.72767 0.68439 0.04578
vn 0.66018 -0.74996 0.04154
vn 0.70587 0.70695 0.04441
vn 0.68336 -0.72881 0.04299
vn 0.68336 0.72881 0.04299
vn 0.70587 -0.70695 0.04441
vn 0.66018 0.74996 0.04154
vn 0.72767 -0.68439 0.04578
vn 0.63635 0.77036 0.04004
vn 0.74877 -0.66116 0.04711
vn 0.61189 0.79 0.0385
vn 0.76912 -0.63727 0.04839
vn 0.58683 0.80887 0.03692
vn 0.78871 -0.61276 0.04962
vn 0.56119 0.82693 0.03531
vn 0.80753 -0.58764 0.05081
vn 0.53499 0.84419 0.03366
vn 0.82555 -0.56194 0.05194
vn 0.50827 0.86061 0.03198
vn 0.84275 -0.53568 0.05302
vn 0.48104 0.87617 0.03027
vn 0.85913 -0.5089 0.05405
vn 0.45334 0.89088 0.02852
vn 0.87465 -0.48162 0.05503
vn 0.42519 0.90471 0.02675
vn 0.88931 -0.45386 0.05595
vn 0.39663 0.91764 0.02495
vn 0.9031 -0.42566 0.05682
vn 0.36767 0.92967 0.02313
vn 0.91599 -0.39703 0.05763
vn 0.33835 0.94078 0.02129
vn 0.92798 -0.36802 0.05838
vn 0.30869 0.95096 0.01942
vn 0.93906 -0.33864 0.05908
vn 0.27873 0.96021 0.01754
vn 0.94921 -0.30892 0.05972
vn 0.24849 0.96851 0.01563
vn 0.98757 -0.1564 0.01551
vn 0.71085 -0.10118 -0.69603
vn 0.09426 0.99555 0.00148
vn 0.05555 0.70585 -0.70618
vn 0.71579 -0.0904 -0.69244
vn 0.71832 -0.06788 -0.69239
vn 0.04489 0.70989 -0.70288
vn 0.02255 0.7106 -0.70324
vn 0.72012 -0.04529 -0.69237
vn 0.7212 -0.02265 -0.69235
vn 0.71807 -0.01127 -0.69588
vn 0.99988 0 0.01571
vn 0.71807 0.01127 -0.69588
vn 0.7212 0.02265 -0.69235
vn 0.72012 0.04529 -0.69237
vn 0.02255 -0.7106 -0.70324
vn 0.71832 0.06788 -0.69239
vn 0.04489 -0.70989 -0.70288
vn 0.71579 0.0904 -0.69243
vn 0.05555 -0.70585 -0.70618
vn 0.71085 0.10118 -0.69603
vn 0.09426 -0.99555 0.00148
vn 0.07773 -0.70409 -0.70584
vn 0.98757 0.1564 0.01551
vn 0.70731 0.12345 -0.69604
vn 0.08946 -0.70635 -0.70219
vn 0.09985 -0.70161 -0.70553
vn 0.7086 0.13513 -0.69255
vn 0.70395 0.1573 -0.69261
vn 0.15659 -0.98766 0.00246
vn 0.12191 -0.6985 -0.70514
vn 0.69799 0.16758 -0.69622
vn 0.13376 -0.70001 -0.70149
vn 0.14385 -0.69462 -0.70484
vn 0.96848 0.24863 0.01521
vn 0.9602 0.27891 0.01508
vn 0.21829 -0.97588 0.00343
vn 0.16569 -0.69014 -0.70445
vn 0.95097 0.30893 0.01494
vn 0.17761 -0.69089 -0.7008
vn 0.19932 -0.68529 -0.70046
vn 0.9408 0.33865 0.01478
vn 0.20888 -0.67897 -0.70382
vn 0.6711 0.25359 -0.69665
vn 0.30915 -0.951 0.00486
vn 0.23021 -0.67238 -0.7035
vn 0.66143 0.28613 -0.69328
vn 0.24217 -0.67204 -0.69979
vn 0.25135 -0.66518 -0.7031
vn 0.652 0.3067 -0.69342
vn 0.36825 -0.92971 0.00579
vn 0.27222 -0.6572 -0.70284
vn 0.6439 0.31544 -0.69706
vn 0.30475 -0.64714 -0.69881
vn 0.28415 -0.6561 -0.69914
vn 0.89095 0.45389 0.014
vn 0.63353 0.33544 -0.69722
vn 0.32506 -0.63753 -0.69849
vn 0.63119 0.34688 -0.69374
vn 0.62253 0.35509 -0.6974
vn 0.33331 -0.6295 -0.70188
vn 0.86071 0.50892 0.01352
vn 0.61093 0.37437 -0.69758
vn 0.50914 -0.86065 0.008
vn 0.60788 0.38563 -0.6941
vn 0.59871 0.39328 -0.69777
vn 0.53592 -0.84423 0.00842
vn 0.809 0.58767 0.01271
vn 0.39156 -0.59608 -0.70098
vn 0.79015 0.61279 0.01241
vn 0.42163 -0.58002 -0.69699
vn 0.40305 -0.59274 -0.69729
vn 0.55858 0.4475 -0.69838
vn 0.42856 -0.57078 -0.70039
vn 0.55415 0.45824 -0.69494
vn 0.53932 0.47527 -0.69516
vn 0.61299 -0.79004 0.00963
vn 0.44644 -0.55725 -0.70012
vn 0.52395 0.49182 -0.69541
vn 0.47491 -0.53842 -0.69611
vn 0.45756 -0.55282 -0.69644
vn 0.51348 0.49761 -0.69909
vn 0.68459 -0.72885 0.01076
vn 0.68459 0.72885 0.01076
vn 0.70714 -0.70698 0.01111
vn 0.47491 0.53842 -0.69611
vn 0.51349 -0.49761 -0.69908
vn 0.45756 0.55282 -0.69644
vn 0.52396 -0.49182 -0.6954
vn 0.53932 -0.47527 -0.69517
vn 0.44644 0.55725 -0.70012
vn 0.55415 -0.45824 -0.69494
vn 0.61299 0.79004 0.00963
vn 0.42856 0.57079 -0.70038
vn 0.55858 -0.4475 -0.69838
vn 0.42164 0.58003 -0.69699
vn 0.40305 0.59274 -0.69729
vn 0.809 -0.58766 0.01271
vn 0.39156 0.59608 -0.70098
vn 0.82706 -0.56196 0.01299
vn 0.50914 0.86065 0.008
vn 0.59872 -0.39329 -0.69775
vn 0.48186 0.87622 0.00757
vn 0.60788 -0.38563 -0.6941
vn 0.61093 -0.37437 -0.69758
vn 0.33332 0.62952 -0.70186
vn 0.86071 -0.50892 0.01352
vn 0.62253 -0.35509 -0.6974
vn 0.32506 0.63753 -0.69849
vn 0.30474 0.64714 -0.69881
vn 0.63119 -0.34688 -0.69374
vn 0.63353 -0.33544 -0.69722
vn 0.28415 0.6561 -0.69914
vn 0.89095 -0.45389 0.014
vn 0.6439 -0.31544 -0.69706
vn 0.27222 0.6572 -0.70284
vn 0.66143 -0.28613 -0.69328
vn 0.36825 0.92971 0.00579
vn 0.25135 0.66517 -0.70312
vn 0.67022 -0.26527 -0.69314
vn 0.24217 0.67204 -0.6998
vn 0.23021 0.67237 -0.7035
vn 0.6711 -0.25359 -0.69664
vn 0.30915 0.951 0.00486
vn 0.20888 0.67897 -0.70382
vn 0.95097 -0.30893 0.01494
vn 0.17761 0.69089 -0.7008
vn 0.9602 -0.27891 0.01508
vn 0.16569 0.69015 -0.70445
vn 0.96848 -0.24863 0.01521
vn 0.21829 0.97588 0.00343
vn 0.14385 0.69462 -0.70484
vn 0.69799 -0.16758 -0.69622
vn 0.13376 0.70001 -0.70149
vn 0.12191 0.6985 -0.70515
vn 0.7086 -0.13513 -0.69255
vn 0.70395 -0.1573 -0.69262
vn 0.15659 0.98766 0.00246
vn 0.09985 0.70161 -0.70553
vn 0.70731 -0.12345 -0.69604
vn 0.08946 0.70635 -0.70218
vn 0.07773 0.70409 -0.70584
vn 0.43554 0.56148 -0.70359
vn 0.56149 -0.43554 -0.70359
vn 0.79015 -0.61278 0.01241
vn 0.57494 -0.41772 -0.70353
vn 0.38076 0.59998 -0.70359
vn 0.53592 0.84423 0.00842
vn 0.58773 -0.39942 -0.70359
vn 0.36173 0.61165 -0.70359
vn 0.34234 0.62271 -0.70359
vn 0.61165 -0.36173 -0.70359
vn 0.63315 -0.32261 -0.70359
vn 0.26159 0.66071 -0.70359
vn 0.21959 0.67583 -0.70359
vn 0.6686 -0.24071 -0.70359
vn 0.9408 -0.33865 0.01478
vn 0.67583 -0.21959 -0.70359
vn 0.68239 -0.19825 -0.70359
vn 0.15501 0.69349 -0.70359
vn 0.6883 -0.17673 -0.70357
vn 0.11116 0.70186 -0.70359
vn 0.70186 -0.11117 -0.70359
vn 0.06687 0.70745 -0.70359
vn 0.71061 -0 -0.70359
vn 0.06687 -0.70745 -0.70359
vn 0.70186 0.11117 -0.70359
vn 0.11116 -0.70186 -0.70359
vn 0.68828 0.17672 -0.70359
vn 0.15501 -0.69349 -0.70359
vn 0.68239 0.19825 -0.70359
vn 0.67584 0.21959 -0.70358
vn 0.6686 0.24071 -0.70359
vn 0.21959 -0.67583 -0.70359
vn 0.26159 -0.66071 -0.70359
vn 0.63315 0.32261 -0.70359
vn 0.61165 0.36173 -0.70359
vn 0.34234 -0.62271 -0.70359
vn 0.48186 -0.87622 0.00757
vn 0.36173 -0.61165 -0.70359
vn 0.58773 0.39942 -0.70359
vn 0.82706 0.56196 0.01299
vn 0.38076 -0.59998 -0.70359
vn 0.57489 0.41769 -0.70359
vn 0.56153 0.43557 -0.70354
vn 0.43554 -0.56148 -0.70359
vn 0.50247 0.50247 -0.70359
vn 0.70714 0.70698 0.01111
vn 0.48645 -0.51801 -0.70359
vn 0.48645 0.51801 -0.70359
vn 0.50247 -0.50247 -0.70359
vn -0.17672 -0.68828 -0.70359
vn -0.27913 -0.96024 0.00439
vn -0.19825 -0.68239 -0.70359
vn -0.20887 -0.67895 -0.70385
vn -0.6711 0.25359 -0.69665
vn -0.9297 0.36804 0.0146
vn -0.6607 0.2616 -0.70359
vn -0.33887 -0.94082 0.00533
vn -0.24071 -0.6686 -0.70359
vn -0.23021 -0.67238 -0.7035
vn -0.91769 0.39705 0.01442
vn -0.65216 0.28221 -0.70359
vn -0.25133 -0.66512 -0.70317
vn -0.90477 0.42567 0.01421
vn -0.64298 0.30256 -0.70358
vn -0.39727 -0.91768 0.00624
vn -0.28222 -0.65216 -0.70359
vn -0.27222 -0.65719 -0.70285
vn -0.89095 0.45388 0.014
vn -0.6332 0.32263 -0.70354
vn -0.4259 -0.90475 0.00669
vn -0.30257 -0.64299 -0.70358
vn -0.87626 0.48165 0.01376
vn -0.62271 0.34234 -0.70359
vn -0.4541 -0.89092 0.00714
vn -0.32261 -0.63316 -0.70359
vn -0.62253 0.3551 -0.6974
vn -0.48186 -0.87621 0.00757
vn -0.34234 -0.62271 -0.70359
vn -0.61093 0.37437 -0.69758
vn -0.8443 0.5357 0.01326
vn -0.60003 0.38079 -0.70353
vn -0.35306 -0.61897 -0.70159
vn -0.82707 0.56195 0.01299
vn -0.58777 0.39944 -0.70354
vn -0.809 0.58767 0.01271
vn -0.57489 0.41769 -0.70358
vn -0.56217 -0.82697 0.00883
vn -0.39942 -0.58773 -0.70359
vn -0.3916 -0.59614 -0.7009
vn -0.57254 0.4299 -0.69813
vn -0.58786 -0.80891 0.00924
vn -0.41768 -0.5749 -0.70359
vn -0.42855 -0.57078 -0.70039
vn -0.54411 0.4647 -0.69857
vn -0.75013 0.66119 0.01178
vn -0.53304 0.46993 -0.70359
vn -0.63749 -0.7704 0.01002
vn -0.45296 -0.54753 -0.70359
vn -0.44644 -0.55725 -0.70011
vn -0.52905 0.48141 -0.69882
vn -0.47487 -0.53839 -0.69616
vn -0.51348 0.49761 -0.69909
vn -0.70714 0.70698 0.01111
vn -0.50247 0.50247 -0.70359
vn -0.49745 0.51331 -0.69933
vn -0.70714 -0.70698 0.01111
vn -0.50247 -0.50247 -0.70359
vn -0.49745 -0.51331 -0.69933
vn -0.51348 -0.49761 -0.69909
vn -0.63749 0.7704 0.01002
vn -0.45296 0.54753 -0.70359
vn -0.47487 0.53839 -0.69615
vn -0.52904 -0.4814 -0.69884
vn -0.75013 -0.66119 0.01178
vn -0.53304 -0.46993 -0.70359
vn -0.44644 0.55725 -0.70011
vn -0.54411 -0.4647 -0.69857
vn -0.41768 0.5749 -0.70359
vn -0.42855 0.57078 -0.70039
vn -0.58786 0.80891 0.00924
vn -0.39942 0.58773 -0.70359
vn -0.57254 -0.4299 -0.69813
vn -0.809 -0.58767 0.01271
vn -0.57493 -0.41772 -0.70354
vn -0.56217 0.82697 0.00883
vn -0.39161 0.59616 -0.70088
vn -0.82707 -0.56195 0.01299
vn -0.58778 -0.39944 -0.70354
vn -0.8443 -0.5357 0.01326
vn -0.59999 -0.38076 -0.70359
vn -0.34234 0.62271 -0.70359
vn -0.35306 0.61897 -0.70159
vn -0.48186 0.87621 0.00757
vn -0.61093 -0.37437 -0.69758
vn -0.32261 0.63316 -0.70358
vn -0.62253 -0.3551 -0.69739
vn -0.87626 -0.48165 0.01376
vn -0.62276 -0.34237 -0.70353
vn -0.4541 0.89092 0.00714
vn -0.30256 0.64298 -0.70359
vn -0.89095 -0.45388 0.01399
vn -0.63317 -0.32261 -0.70358
vn -0.4259 0.90475 0.00669
vn -0.28222 0.65216 -0.70359
vn -0.90477 -0.42567 0.01421
vn -0.64298 -0.30256 -0.70359
vn -0.39727 0.91768 0.00624
vn -0.27222 0.65719 -0.70285
vn -0.91769 -0.39705 0.01442
vn -0.65216 -0.28221 -0.70359
vn -0.24071 0.6686 -0.70359
vn -0.25133 0.66512 -0.70317
vn -0.33887 0.94082 0.00533
vn -0.9297 -0.36804 0.0146
vn -0.6607 -0.2616 -0.70359
vn -0.23021 0.67238 -0.7035
vn -0.6711 -0.25359 -0.69665
vn -0.19825 0.68239 -0.70359
vn -0.20887 0.67895 -0.70384
vn -0.27913 0.96024 0.00439
vn -0.17672 0.68828 -0.70359
vn -0.24884 0.96854 0.00391
vn -0.16567 0.69008 -0.70451
vn -0.69235 -0.1894 -0.69626
vn -0.96848 -0.24863 0.01521
vn -0.68828 -0.17672 -0.70359
vn -0.97581 -0.21808 0.01533
vn -0.69355 -0.15502 -0.70353
vn -0.98218 -0.18732 0.01543
vn -0.69802 -0.13315 -0.70359
vn -0.08907 0.705 -0.70359
vn -0.09985 0.70161 -0.70553
vn -0.12549 0.99209 0.00197
vn -0.7073 -0.12345 -0.69605
vn -0.07773 0.70404 -0.70589
vn -0.04462 0.70921 -0.70359
vn -0.05555 0.70583 -0.7062
vn -0.06295 0.99802 0.00099
vn -0.71373 -0.07879 -0.69598
vn -0.99544 -0.09408 0.01564
vn -0.70745 -0.06687 -0.70359
vn -0.02232 0.71029 -0.70355
vn -0.99791 -0.06276 0.01567
vn -0.70921 -0.04461 -0.70359
vn -0.03157 0.9995 0.0005
vn -0.71731 -0.03382 -0.69593
vn -0.71809 -0.01127 -0.69586
vn -0.99988 0 0.01571
vn -0.71061 -0 -0.70359
vn -0.71809 0.01127 -0.69586
vn -0.71732 0.03382 -0.69593
vn -0.99791 0.06276 0.01567
vn -0.70921 0.04461 -0.70359
vn -0.03157 -0.9995 0.0005
vn -0.02232 -0.71029 -0.70355
vn -0.99544 0.09408 0.01564
vn -0.70745 0.06687 -0.70359
vn -0.06295 -0.99802 0.00099
vn -0.04462 -0.70921 -0.70359
vn -0.71372 0.07879 -0.69599
vn -0.05555 -0.70583 -0.7062
vn -0.12549 -0.99209 0.00197
vn -0.08907 -0.705 -0.70359
vn -0.07773 -0.70404 -0.70589
vn -0.70731 0.12345 -0.69604
vn -0.98218 0.18732 0.01543
vn -0.69807 0.13316 -0.70354
vn -0.09986 -0.70162 -0.70551
vn -0.97581 0.21808 0.01533
vn -0.6935 0.15501 -0.70359
vn -0.96848 0.24863 0.01521
vn -0.68828 0.17673 -0.70359
vn -0.69233 0.1894 -0.69628
vn -0.24884 -0.96854 0.00391
vn -0.16567 -0.69008 -0.70451
vn -0.39663 -0.91764 0.02495
vn -0.9031 0.42565 0.05682
vn -0.88931 0.45386 0.05595
vn -0.42519 -0.90471 0.02675
vn -0.87465 0.48163 0.05503
vn -0.45334 -0.89088 0.02852
vn -0.85912 0.50891 0.05405
vn -0.61984 0.36644 -0.69392
vn -0.48105 -0.87617 0.03027
vn -0.84276 0.53568 0.05302
vn -0.50827 -0.86061 0.03198
vn -0.82555 0.56193 0.05194
vn -0.38409 -0.60487 -0.69757
vn -0.36475 -0.61638 -0.69788
vn -0.80752 0.58764 0.05081
vn -0.56119 -0.82693 0.03531
vn -0.78871 0.61276 0.04962
vn -0.56842 0.44075 -0.69472
vn -0.58682 -0.80887 0.03692
vn -0.76913 0.63726 0.04839
vn -0.55415 0.45823 -0.69494
vn -0.6119 -0.79 0.0385
vn -0.74877 0.66116 0.04711
vn -0.63635 -0.77036 0.04004
vn -0.72767 0.6844 0.04578
vn -0.52395 0.49182 -0.69541
vn -0.66018 -0.74996 0.04153
vn -0.70587 0.70695 0.04441
vn -0.68337 -0.72881 0.04299
vn -0.49172 -0.52338 -0.6959
vn -0.68337 0.72881 0.04299
vn -0.49172 0.52338 -0.6959
vn -0.70587 -0.70695 0.04441
vn -0.72767 -0.6844 0.04578
vn -0.52395 -0.49182 -0.69541
vn -0.66018 0.74996 0.04153
vn -0.63635 0.77036 0.04004
vn -0.74877 -0.66116 0.04711
vn -0.6119 0.79 0.0385
vn -0.4398 0.56671 -0.69671
vn -0.76913 -0.63726 0.04839
vn -0.55415 -0.45823 -0.69494
vn -0.58682 0.80887 0.03692
vn -0.56842 -0.44075 -0.69472
vn -0.56119 0.82693 0.03531
vn -0.80752 -0.58764 0.05081
vn -0.535 0.84418 0.03366
vn -0.38409 0.60487 -0.69757
vn -0.82555 -0.56193 0.05194
vn -0.50827 0.86061 0.03198
vn -0.36475 0.61638 -0.69788
vn -0.84276 -0.53568 0.05302
vn -0.48105 0.87617 0.03027
vn -0.85912 -0.50891 0.05405
vn -0.61984 -0.36644 -0.69392
vn -0.45334 0.89088 0.02852
vn -0.87465 -0.48163 0.05503
vn -0.42519 0.90471 0.02675
vn -0.88931 -0.45386 0.05595
vn -0.39663 0.91764 0.02495
vn -0.9031 -0.42565 0.05682
vn -0.36767 0.92967 0.02313
vn -0.26328 0.66441 -0.69946
vn -0.916 -0.39703 0.05763
vn -0.33835 0.94078 0.02129
vn -0.92798 -0.36802 0.05838
vn -0.30869 0.95096 0.01942
vn -0.22085 0.67901 -0.70013
vn -0.93906 -0.33864 0.05908
vn -0.67833 -0.24413 -0.69302
vn -0.27873 0.96021 0.01754
vn -0.94921 -0.30892 0.05972
vn -0.68577 -0.22274 -0.6929
vn -0.24849 0.96851 0.01563
vn -0.69251 -0.20113 -0.6928
vn -0.21801 0.97585 0.01372
vn -0.15575 0.6958 -0.70115
vn -0.96669 -0.24862 0.06082
vn -0.13376 0.70001 -0.7015
vn -0.97401 -0.21807 0.06128
vn -0.18732 0.98223 0.01178
vn -0.11165 0.70353 -0.70184
vn -0.98036 -0.18731 0.06168
vn -0.1254 0.99208 0.00789
vn -0.15643 0.98764 0.00984
vn -0.98574 -0.1564 0.06202
vn -0.71255 -0.11284 -0.69249
vn -0.09423 0.99553 0.00593
vn -0.06719 0.70847 -0.70253
vn -0.99016 -0.12531 0.0623
vn -0.7158 -0.09041 -0.69243
vn -0.06298 0.99801 0.00396
vn -0.9936 -0.09407 0.06251
vn -0.03166 0.9995 0.00199
vn -0.99606 -0.06276 0.06267
vn -0.99753 -0.03139 0.06276
vn -0.72121 -0.02265 -0.69235
vn -0.99803 0 0.06279
vn -0.99753 0.03139 0.06276
vn -0.72121 0.02265 -0.69235
vn -0.99606 0.06276 0.06267
vn -0.03166 -0.9995 0.00199
vn -0.9936 0.09407 0.06251
vn -0.06298 -0.99801 0.00396
vn -0.99016 0.12531 0.0623
vn -0.7158 0.09041 -0.69243
vn -0.09423 -0.99553 0.00593
vn -0.71255 0.11284 -0.69249
vn -0.1254 -0.99208 0.00789
vn -0.98036 0.18731 0.06168
vn -0.15643 -0.98764 0.00984
vn -0.97401 0.21807 0.06128
vn -0.11165 -0.70353 -0.70184
vn -0.18732 -0.98223 0.01178
vn -0.13376 -0.70001 -0.7015
vn -0.96669 0.24862 0.06082
vn -0.21801 -0.97585 0.01372
vn -0.15575 -0.6958 -0.70115
vn -0.95842 0.2789 0.0603
vn -0.69251 0.20113 -0.6928
vn -0.24849 -0.96851 0.01563
vn -0.94921 0.30892 0.05972
vn -0.68577 0.22274 -0.6929
vn -0.27873 -0.96021 0.01754
vn -0.67833 0.24413 -0.69301
vn -0.30869 -0.95096 0.01942
vn -0.92798 0.36802 0.05838
vn -0.33835 -0.94078 0.02129
vn -0.916 0.39703 0.05763
vn -0.36767 -0.92967 0.02313
vn -0.82066 0.56193 0.10367
vn -0.535 -0.84418 0.03366
vn -0.50526 -0.86061 0.06383
vn -0.53183 -0.84418 0.06719
vn -0.80274 0.58764 0.10141
vn -0.55787 -0.82693 0.07048
vn -0.78404 0.61276 0.09905
vn -0.58335 -0.80887 0.07369
vn -0.76457 0.63726 0.09659
vn -0.60827 -0.79 0.07684
vn -0.74433 0.66116 0.09403
vn -0.63258 -0.77036 0.07992
vn -0.72336 0.6844 0.09138
vn -0.65627 -0.74996 0.08291
vn -0.70169 0.70695 0.08864
vn -0.67932 -0.72881 0.08582
vn -0.67932 0.72881 0.08582
vn -0.70169 -0.70695 0.08864
vn -0.65627 0.74996 0.08291
vn -0.72336 -0.6844 0.09138
vn -0.63258 0.77036 0.07992
vn -0.74433 -0.66116 0.09403
vn -0.60827 0.79 0.07684
vn -0.76457 -0.63726 0.09659
vn -0.58335 0.80887 0.07369
vn -0.78871 -0.61276 0.04962
vn -0.78404 -0.61276 0.09905
vn -0.55787 0.82693 0.07048
vn -0.80274 -0.58764 0.10141
vn -0.53183 0.84418 0.06719
vn -0.82066 -0.56193 0.10367
vn -0.50526 0.86061 0.06383
vn -0.83776 -0.53568 0.10583
vn -0.4782 0.87617 0.06041
vn -0.85403 -0.50891 0.10789
vn -0.45066 0.89088 0.05693
vn -0.86947 -0.48163 0.10984
vn -0.42268 0.90471 0.0534
vn -0.88404 -0.45387 0.11168
vn -0.39428 0.91764 0.04981
vn -0.89775 -0.42565 0.11341
vn -0.36549 0.92967 0.04617
vn -0.91057 -0.39703 0.11503
vn -0.33634 0.94078 0.04249
vn -0.92248 -0.36802 0.11654
vn -0.30686 0.95096 0.03877
vn -0.9335 -0.33864 0.11793
vn -0.27708 0.96021 0.035
vn -0.94359 -0.30892 0.1192
vn -0.24702 0.96851 0.03121
vn -0.95842 -0.2789 0.0603
vn -0.95275 -0.2789 0.12036
vn -0.21672 0.97585 0.02738
vn -0.96096 -0.24862 0.1214
vn -0.18621 0.98223 0.02352
vn -0.96824 -0.21808 0.12232
vn -0.1555 0.98764 0.01964
vn -0.97455 -0.18731 0.12311
vn -0.12465 0.99208 0.01575
vn -0.9799 -0.1564 0.12379
vn -0.09367 0.99553 0.01183
vn -0.98429 -0.12531 0.12435
vn -0.0626 0.99801 0.00791
vn -0.98772 -0.09407 0.12478
vn -0.03147 0.9995 0.00398
vn -0.99016 -0.06276 0.12509
vn -0.99163 -0.03139 0.12527
vn -0.99211 0 0.12533
vn -0.99163 0.03139 0.12527
vn -0.99016 0.06276 0.12509
vn -0.03147 -0.9995 0.00398
vn -0.98772 0.09407 0.12478
vn -0.0626 -0.99801 0.00791
vn -0.98429 0.12531 0.12435
vn -0.09368 -0.99553 0.01183
vn -0.98574 0.1564 0.06202
vn -0.9799 0.1564 0.12379
vn -0.12465 -0.99208 0.01575
vn -0.97455 0.18731 0.12311
vn -0.1555 -0.98764 0.01964
vn -0.96824 0.21808 0.12232
vn -0.18621 -0.98223 0.02352
vn -0.96096 0.24862 0.1214
vn -0.21672 -0.97585 0.02738
vn -0.95275 0.2789 0.12036
vn -0.24702 -0.96851 0.03121
vn -0.94359 0.30892 0.1192
vn -0.27708 -0.96021 0.035
vn -0.93906 0.33864 0.05908
vn -0.9335 0.33864 0.11793
vn -0.30686 -0.95096 0.03877
vn -0.92248 0.36802 0.11654
vn -0.33634 -0.94078 0.04249
vn -0.91057 0.39703 0.11503
vn -0.36549 -0.92967 0.04617
vn -0.89775 0.42565 0.11341
vn -0.39428 -0.91764 0.04981
vn -0.88404 0.45387 0.11168
vn -0.42268 -0.90471 0.0534
vn -0.86947 0.48163 0.10984
vn -0.45066 -0.89088 0.05693
vn -0.85403 0.50891 0.10789
vn -0.4782 -0.87617 0.06041
vn -0.83776 0.53568 0.10583
vn -0.60225 -0.79 0.11488
vn -0.62632 -0.77036 0.11948
vn -0.71619 0.6844 0.13662
vn -0.64976 -0.74996 0.12395
vn -0.69474 0.70695 0.13253
vn -0.67259 -0.72881 0.1283
vn -0.67259 0.72881 0.1283
vn -0.69474 -0.70695 0.13253
vn -0.64976 0.74996 0.12395
vn -0.71619 -0.6844 0.13662
vn -0.62632 0.77036 0.11948
vn -0.73696 -0.66116 0.14058
vn -0.60225 0.79 0.11488
vn -0.757 -0.63726 0.14441
vn -0.57757 0.80887 0.11018
vn -0.77627 -0.61276 0.14808
vn -0.55234 0.82693 0.10536
vn -0.79479 -0.58764 0.15161
vn -0.52656 0.84418 0.10045
vn -0.81253 -0.56193 0.155
vn -0.50025 0.86061 0.09543
vn -0.82946 -0.53568 0.15823
vn -0.47346 0.87617 0.09032
vn -0.84557 -0.50891 0.1613
vn -0.4462 0.89088 0.08512
vn -0.86085 -0.48163 0.16422
vn -0.41849 0.90471 0.07983
vn -0.87529 -0.45386 0.16697
vn -0.39037 0.91764 0.07447
vn -0.88886 -0.42565 0.16956
vn -0.36187 0.92967 0.06903
vn -0.90155 -0.39703 0.17198
vn -0.33301 0.94078 0.06353
vn -0.91335 -0.36802 0.17423
vn -0.30382 0.95096 0.05796
vn -0.92425 -0.33864 0.17631
vn -0.27433 0.96021 0.05233
vn -0.93424 -0.30892 0.17822
vn -0.24457 0.96851 0.04666
vn -0.94331 -0.2789 0.17995
vn -0.21458 0.97585 0.04093
vn -0.95144 -0.24862 0.1815
vn -0.18436 0.98223 0.03517
vn -0.95865 -0.21808 0.18287
vn -0.15396 0.98764 0.02937
vn -0.9649 -0.18731 0.18407
vn -0.12342 0.99208 0.02354
vn -0.9702 -0.1564 0.18508
vn -0.09275 0.99553 0.01769
vn -0.97454 -0.12531 0.1859
vn -0.06198 0.99801 0.01182
vn -0.97793 -0.09407 0.18655
vn -0.03116 0.9995 0.00594
vn -0.98035 -0.06276 0.18701
vn -0.9818 -0.03139 0.18729
vn -0.98229 -0 0.18738
vn -0.9818 0.03139 0.18729
vn -0.98035 0.06276 0.18701
vn -0.03116 -0.9995 0.00594
vn -0.97793 0.09407 0.18655
vn -0.06198 -0.99801 0.01182
vn -0.97454 0.12531 0.1859
vn -0.09275 -0.99553 0.01769
vn -0.9702 0.1564 0.18508
vn -0.12342 -0.99208 0.02354
vn -0.9649 0.18731 0.18407
vn -0.15396 -0.98764 0.02937
vn -0.95865 0.21808 0.18287
vn -0.18436 -0.98223 0.03517
vn -0.95144 0.24862 0.1815
vn -0.21458 -0.97585 0.04093
vn -0.94331 0.2789 0.17995
vn -0.24457 -0.96851 0.04666
vn -0.93424 0.30892 0.17822
vn -0.27433 -0.96021 0.05233
vn -0.92425 0.33864 0.17631
vn -0.30382 -0.95096 0.05796
vn -0.91335 0.36802 0.17423
vn -0.33301 -0.94078 0.06353
vn -0.90155 0.39703 0.17198
vn -0.36187 -0.92967 0.06903
vn -0.88886 0.42565 0.16956
vn -0.39037 -0.91764 0.07447
vn -0.87529 0.45386 0.16697
vn -0.41849 -0.90471 0.07983
vn -0.86085 0.48163 0.16422
vn -0.4462 -0.89088 0.08512
vn -0.84557 0.50891 0.1613
vn -0.47346 -0.87617 0.09032
vn -0.82946 0.53568 0.15823
vn -0.50025 -0.86061 0.09543
vn -0.81253 0.56193 0.155
vn -0.52656 -0.84418 0.10045
vn -0.79479 0.58764 0.15161
vn -0.55234 -0.82693 0.10536
vn -0.77627 0.61276 0.14808
vn -0.57757 -0.80887 0.11018
vn -0.757 0.63726 0.14441
vn -0.73696 0.66116 0.14058
vn -0.6407 0.74996 0.1645
vn -0.61758 0.77036 0.15857
vn -0.7062 -0.6844 0.18132
vn -0.72668 -0.66116 0.18658
vn -0.59384 0.79 0.15247
vn -0.74644 -0.63726 0.19165
vn -0.56951 0.80887 0.14623
vn -0.76544 -0.61276 0.19653
vn -0.54463 0.82693 0.13984
vn -0.7837 -0.58764 0.20122
vn -0.51921 0.84418 0.13331
vn -0.8012 -0.56193 0.20571
vn -0.49327 0.86061 0.12665
vn -0.81789 -0.53568 0.21
vn -0.46685 0.87617 0.11987
vn -0.83378 -0.50891 0.21408
vn -0.43997 0.89088 0.11297
vn -0.84884 -0.48163 0.21795
vn -0.41265 0.90471 0.10595
vn -0.86308 -0.45386 0.2216
vn -0.38493 0.91764 0.09883
vn -0.87646 -0.42565 0.22504
vn -0.35682 0.92967 0.09162
vn -0.88897 -0.39703 0.22825
vn -0.32837 0.94078 0.08431
vn -0.90061 -0.36802 0.23124
vn -0.29958 0.95096 0.07692
vn -0.91136 -0.33864 0.234
vn -0.2705 0.96021 0.06945
vn -0.92121 -0.30892 0.23653
vn -0.24116 0.96851 0.06192
vn -0.93015 -0.2789 0.23882
vn -0.21158 0.97585 0.05432
vn -0.93817 -0.24862 0.24088
vn -0.18179 0.98223 0.04668
vn -0.94527 -0.21807 0.2427
vn -0.15182 0.98764 0.03898
vn -0.95144 -0.18731 0.24429
vn -0.12169 0.99208 0.03125
vn -0.95666 -0.1564 0.24563
vn -0.09145 0.99553 0.02348
vn -0.96095 -0.12531 0.24673
vn -0.06112 0.99801 0.01569
vn -0.96429 -0.09407 0.24759
vn -0.03073 0.9995 0.00789
vn -0.96667 -0.06276 0.2482
vn -0.96811 -0.03139 0.24857
vn -0.96858 0 0.24869
vn -0.96811 0.03139 0.24857
vn -0.96667 0.06276 0.2482
vn -0.03073 -0.9995 0.00789
vn -0.96429 0.09407 0.24759
vn -0.06112 -0.99801 0.01569
vn -0.96095 0.12531 0.24673
vn -0.09145 -0.99553 0.02348
vn -0.95666 0.1564 0.24563
vn -0.12169 -0.99208 0.03125
vn -0.95144 0.18731 0.24429
vn -0.15182 -0.98764 0.03898
vn -0.94527 0.21807 0.2427
vn -0.18179 -0.98223 0.04668
vn -0.93817 0.24862 0.24088
vn -0.21158 -0.97585 0.05432
vn -0.93015 0.2789 0.23882
vn -0.24116 -0.96851 0.06192
vn -0.92121 0.30892 0.23653
vn -0.2705 -0.96021 0.06945
vn -0.91136 0.33864 0.234
vn -0.29958 -0.95096 0.07692
vn -0.90061 0.36802 0.23124
vn -0.32837 -0.94078 0.08431
vn -0.88897 0.39703 0.22825
vn -0.35682 -0.92967 0.09162
vn -0.87646 0.42565 0.22504
vn -0.38493 -0.91764 0.09883
vn -0.86308 0.45386 0.2216
vn -0.41265 -0.90471 0.10595
vn -0.84884 0.48163 0.21795
vn -0.43997 -0.89088 0.11297
vn -0.83378 0.50891 0.21408
vn -0.46685 -0.87617 0.11987
vn -0.81789 0.53568 0.21
vn -0.49327 -0.86061 0.12665
vn -0.8012 0.56193 0.20571
vn -0.51921 -0.84418 0.13331
vn -0.7837 0.58764 0.20122
vn -0.54463 -0.82693 0.13984
vn -0.76544 0.61276 0.19653
vn -0.56951 -0.80887 0.14623
vn -0.74644 0.63726 0.19165
vn -0.59384 -0.79 0.15247
vn -0.72668 0.66116 0.18658
vn -0.61758 -0.77036 0.15857
vn -0.7062 0.6844 0.18132
vn -0.6407 -0.74996 0.1645
vn -0.68504 0.70695 0.17589
vn -0.66321 -0.72881 0.17028
vn -0.66321 0.72881 0.17028
vn -0.68505 -0.70695 0.17589
vn -0.48435 0.86061 0.15737
vn -0.7867 -0.56193 0.25561
vn -0.80309 -0.53568 0.26094
vn -0.45841 0.87617 0.14895
vn -0.81869 -0.50891 0.26601
vn -0.43201 0.89088 0.14037
vn -0.83348 -0.48163 0.27082
vn -0.40518 0.90471 0.13165
vn -0.84746 -0.45386 0.27536
vn -0.37796 0.91764 0.12281
vn -0.8606 -0.42565 0.27963
vn -0.35037 0.92967 0.11384
vn -0.87289 -0.39703 0.28362
vn -0.32242 0.94078 0.10476
vn -0.88431 -0.36802 0.28733
vn -0.29416 0.95096 0.09558
vn -0.89486 -0.33864 0.29076
vn -0.26561 0.96021 0.0863
vn -0.90454 -0.30892 0.2939
vn -0.2368 0.96851 0.07694
vn -0.91332 -0.2789 0.29675
vn -0.20775 0.97585 0.0675
vn -0.92119 -0.24862 0.29931
vn -0.1785 0.98223 0.058
vn -0.92817 -0.21807 0.30158
vn -0.14907 0.98764 0.04844
vn -0.93422 -0.18731 0.30355
vn -0.11949 0.99208 0.03883
vn -0.93935 -0.1564 0.30521
vn -0.0898 0.99553 0.02918
vn -0.94356 -0.12531 0.30658
vn -0.06001 0.99801 0.0195
vn -0.94684 -0.09407 0.30765
vn -0.03017 0.9995 0.0098
vn -0.94918 -0.06276 0.30841
vn -0.95059 -0.03139 0.30887
vn -0.95106 0 0.30902
vn -0.95059 0.03139 0.30887
vn -0.94918 0.06276 0.30841
vn -0.03017 -0.9995 0.0098
vn -0.94684 0.09407 0.30765
vn -0.06001 -0.99801 0.0195
vn -0.94356 0.12531 0.30658
vn -0.0898 -0.99553 0.02918
vn -0.93935 0.15641 0.30521
vn -0.11949 -0.99208 0.03883
vn -0.93422 0.18731 0.30355
vn -0.14907 -0.98764 0.04844
vn -0.92817 0.21807 0.30158
vn -0.1785 -0.98223 0.058
vn -0.92119 0.24862 0.29931
vn -0.20775 -0.97585 0.0675
vn -0.91332 0.2789 0.29675
vn -0.2368 -0.96851 0.07694
vn -0.90454 0.30892 0.2939
vn -0.26561 -0.96021 0.0863
vn -0.89486 0.33864 0.29076
vn -0.29416 -0.95096 0.09558
vn -0.88431 0.36802 0.28733
vn -0.32242 -0.94078 0.10476
vn -0.87289 0.39703 0.28362
vn -0.35037 -0.92967 0.11384
vn -0.8606 0.42565 0.27963
vn -0.37796 -0.91764 0.12281
vn -0.84746 0.45386 0.27536
vn -0.40518 -0.90471 0.13165
vn -0.83348 0.48163 0.27082
vn -0.43201 -0.89088 0.14037
vn -0.81869 0.50891 0.26601
vn -0.45841 -0.87617 0.14895
vn -0.80309 0.53568 0.26094
vn -0.48435 -0.86061 0.15737
vn -0.7867 0.56193 0.25561
vn -0.50982 -0.84418 0.16565
vn -0.76952 0.58764 0.25003
vn -0.53478 -0.82693 0.17376
vn -0.75159 0.61276 0.24421
vn -0.55921 -0.80887 0.1817
vn -0.73293 0.63726 0.23814
vn -0.5831 -0.79 0.18946
vn -0.71353 0.66116 0.23184
vn -0.60641 -0.77036 0.19703
vn -0.69342 0.6844 0.22531
vn -0.62911 -0.74996 0.20441
vn -0.67265 0.70695 0.21856
vn -0.65121 -0.72881 0.21159
vn -0.65121 0.72881 0.21159
vn -0.67265 -0.70695 0.21856
vn -0.62911 0.74996 0.20441
vn -0.69342 -0.6844 0.22531
vn -0.60641 0.77036 0.19703
vn -0.71353 -0.66116 0.23184
vn -0.5831 0.79 0.18946
vn -0.73293 -0.63726 0.23814
vn -0.55921 0.80887 0.1817
vn -0.75159 -0.61276 0.24421
vn -0.53478 0.82693 0.17376
vn -0.76952 -0.58764 0.25003
vn -0.50982 0.84418 0.16565
vn -0.8285 -0.45386 0.32803
vn -0.84134 -0.42565 0.33311
vn -0.34253 0.92967 0.13562
vn -0.85335 -0.39703 0.33787
vn -0.31521 0.94078 0.1248
vn -0.86452 -0.36802 0.34229
vn -0.28758 0.95096 0.11386
vn -0.87484 -0.33864 0.34637
vn -0.25967 0.96021 0.10281
vn -0.8843 -0.30892 0.35012
vn -0.2315 0.96851 0.09166
vn -0.89288 -0.2789 0.35352
vn -0.2031 0.97585 0.08041
vn -0.90058 -0.24862 0.35656
vn -0.17451 0.98223 0.06909
vn -0.9074 -0.21807 0.35926
vn -0.14573 0.98764 0.0577
vn -0.91332 -0.18731 0.36161
vn -0.11682 0.99208 0.04625
vn -0.91833 -0.1564 0.36359
vn -0.08779 0.99553 0.03476
vn -0.92245 -0.12531 0.36522
vn -0.05867 0.99801 0.02323
vn -0.92565 -0.09407 0.36649
vn -0.0295 0.9995 0.01168
vn -0.92794 -0.06276 0.3674
vn -0.92932 -0.03139 0.36794
vn -0.92978 -0 0.36812
vn -0.92932 0.03139 0.36794
vn -0.92794 0.06276 0.3674
vn -0.0295 -0.9995 0.01168
vn -0.92565 0.09407 0.36649
vn -0.05867 -0.99801 0.02323
vn -0.92245 0.12531 0.36522
vn -0.08779 -0.99553 0.03476
vn -0.91833 0.1564 0.36359
vn -0.11682 -0.99208 0.04625
vn -0.91332 0.18731 0.36161
vn -0.14573 -0.98764 0.0577
vn -0.9074 0.21807 0.35926
vn -0.17451 -0.98223 0.06909
vn -0.90058 0.24862 0.35656
vn -0.2031 -0.97585 0.08041
vn -0.89288 0.2789 0.35352
vn -0.2315 -0.96851 0.09166
vn -0.8843 0.30892 0.35012
vn -0.25967 -0.96021 0.10281
vn -0.87484 0.33864 0.34637
vn -0.28758 -0.95096 0.11386
vn -0.86452 0.36802 0.34229
vn -0.31521 -0.94078 0.1248
vn -0.85335 0.39703 0.33787
vn -0.34253 -0.92967 0.13562
vn -0.84134 0.42565 0.33311
vn -0.3695 -0.91764 0.1463
vn -0.8285 0.45386 0.32803
vn -0.39612 -0.90471 0.15683
vn -0.81483 0.48163 0.32262
vn -0.42234 -0.89088 0.16722
vn -0.80037 0.50891 0.31689
vn -0.44815 -0.87617 0.17744
vn -0.78512 0.53568 0.31085
vn -0.47351 -0.86061 0.18748
vn -0.7691 0.56193 0.30451
vn -0.49841 -0.84418 0.19733
vn -0.7523 0.58764 0.29786
vn -0.52281 -0.82693 0.207
vn -0.73477 0.61276 0.29092
vn -0.54669 -0.80887 0.21645
vn -0.71653 0.63726 0.2837
vn -0.57005 -0.79 0.2257
vn -0.69756 0.66116 0.27618
vn -0.59284 -0.77036 0.23472
vn -0.6779 0.6844 0.2684
vn -0.61503 -0.74996 0.24351
vn -0.6576 0.70695 0.26036
vn -0.63663 -0.72881 0.25206
vn -0.63663 0.72881 0.25206
vn -0.6576 -0.70695 0.26036
vn -0.61503 0.74996 0.24351
vn -0.6779 -0.6844 0.2684
vn -0.59284 0.77036 0.23472
vn -0.69756 -0.66116 0.27619
vn -0.57005 0.79 0.2257
vn -0.71653 -0.63726 0.2837
vn -0.54669 0.80887 0.21645
vn -0.73477 -0.61276 0.29092
vn -0.52281 0.82693 0.207
vn -0.7523 -0.58764 0.29786
vn -0.49841 0.84418 0.19733
vn -0.7691 -0.56193 0.30451
vn -0.47351 0.86061 0.18748
vn -0.78512 -0.53568 0.31085
vn -0.44815 0.87617 0.17744
vn -0.80037 -0.50891 0.31689
vn -0.42234 0.89088 0.16722
vn -0.81483 -0.48163 0.32262
vn -0.39612 0.90471 0.15683
vn -0.3695 0.91764 0.1463
vn -0.2527 0.96021 0.11891
vn -0.22529 0.96851 0.10601
vn -0.86057 -0.30892 0.40495
vn -0.86892 -0.2789 0.40888
vn -0.19765 0.97585 0.09301
vn -0.87642 -0.24862 0.41241
vn -0.16982 0.98223 0.07991
vn -0.88305 -0.21807 0.41553
vn -0.14182 0.98764 0.06674
vn -0.88881 -0.18731 0.41824
vn -0.11368 0.99208 0.0535
vn -0.89369 -0.15641 0.42054
vn -0.08543 0.99553 0.0402
vn -0.8977 -0.12531 0.42242
vn -0.0571 0.99801 0.02687
vn -0.90081 -0.09407 0.42389
vn -0.02871 0.9995 0.01351
vn -0.90304 -0.06276 0.42494
vn -0.90438 -0.03139 0.42557
vn -0.90483 0 0.42578
vn -0.90438 0.03139 0.42557
vn -0.90304 0.06276 0.42494
vn -0.02871 -0.9995 0.01351
vn -0.90081 0.09407 0.42389
vn -0.0571 -0.99801 0.02687
vn -0.8977 0.12531 0.42242
vn -0.08543 -0.99553 0.0402
vn -0.89369 0.15641 0.42054
vn -0.11368 -0.99208 0.0535
vn -0.88881 0.18731 0.41824
vn -0.14182 -0.98764 0.06674
vn -0.88305 0.21807 0.41553
vn -0.16982 -0.98223 0.07991
vn -0.87642 0.24862 0.41241
vn -0.19765 -0.97585 0.09301
vn -0.86892 0.2789 0.40888
vn -0.22529 -0.96851 0.10601
vn -0.86057 0.30892 0.40495
vn -0.2527 -0.96021 0.11891
vn -0.85137 0.33864 0.40062
vn -0.27987 -0.95096 0.13169
vn -0.84132 0.36802 0.3959
vn -0.30675 -0.94078 0.14435
vn -0.83046 0.39703 0.39078
vn -0.33333 -0.92967 0.15685
vn -0.81877 0.42565 0.38528
vn -0.35959 -0.91764 0.16921
vn -0.80626 0.45386 0.3794
vn -0.38549 -0.90471 0.1814
vn -0.79297 0.48163 0.37314
vn -0.41101 -0.89088 0.19341
vn -0.7789 0.50891 0.36652
vn -0.43612 -0.87617 0.20522
vn -0.76406 0.53568 0.35954
vn -0.4608 -0.86061 0.21684
vn -0.74846 0.56193 0.3522
vn -0.48504 -0.84418 0.22824
vn -0.73211 0.58764 0.34451
vn -0.50879 -0.82693 0.23942
vn -0.71505 0.61276 0.33648
vn -0.53202 -0.80887 0.25035
vn -0.69731 0.63726 0.32813
vn -0.55475 -0.79 0.26105
vn -0.67885 0.66116 0.31944
vn -0.57693 -0.77036 0.27148
vn -0.65971 0.6844 0.31044
vn -0.59852 -0.74996 0.28164
vn -0.63995 0.70695 0.30114
vn -0.61955 -0.72881 0.29154
vn -0.61955 0.72881 0.29154
vn -0.63995 -0.70695 0.30114
vn -0.59852 0.74996 0.28164
vn -0.65971 -0.6844 0.31044
vn -0.57693 0.77036 0.27148
vn -0.67885 -0.66116 0.31944
vn -0.55475 0.79 0.26105
vn -0.69731 -0.63726 0.32813
vn -0.53202 0.80887 0.25035
vn -0.71505 -0.61276 0.33648
vn -0.50879 0.82693 0.23942
vn -0.73211 -0.58764 0.34451
vn -0.48504 0.84418 0.22824
vn -0.74846 -0.56193 0.3522
vn -0.4608 0.86061 0.21684
vn -0.76406 -0.53568 0.35954
vn -0.43612 0.87617 0.20522
vn -0.7789 -0.50891 0.36652
vn -0.41101 0.89088 0.19341
vn -0.79297 -0.48163 0.37314
vn -0.38549 0.90471 0.1814
vn -0.80626 -0.45386 0.3794
vn -0.35959 0.91764 0.16921
vn -0.81877 -0.42565 0.38528
vn -0.33333 0.92967 0.15685
vn -0.83046 -0.39703 0.39078
vn -0.30675 0.94078 0.14435
vn -0.84132 -0.36802 0.3959
vn -0.27987 0.95096 0.13169
vn -0.85137 -0.33864 0.40062
vn -0.44628 0.86061 0.24534
vn -0.72487 -0.56193 0.3985
vn -0.73997 -0.53568 0.4068
vn -0.42238 0.87617 0.2322
vn -0.75434 -0.50891 0.4147
vn -0.39805 0.89088 0.21883
vn -0.76797 -0.48163 0.4222
vn -0.37334 0.90471 0.20524
vn -0.78085 -0.45386 0.42928
vn -0.34826 0.91764 0.19145
vn -0.79296 -0.42565 0.43593
vn -0.32283 0.92967 0.17748
vn -0.80428 -0.39703 0.44216
vn -0.29708 0.94078 0.16332
vn -0.8148 -0.36802 0.44794
vn -0.27104 0.95096 0.14901
vn -0.82453 -0.33864 0.45329
vn -0.24473 0.96021 0.13454
vn -0.83344 -0.30892 0.45819
vn -0.21819 0.96851 0.11995
vn -0.84153 -0.2789 0.46264
vn -0.19142 0.97585 0.10524
vn -0.84879 -0.24862 0.46663
vn -0.16447 0.98223 0.09042
vn -0.85522 -0.21808 0.47016
vn -0.13735 0.98764 0.07551
vn -0.8608 -0.18731 0.47323
vn -0.1101 0.99208 0.06053
vn -0.86552 -0.15641 0.47582
vn -0.08274 0.99553 0.04549
vn -0.8694 -0.12531 0.47796
vn -0.0553 0.99801 0.0304
vn -0.87242 -0.09407 0.47962
vn -0.0278 0.9995 0.01528
vn -0.87458 -0.06276 0.4808
vn -0.87587 -0.03139 0.48152
vn -0.87631 0 0.48175
vn -0.87587 0.03139 0.48152
vn -0.87458 0.06276 0.4808
vn -0.0278 -0.9995 0.01528
vn -0.87242 0.09407 0.47962
vn -0.0553 -0.99801 0.0304
vn -0.8694 0.12531 0.47796
vn -0.08274 -0.99553 0.04549
vn -0.86552 0.15641 0.47582
vn -0.1101 -0.99208 0.06053
vn -0.8608 0.18731 0.47323
vn -0.13735 -0.98764 0.07551
vn -0.85522 0.21808 0.47016
vn -0.16447 -0.98223 0.09042
vn -0.84879 0.24862 0.46663
vn -0.19142 -0.97585 0.10524
vn -0.84153 0.2789 0.46264
vn -0.21819 -0.96851 0.11995
vn -0.83344 0.30892 0.45819
vn -0.24473 -0.96021 0.13454
vn -0.82453 0.33864 0.45329
vn -0.27104 -0.95096 0.14901
vn -0.8148 0.36802 0.44794
vn -0.29708 -0.94078 0.16332
vn -0.80428 0.39703 0.44216
vn -0.32283 -0.92967 0.17748
vn -0.79296 0.42565 0.43593
vn -0.34826 -0.91764 0.19145
vn -0.78085 0.45386 0.42928
vn -0.37334 -0.90471 0.20524
vn -0.76797 0.48163 0.4222
vn -0.39805 -0.89088 0.21883
vn -0.75434 0.50891 0.4147
vn -0.42238 -0.87617 0.2322
vn -0.73997 0.53568 0.4068
vn -0.44628 -0.86061 0.24534
vn -0.72487 0.56193 0.3985
vn -0.46975 -0.84418 0.25825
vn -0.70904 0.58764 0.3898
vn -0.49275 -0.82693 0.27089
vn -0.69252 0.61276 0.38071
vn -0.51525 -0.80887 0.28326
vn -0.67533 0.63726 0.37126
vn -0.53727 -0.79 0.29537
vn -0.65745 0.66116 0.36144
vn -0.55874 -0.77036 0.30717
vn -0.63892 0.6844 0.35125
vn -0.57966 -0.74996 0.31867
vn -0.61978 0.70695 0.34073
vn -0.60002 -0.72881 0.32987
vn -0.60002 0.72881 0.32986
vn -0.61978 -0.70695 0.34073
vn -0.57966 0.74996 0.31867
vn -0.63892 -0.6844 0.35125
vn -0.55874 0.77036 0.30717
vn -0.65745 -0.66116 0.36144
vn -0.53727 0.79 0.29537
vn -0.67533 -0.63726 0.37126
vn -0.51525 0.80887 0.28326
vn -0.69252 -0.61276 0.38071
vn -0.49275 0.82693 0.27089
vn -0.70904 -0.58764 0.3898
vn -0.46975 0.84418 0.25825
vn -0.75236 -0.45387 0.47746
vn -0.76402 -0.42565 0.48486
vn -0.31105 0.92967 0.1974
vn -0.77493 -0.39703 0.49179
vn -0.28624 0.94078 0.18165
vn -0.78507 -0.36802 0.49822
vn -0.26115 0.95096 0.16573
vn -0.79444 -0.33864 0.50417
vn -0.2358 0.96021 0.14964
vn -0.80303 -0.30892 0.50962
vn -0.21022 0.96851 0.13341
vn -0.81083 -0.2789 0.51457
vn -0.18444 0.97585 0.11705
vn -0.81782 -0.24862 0.519
vn -0.15847 0.98223 0.10057
vn -0.82401 -0.21808 0.52293
vn -0.13234 0.98764 0.08399
vn -0.82938 -0.18731 0.52634
vn -0.10608 0.99208 0.06732
vn -0.83394 -0.1564 0.52923
vn -0.07972 0.99553 0.05059
vn -0.83767 -0.12531 0.5316
vn -0.05328 0.99801 0.03381
vn -0.84058 -0.09407 0.53345
vn -0.02679 0.9995 0.017
vn -0.84266 -0.06276 0.53477
vn -0.84391 -0.03139 0.53556
vn -0.84433 -0 0.53583
vn -0.84391 0.03139 0.53556
vn -0.84266 0.06276 0.53477
vn -0.02679 -0.9995 0.017
vn -0.84058 0.09407 0.53345
vn -0.05328 -0.99801 0.03381
vn -0.83767 0.12531 0.5316
vn -0.07972 -0.99553 0.05059
vn -0.83394 0.1564 0.52923
vn -0.10608 -0.99208 0.06732
vn -0.82938 0.18731 0.52634
vn -0.13234 -0.98764 0.08399
vn -0.82401 0.21808 0.52293
vn -0.15847 -0.98223 0.10057
vn -0.81782 0.24862 0.519
vn -0.18444 -0.97585 0.11705
vn -0.81083 0.2789 0.51457
vn -0.21022 -0.96851 0.13341
vn -0.80303 0.30892 0.50962
vn -0.2358 -0.96021 0.14964
vn -0.79444 0.33864 0.50417
vn -0.26115 -0.95096 0.16573
vn -0.78507 0.36802 0.49822
vn -0.28624 -0.94078 0.18165
vn -0.77493 0.39703 0.49179
vn -0.31105 -0.92967 0.1974
vn -0.76402 0.42565 0.48486
vn -0.33555 -0.91764 0.21294
vn -0.75236 0.45387 0.47746
vn -0.35971 -0.90471 0.22828
vn -0.73995 0.48163 0.46959
vn -0.38353 -0.89088 0.24339
vn -0.72682 0.50891 0.46125
vn -0.40696 -0.87617 0.25827
vn -0.71297 0.53568 0.45246
vn -0.42999 -0.86061 0.27288
vn -0.69842 0.56193 0.44323
vn -0.45261 -0.84418 0.28723
vn -0.68316 0.58764 0.43355
vn -0.47477 -0.82693 0.3013
vn -0.66724 0.61276 0.42345
vn -0.49645 -0.80887 0.31506
vn -0.65068 0.63726 0.41294
vn -0.51766 -0.79 0.32852
vn -0.63346 0.66116 0.402
vn -0.53835 -0.77036 0.34165
vn -0.6156 0.6844 0.39067
vn -0.55851 -0.74996 0.35444
vn -0.59716 0.70695 0.37897
vn -0.57813 -0.72881 0.36689
vn -0.57813 0.72881 0.36689
vn -0.59716 -0.70695 0.37897
vn -0.55851 0.74996 0.35444
vn -0.6156 -0.6844 0.39067
vn -0.53835 0.77036 0.34165
vn -0.63346 -0.66116 0.402
vn -0.51766 0.79 0.32852
vn -0.65068 -0.63726 0.41294
vn -0.49645 0.80887 0.31506
vn -0.66724 -0.61276 0.42345
vn -0.47477 0.82693 0.3013
vn -0.68316 -0.58764 0.43355
vn -0.45261 0.84418 0.28723
vn -0.69842 -0.56193 0.44323
vn -0.42999 0.86061 0.27288
vn -0.71297 -0.53568 0.45246
vn -0.40696 0.87617 0.25827
vn -0.72682 -0.50891 0.46125
vn -0.38353 0.89088 0.24339
vn -0.73995 -0.48163 0.46959
vn -0.35971 0.90471 0.22828
vn -0.33555 0.91764 0.21294
vn -0.22594 0.96021 0.16416
vn -0.20143 0.96851 0.14635
vn -0.76945 -0.30892 0.55904
vn -0.77692 -0.2789 0.56446
vn -0.17673 0.97585 0.1284
vn -0.78361 -0.24862 0.56933
vn -0.15184 0.98223 0.11032
vn -0.78955 -0.21808 0.57364
vn -0.1268 0.98764 0.09213
vn -0.7947 -0.18731 0.57738
vn -0.10165 0.99208 0.07385
vn -0.79906 -0.15641 0.58055
vn -0.07639 0.99553 0.0555
vn -0.80264 -0.12531 0.58315
vn -0.05105 0.99801 0.03709
vn -0.80543 -0.09407 0.58518
vn -0.02567 0.9995 0.01865
vn -0.80742 -0.06276 0.58663
vn -0.80862 -0.03139 0.5875
vn -0.80902 -0 0.58778
vn -0.80862 0.03139 0.5875
vn -0.80742 0.06276 0.58663
vn -0.02567 -0.9995 0.01865
vn -0.80543 0.09407 0.58518
vn -0.05105 -0.99801 0.03709
vn -0.80264 0.12531 0.58315
vn -0.07639 -0.99553 0.0555
vn -0.79906 0.15641 0.58055
vn -0.10165 -0.99208 0.07385
vn -0.7947 0.18731 0.57738
vn -0.1268 -0.98764 0.09213
vn -0.78955 0.21808 0.57364
vn -0.15184 -0.98223 0.11032
vn -0.78361 0.24862 0.56933
vn -0.17673 -0.97585 0.1284
vn -0.77692 0.2789 0.56446
vn -0.20143 -0.96851 0.14635
vn -0.76945 0.30892 0.55904
vn -0.22594 -0.96021 0.16416
vn -0.76122 0.33864 0.55306
vn -0.25023 -0.95096 0.1818
vn -0.75224 0.36802 0.54653
vn -0.27427 -0.94078 0.19927
vn -0.74252 0.39703 0.53947
vn -0.29804 -0.92967 0.21654
vn -0.73207 0.42565 0.53188
vn -0.32151 -0.91764 0.23359
vn -0.72089 0.45387 0.52376
vn -0.34467 -0.90471 0.25042
vn -0.709 0.48163 0.51512
vn -0.36749 -0.89088 0.267
vn -0.69642 0.50891 0.50598
vn -0.38994 -0.87617 0.28331
vn -0.68315 0.53568 0.49634
vn -0.41201 -0.86061 0.29934
vn -0.66921 0.56193 0.48621
vn -0.43368 -0.84418 0.31509
vn -0.65459 0.58764 0.47559
vn -0.45491 -0.82693 0.33051
vn -0.63934 0.61276 0.46451
vn -0.47569 -0.80887 0.34561
vn -0.62347 0.63726 0.45298
vn -0.49601 -0.79 0.36037
vn -0.60696 0.66116 0.44098
vn -0.51584 -0.77036 0.37478
vn -0.58986 0.6844 0.42856
vn -0.53515 -0.74996 0.38881
vn -0.57219 0.70695 0.41572
vn -0.55395 -0.72881 0.40247
vn -0.55395 0.72881 0.40247
vn -0.57219 -0.70695 0.41572
vn -0.53515 0.74996 0.38881
vn -0.58986 -0.6844 0.42856
vn -0.51584 0.77036 0.37478
vn -0.60696 -0.66116 0.44098
vn -0.49601 0.79 0.36037
vn -0.62347 -0.63726 0.45298
vn -0.47569 0.80887 0.34561
vn -0.63934 -0.61276 0.46451
vn -0.45491 0.82693 0.33051
vn -0.65459 -0.58764 0.47559
vn -0.43368 0.84418 0.31509
vn -0.66921 -0.56193 0.48621
vn -0.41201 0.86061 0.29934
vn -0.68315 -0.53568 0.49634
vn -0.38994 0.87617 0.28331
vn -0.69642 -0.50891 0.50598
vn -0.36749 0.89088 0.267
vn -0.709 -0.48163 0.51512
vn -0.34467 0.90471 0.25042
vn -0.72089 -0.45387 0.52376
vn -0.32151 0.91764 0.23359
vn -0.73207 -0.42565 0.53188
vn -0.29804 0.92967 0.21654
vn -0.74252 -0.39703 0.53947
vn -0.27427 0.94078 0.19927
vn -0.75224 -0.36802 0.54653
vn -0.25023 0.95096 0.1818
vn -0.76122 -0.33864 0.55306
vn -0.76103 -0.15641 0.62958
vn -0.07275 0.99553 0.06019
vn -0.76444 -0.12531 0.6324
vn -0.04862 0.99801 0.04022
vn -0.7671 -0.09407 0.6346
vn -0.02444 0.9995 0.02022
vn -0.76899 -0.06276 0.63617
vn -0.77013 -0.03139 0.63711
vn -0.77051 0 0.63742
vn -0.77013 0.03139 0.63711
vn -0.76899 0.06276 0.63617
vn -0.02444 -0.9995 0.02022
vn -0.7671 0.09407 0.6346
vn -0.04862 -0.99801 0.04022
vn -0.76444 0.12531 0.6324
vn -0.07275 -0.99553 0.06019
vn -0.76103 0.15641 0.62958
vn -0.09681 -0.99208 0.08009
vn -0.75687 0.18731 0.62614
vn -0.12077 -0.98764 0.09991
vn -0.75197 0.21808 0.62208
vn -0.14461 -0.98223 0.11963
vn -0.74632 0.24862 0.61741
vn -0.16831 -0.97585 0.13924
vn -0.73994 0.2789 0.61213
vn -0.19185 -0.96851 0.15871
vn -0.73283 0.30892 0.60625
vn -0.21519 -0.96021 0.17802
vn -0.72499 0.33864 0.59976
vn -0.23832 -0.95096 0.19716
vn -0.71644 0.36802 0.59269
vn -0.26122 -0.94078 0.2161
vn -0.70718 0.39703 0.58503
vn -0.28385 -0.92967 0.23482
vn -0.69723 0.42565 0.5768
vn -0.30621 -0.91764 0.25332
vn -0.68658 0.45386 0.56799
vn -0.32827 -0.90471 0.27157
vn -0.67526 0.48163 0.55862
vn -0.35 -0.89088 0.28954
vn -0.66328 0.50891 0.54871
vn -0.37138 -0.87617 0.30724
vn -0.65064 0.53568 0.53825
vn -0.3924 -0.86061 0.32462
vn -0.63736 0.56193 0.52727
vn -0.41304 -0.84418 0.34169
vn -0.62344 0.58764 0.51575
vn -0.43326 -0.82693 0.35842
vn -0.60891 0.61276 0.50373
vn -0.45305 -0.80887 0.3748
vn -0.5938 0.63726 0.49123
vn -0.47241 -0.79 0.39081
vn -0.57808 0.66116 0.47823
vn -0.49129 -0.77036 0.40643
vn -0.56178 0.6844 0.46475
vn -0.50968 -0.74996 0.42164
vn -0.54496 0.70695 0.45083
vn -0.52758 -0.72881 0.43646
vn -0.52758 0.72881 0.43646
vn -0.54496 -0.70695 0.45083
vn -0.50968 0.74996 0.42164
vn -0.56178 -0.6844 0.46475
vn -0.49129 0.77036 0.40643
vn -0.57808 -0.66116 0.47823
vn -0.47241 0.79 0.39081
vn -0.5938 -0.63726 0.49123
vn -0.45305 0.80887 0.3748
vn -0.60891 -0.61276 0.50373
vn -0.43326 0.82693 0.35842
vn -0.62344 -0.58764 0.51575
vn -0.41304 0.84418 0.34169
vn -0.63736 -0.56193 0.52727
vn -0.3924 0.86061 0.32462
vn -0.65064 -0.53568 0.53825
vn -0.37138 0.87617 0.30724
vn -0.66328 -0.50891 0.54871
vn -0.35 0.89088 0.28954
vn -0.67526 -0.48163 0.55862
vn -0.32827 0.90471 0.27157
vn -0.68658 -0.45386 0.56799
vn -0.30621 0.91764 0.25332
vn -0.69723 -0.42565 0.5768
vn -0.28385 0.92967 0.23482
vn -0.70718 -0.39703 0.58503
vn -0.26122 0.94078 0.2161
vn -0.71644 -0.36802 0.59269
vn -0.23832 0.95096 0.19716
vn -0.72499 -0.33864 0.59976
vn -0.21519 0.96021 0.17802
vn -0.73283 -0.30892 0.60625
vn -0.19185 0.96851 0.15871
vn -0.73994 -0.2789 0.61213
vn -0.16831 0.97585 0.13924
vn -0.74632 -0.24862 0.61741
vn -0.14461 0.98223 0.11963
vn -0.75197 -0.21808 0.62208
vn -0.12077 0.98764 0.09991
vn -0.75687 -0.18731 0.62614
vn -0.09681 0.99208 0.08009
vn -0.72861 -0.03139 0.68421
vn -0.72897 -0 0.68455
vn -0.72861 0.03139 0.68421
vn -0.72753 0.06276 0.6832
vn -0.02313 -0.9995 0.02172
vn -0.72574 0.09407 0.68151
vn -0.046 -0.99801 0.0432
vn -0.72322 0.12531 0.67915
vn -0.06883 -0.99553 0.06463
vn -0.72 0.15641 0.67612
vn -0.09159 -0.99208 0.08601
vn -0.71607 0.18731 0.67243
vn -0.11426 -0.98764 0.1073
vn -0.71142 0.21808 0.66807
vn -0.13682 -0.98223 0.12848
vn -0.70608 0.24862 0.66305
vn -0.15924 -0.97585 0.14954
vn -0.70004 0.2789 0.65738
vn -0.1815 -0.96851 0.17044
vn -0.69331 0.30892 0.65106
vn -0.20358 -0.96021 0.19118
vn -0.6859 0.33864 0.6441
vn -0.22547 -0.95096 0.21173
vn -0.67781 0.36802 0.6365
vn -0.24713 -0.94078 0.23207
vn -0.66905 0.39703 0.62828
vn -0.26855 -0.92967 0.25218
vn -0.65964 0.42565 0.61944
vn -0.2897 -0.91764 0.27205
vn -0.64956 0.45386 0.60998
vn -0.31057 -0.90471 0.29164
vn -0.63885 0.48163 0.59992
vn -0.33113 -0.89088 0.31095
vn -0.62751 0.50891 0.58927
vn -0.35136 -0.87617 0.32995
vn -0.61556 0.53568 0.57805
vn -0.37124 -0.86061 0.34862
vn -0.60299 0.56193 0.56625
vn -0.39077 -0.84418 0.36695
vn -0.58982 0.58764 0.55388
vn -0.4099 -0.82693 0.38492
vn -0.57608 0.61276 0.54097
vn -0.42862 -0.80887 0.4025
vn -0.56178 0.63726 0.52755
vn -0.44694 -0.79 0.4197
vn -0.54691 0.66115 0.51358
vn -0.4648 -0.77036 0.43648
vn -0.53149 0.6844 0.49911
vn -0.4822 -0.74996 0.45281
vn -0.51557 0.70695 0.48416
vn -0.49914 -0.72881 0.46872
vn -0.49914 0.72881 0.46872
vn -0.51557 -0.70695 0.48416
vn -0.4822 0.74996 0.45281
vn -0.53149 -0.6844 0.49911
vn -0.4648 0.77036 0.43648
vn -0.54691 -0.66115 0.51358
vn -0.44693 0.79 0.4197
vn -0.56178 -0.63726 0.52755
vn -0.42862 0.80887 0.4025
vn -0.57608 -0.61276 0.54097
vn -0.4099 0.82693 0.38492
vn -0.58982 -0.58764 0.55388
vn -0.39077 0.84418 0.36695
vn -0.60299 -0.56193 0.56625
vn -0.37124 0.86061 0.34862
vn -0.61556 -0.53568 0.57805
vn -0.35136 0.87617 0.32995
vn -0.62751 -0.50891 0.58927
vn -0.33113 0.89088 0.31095
vn -0.63885 -0.48163 0.59992
vn -0.31057 0.90471 0.29164
vn -0.64956 -0.45386 0.60998
vn -0.2897 0.91764 0.27205
vn -0.65964 -0.42565 0.61944
vn -0.26855 0.92967 0.25218
vn -0.66905 -0.39703 0.62828
vn -0.24713 0.94078 0.23207
vn -0.67781 -0.36802 0.6365
vn -0.22547 0.95096 0.21173
vn -0.6859 -0.33864 0.6441
vn -0.20358 0.96021 0.19118
vn -0.69331 -0.30892 0.65106
vn -0.1815 0.96851 0.17044
vn -0.70004 -0.2789 0.65738
vn -0.15924 0.97585 0.14954
vn -0.70608 -0.24862 0.66305
vn -0.13682 0.98223 0.12848
vn -0.71142 -0.21808 0.66807
vn -0.11426 0.98764 0.1073
vn -0.71607 -0.18731 0.67243
vn -0.09159 0.99208 0.08601
vn -0.72 -0.15641 0.67612
vn -0.06883 0.99553 0.06463
vn -0.72322 -0.12531 0.67915
vn -0.046 0.99801 0.0432
vn -0.72574 -0.09407 0.68151
vn -0.02313 0.9995 0.02172
vn -0.72753 -0.06276 0.6832
vn -0.06463 -0.99553 0.06883
vn -0.67915 0.12531 0.72322
vn -0.67612 0.15641 0.72
vn -0.08601 -0.99208 0.09159
vn -0.67243 0.18731 0.71607
vn -0.1073 -0.98764 0.11426
vn -0.66807 0.21808 0.71142
vn -0.12848 -0.98223 0.13682
vn -0.66305 0.24862 0.70608
vn -0.14954 -0.97585 0.15924
vn -0.65738 0.2789 0.70004
vn -0.17044 -0.96851 0.1815
vn -0.65106 0.30892 0.69331
vn -0.19118 -0.96021 0.20358
vn -0.6441 0.33864 0.6859
vn -0.21173 -0.95096 0.22547
vn -0.6365 0.36802 0.67781
vn -0.23207 -0.94078 0.24713
vn -0.62828 0.39703 0.66905
vn -0.25218 -0.92967 0.26855
vn -0.61944 0.42565 0.65964
vn -0.27205 -0.91764 0.2897
vn -0.60998 0.45386 0.64956
vn -0.29164 -0.90471 0.31057
vn -0.59992 0.48163 0.63885
vn -0.31095 -0.89088 0.33113
vn -0.58927 0.50891 0.62751
vn -0.32995 -0.87617 0.35136
vn -0.57805 0.53568 0.61556
vn -0.34862 -0.86061 0.37124
vn -0.56625 0.56193 0.60299
vn -0.36695 -0.84418 0.39077
vn -0.55388 0.58764 0.58982
vn -0.38492 -0.82693 0.4099
vn -0.54097 0.61276 0.57608
vn -0.4025 -0.80887 0.42862
vn -0.52755 0.63726 0.56178
vn -0.4197 -0.79 0.44693
vn -0.51358 0.66115 0.54691
vn -0.43648 -0.77036 0.4648
vn -0.49911 0.6844 0.53149
vn -0.45281 -0.74996 0.4822
vn -0.48416 0.70695 0.51557
vn -0.46872 -0.72881 0.49914
vn -0.46872 0.72881 0.49914
vn -0.48416 -0.70695 0.51557
vn -0.45281 0.74996 0.4822
vn -0.49911 -0.6844 0.53149
vn -0.43647 0.77036 0.4648
vn -0.51358 -0.66115 0.54691
vn -0.4197 0.79 0.44693
vn -0.52755 -0.63726 0.56178
vn -0.4025 0.80887 0.42862
vn -0.54097 -0.61276 0.57608
vn -0.38492 0.82693 0.4099
vn -0.55388 -0.58764 0.58982
vn -0.36695 0.84418 0.39077
vn -0.56625 -0.56193 0.60299
vn -0.34862 0.86061 0.37124
vn -0.57805 -0.53568 0.61556
vn -0.32995 0.87617 0.35136
vn -0.58927 -0.50891 0.62751
vn -0.31095 0.89088 0.33113
vn -0.59992 -0.48163 0.63885
vn -0.29164 0.90471 0.31057
vn -0.60998 -0.45386 0.64956
vn -0.27205 0.91764 0.2897
vn -0.61944 -0.42565 0.65964
vn -0.25218 0.92967 0.26855
vn -0.62828 -0.39703 0.66905
vn -0.23207 0.94078 0.24713
vn -0.6365 -0.36802 0.67781
vn -0.21173 0.95096 0.22547
vn -0.6441 -0.33864 0.6859
vn -0.19118 0.96021 0.20358
vn -0.65106 -0.30892 0.69331
vn -0.17044 0.96851 0.1815
vn -0.65738 -0.2789 0.70004
vn -0.14954 0.97585 0.15924
vn -0.66305 -0.24862 0.70608
vn -0.12848 0.98223 0.13682
vn -0.66807 -0.21807 0.71142
vn -0.1073 0.98764 0.11426
vn -0.67243 -0.18731 0.71607
vn -0.08601 0.99208 0.09159
vn -0.67612 -0.15641 0.72
vn -0.06463 0.99553 0.06883
vn -0.67915 -0.12531 0.72322
vn -0.0432 0.99801 0.046
vn -0.68151 -0.09407 0.72574
vn -0.02172 0.9995 0.02313
vn -0.6832 -0.06276 0.72753
vn -0.68421 -0.03139 0.72861
vn -0.68455 -0 0.72897
vn -0.68421 0.03139 0.72861
vn -0.6832 0.06276 0.72753
vn -0.02172 -0.9995 0.02313
vn -0.68151 0.09407 0.72574
vn -0.0432 -0.99801 0.046
vn -0.61213 0.2789 0.73994
vn -0.13924 -0.97585 0.16831
vn -0.15871 -0.96851 0.19185
vn -0.60625 0.30892 0.73283
vn -0.17802 -0.96021 0.21519
vn -0.59976 0.33864 0.72499
vn -0.19716 -0.95096 0.23832
vn -0.59269 0.36802 0.71644
vn -0.2161 -0.94078 0.26122
vn -0.58503 0.39703 0.70718
vn -0.23482 -0.92967 0.28385
vn -0.5768 0.42565 0.69723
vn -0.25332 -0.91764 0.30621
vn -0.56799 0.45386 0.68658
vn -0.27156 -0.90471 0.32827
vn -0.55862 0.48163 0.67526
vn -0.28954 -0.89088 0.35
vn -0.54871 0.50891 0.66327
vn -0.30724 -0.87617 0.37139
vn -0.53825 0.53568 0.65064
vn -0.32462 -0.86061 0.3924
vn -0.52727 0.56193 0.63736
vn -0.34169 -0.84418 0.41304
vn -0.51575 0.58764 0.62344
vn -0.35842 -0.82693 0.43326
vn -0.50373 0.61277 0.60891
vn -0.37479 -0.80887 0.45305
vn -0.49123 0.63726 0.5938
vn -0.39081 -0.79 0.47241
vn -0.47823 0.66115 0.57808
vn -0.40643 -0.77036 0.49129
vn -0.46475 0.6844 0.56178
vn -0.42164 -0.74996 0.50968
vn -0.45083 0.70695 0.54496
vn -0.43646 -0.72881 0.52758
vn -0.43646 0.72881 0.52758
vn -0.45083 -0.70695 0.54496
vn -0.42164 0.74996 0.50968
vn -0.46475 -0.6844 0.56178
vn -0.40643 0.77036 0.49129
vn -0.47823 -0.66115 0.57808
vn -0.39081 0.79 0.47241
vn -0.49123 -0.63726 0.5938
vn -0.37479 0.80887 0.45305
vn -0.50373 -0.61277 0.60891
vn -0.35842 0.82693 0.43326
vn -0.51575 -0.58764 0.62344
vn -0.34169 0.84418 0.41304
vn -0.52727 -0.56193 0.63736
vn -0.32462 0.86061 0.3924
vn -0.53825 -0.53568 0.65064
vn -0.30724 0.87617 0.37138
vn -0.54871 -0.50891 0.66327
vn -0.28954 0.89088 0.35
vn -0.55862 -0.48163 0.67526
vn -0.27156 0.90471 0.32827
vn -0.56799 -0.45386 0.68658
vn -0.25332 0.91764 0.30621
vn -0.5768 -0.42565 0.69723
vn -0.23482 0.92967 0.28385
vn -0.58503 -0.39703 0.70718
vn -0.2161 0.94078 0.26122
vn -0.59269 -0.36802 0.71644
vn -0.19716 0.95096 0.23832
vn -0.59976 -0.33864 0.72499
vn -0.17802 0.96021 0.21519
vn -0.60625 -0.30892 0.73283
vn -0.15871 0.96851 0.19185
vn -0.61213 -0.2789 0.73994
vn -0.13924 0.97585 0.16831
vn -0.61741 -0.24862 0.74632
vn -0.11964 0.98223 0.14461
vn -0.62208 -0.21807 0.75197
vn -0.09991 0.98764 0.12077
vn -0.62614 -0.18731 0.75688
vn -0.08009 0.99208 0.09681
vn -0.62958 -0.15641 0.76103
vn -0.06019 0.99553 0.07275
vn -0.6324 -0.12531 0.76444
vn -0.04022 0.99801 0.04862
vn -0.6346 -0.09407 0.7671
vn -0.02022 0.9995 0.02444
vn -0.63617 -0.06276 0.76899
vn -0.63711 -0.03139 0.77013
vn -0.63742 -0 0.77051
vn -0.63711 0.03139 0.77013
vn -0.63617 0.06276 0.76899
vn -0.02022 -0.9995 0.02444
vn -0.6346 0.09407 0.7671
vn -0.04022 -0.99801 0.04862
vn -0.6324 0.12531 0.76444
vn -0.06019 -0.99553 0.07275
vn -0.62958 0.15641 0.76103
vn -0.08009 -0.99208 0.09681
vn -0.62614 0.18731 0.75688
vn -0.09991 -0.98764 0.12077
vn -0.62208 0.21807 0.75197
vn -0.11964 -0.98223 0.14461
vn -0.61741 0.24862 0.74632
vn -0.21654 -0.92967 0.29804
vn -0.53188 0.42565 0.73207
vn -0.23359 -0.91764 0.32151
vn -0.52376 0.45386 0.72089
vn -0.25042 -0.90471 0.34467
vn -0.51512 0.48163 0.709
vn -0.267 -0.89088 0.36749
vn -0.50598 0.50891 0.69642
vn -0.28331 -0.87617 0.38994
vn -0.49634 0.53568 0.68315
vn -0.29934 -0.86061 0.41201
vn -0.48621 0.56193 0.66921
vn -0.31509 -0.84418 0.43368
vn -0.47559 0.58764 0.65459
vn -0.33051 -0.82693 0.45491
vn -0.46451 0.61277 0.63934
vn -0.34561 -0.80887 0.47569
vn -0.45298 0.63726 0.62347
vn -0.36037 -0.79 0.49601
vn -0.44099 0.66115 0.60696
vn -0.37478 -0.77036 0.51584
vn -0.42856 0.6844 0.58986
vn -0.38881 -0.74996 0.53515
vn -0.41572 0.70695 0.57219
vn -0.40247 -0.72881 0.55395
vn -0.40247 0.72881 0.55395
vn -0.41572 -0.70695 0.57219
vn -0.38881 0.74996 0.53515
vn -0.42856 -0.6844 0.58986
vn -0.37478 0.77036 0.51584
vn -0.44099 -0.66115 0.60696
vn -0.36037 0.79 0.49601
vn -0.45298 -0.63726 0.62347
vn -0.34561 0.80887 0.47569
vn -0.46451 -0.61277 0.63934
vn -0.33051 0.82693 0.45491
vn -0.47559 -0.58764 0.65459
vn -0.31509 0.84418 0.43368
vn -0.48621 -0.56193 0.66921
vn -0.29934 0.86061 0.41201
vn -0.49634 -0.53568 0.68315
vn -0.28331 0.87617 0.38994
vn -0.50598 -0.50891 0.69642
vn -0.267 0.89088 0.36749
vn -0.51512 -0.48163 0.709
vn -0.25042 0.90471 0.34467
vn -0.52376 -0.45386 0.72089
vn -0.23359 0.91764 0.32151
vn -0.53188 -0.42565 0.73207
vn -0.21654 0.92967 0.29804
vn -0.53947 -0.39703 0.74252
vn -0.19927 0.94078 0.27427
vn -0.54653 -0.36802 0.75224
vn -0.1818 0.95096 0.25023
vn -0.55306 -0.33864 0.76122
vn -0.16416 0.96021 0.22594
vn -0.55903 -0.30892 0.76945
vn -0.14635 0.96851 0.20143
vn -0.56446 -0.2789 0.77692
vn -0.1284 0.97585 0.17673
vn -0.56933 -0.24862 0.78361
vn -0.11032 0.98223 0.15184
vn -0.57364 -0.21807 0.78955
vn -0.09213 0.98764 0.1268
vn -0.57738 -0.18731 0.7947
vn -0.07385 0.99208 0.10165
vn -0.58055 -0.15641 0.79906
vn -0.0555 0.99553 0.07639
vn -0.58315 -0.12531 0.80264
vn -0.03709 0.99801 0.05105
vn -0.58518 -0.09407 0.80543
vn -0.01865 0.9995 0.02567
vn -0.58663 -0.06276 0.80742
vn -0.5875 -0.03139 0.80862
vn -0.58779 -0 0.80902
vn -0.5875 0.03139 0.80862
vn -0.58663 0.06276 0.80742
vn -0.01865 -0.9995 0.02567
vn -0.58518 0.09407 0.80543
vn -0.03709 -0.99801 0.05105
vn -0.58315 0.12531 0.80264
vn -0.0555 -0.99553 0.07639
vn -0.58055 0.15641 0.79906
vn -0.07385 -0.99208 0.10165
vn -0.57738 0.18731 0.7947
vn -0.09213 -0.98764 0.1268
vn -0.57364 0.21807 0.78955
vn -0.11032 -0.98223 0.15184
vn -0.56933 0.24862 0.78361
vn -0.1284 -0.97585 0.17672
vn -0.56446 0.2789 0.77692
vn -0.14635 -0.96851 0.20143
vn -0.55904 0.30892 0.76945
vn -0.16416 -0.96021 0.22594
vn -0.55306 0.33864 0.76122
vn -0.1818 -0.95096 0.25023
vn -0.54653 0.36802 0.75224
vn -0.19927 -0.94078 0.27427
vn -0.53947 0.39703 0.74252
vn -0.52923 -0.15641 0.83394
vn -0.27288 -0.86061 0.42999
vn -0.05059 0.99553 0.07972
vn -0.5316 -0.12531 0.83767
vn -0.28723 -0.84418 0.45261
vn -0.03381 0.99801 0.05328
vn -0.53345 -0.09407 0.84058
vn -0.3013 -0.82693 0.47477
vn -0.017 0.9995 0.02679
vn -0.53477 -0.06276 0.84266
vn -0.31506 -0.80887 0.49645
vn -0.53556 -0.03139 0.84391
vn -0.32852 -0.79 0.51766
vn -0.53583 0 0.84433
vn -0.34165 -0.77036 0.53835
vn -0.53556 0.03139 0.84391
vn -0.35444 -0.74996 0.55851
vn -0.53477 0.06276 0.84266
vn -0.36689 -0.72881 0.57813
vn -0.53345 0.09407 0.84058
vn -0.37897 -0.70695 0.59716
vn -0.5316 0.12531 0.83767
vn -0.39067 -0.6844 0.6156
vn -0.52923 0.15641 0.83394
vn -0.402 -0.66115 0.63346
vn -0.52634 0.18731 0.82938
vn -0.41294 -0.63726 0.65068
vn -0.52293 0.21807 0.82401
vn -0.42344 -0.61277 0.66724
vn -0.519 0.24863 0.81782
vn -0.51457 0.2789 0.81083
vn -0.50962 0.30892 0.80303
vn -0.50417 0.33864 0.79444
vn -0.49822 0.36802 0.78507
vn -0.49178 0.39703 0.77493
vn -0.48486 0.42565 0.76402
vn -0.47746 0.45386 0.75236
vn -0.46959 0.48163 0.73995
vn -0.46125 0.50891 0.72682
vn -0.45246 0.53568 0.71297
vn -0.44323 0.56193 0.69842
vn -0.43355 0.58764 0.68316
vn -0.42344 0.61277 0.66724
vn -0.41294 0.63726 0.65068
vn -0.402 0.66115 0.63346
vn -0.39067 0.6844 0.6156
vn -0.37897 0.70695 0.59716
vn -0.36689 0.72881 0.57813
vn -0.35444 0.74996 0.55851
vn -0.34165 0.77036 0.53835
vn -0.32852 0.79 0.51766
vn -0.31506 0.80887 0.49645
vn -0.017 -0.9995 0.02679
vn -0.3013 0.82693 0.47477
vn -0.43355 -0.58764 0.68316
vn -0.03381 -0.99801 0.05328
vn -0.28723 0.84418 0.45261
vn -0.44323 -0.56193 0.69842
vn -0.05059 -0.99553 0.07972
vn -0.27288 0.86061 0.42999
vn -0.45246 -0.53568 0.71297
vn -0.06732 -0.99208 0.10608
vn -0.25827 0.87617 0.40696
vn -0.46125 -0.50891 0.72682
vn -0.08399 -0.98764 0.13234
vn -0.2434 0.89088 0.38353
vn -0.46959 -0.48163 0.73995
vn -0.10057 -0.98223 0.15847
vn -0.22828 0.90471 0.35971
vn -0.47746 -0.45386 0.75236
vn -0.11705 -0.97585 0.18444
vn -0.21294 0.91764 0.33555
vn -0.48486 -0.42565 0.76402
vn -0.13341 -0.96851 0.21022
vn -0.1974 0.92967 0.31105
vn -0.49178 -0.39703 0.77493
vn -0.14964 -0.96021 0.2358
vn -0.18165 0.94078 0.28624
vn -0.49822 -0.36802 0.78507
vn -0.16573 -0.95096 0.26115
vn -0.16573 0.95096 0.26115
vn -0.50417 -0.33864 0.79444
vn -0.18165 -0.94078 0.28624
vn -0.14964 0.96021 0.2358
vn -0.50962 -0.30892 0.80303
vn -0.1974 -0.92967 0.31105
vn -0.13341 0.96851 0.21022
vn -0.51457 -0.2789 0.81083
vn -0.21294 -0.91764 0.33555
vn -0.11705 0.97585 0.18444
vn -0.519 -0.24863 0.81782
vn -0.22828 -0.90471 0.35971
vn -0.10057 0.98223 0.15847
vn -0.52293 -0.21807 0.82401
vn -0.24339 -0.89088 0.38353
vn -0.08399 0.98764 0.13234
vn -0.52634 -0.18731 0.82938
vn -0.25827 -0.87617 0.40696
vn -0.06732 0.99208 0.10608
vn -0.48152 -0.03139 0.87588
vn -0.48175 0 0.87631
vn -0.48152 0.03139 0.87588
vn -0.4808 0.06276 0.87458
vn -0.01528 -0.9995 0.0278
vn -0.47962 0.09407 0.87242
vn -0.0304 -0.99801 0.0553
vn -0.47796 0.12531 0.8694
vn -0.04549 -0.99553 0.08274
vn -0.47582 0.15641 0.86552
vn -0.06053 -0.99208 0.1101
vn -0.47323 0.18731 0.8608
vn -0.07551 -0.98764 0.13735
vn -0.47016 0.21807 0.85522
vn -0.09042 -0.98223 0.16447
vn -0.46663 0.24862 0.84879
vn -0.10524 -0.97585 0.19142
vn -0.46264 0.2789 0.84154
vn -0.11995 -0.96851 0.21819
vn -0.45819 0.30892 0.83344
vn -0.13454 -0.96021 0.24473
vn -0.45329 0.33864 0.82453
vn -0.14901 -0.95096 0.27104
vn -0.44794 0.36802 0.8148
vn -0.16332 -0.94078 0.29708
vn -0.44216 0.39703 0.80428
vn -0.17748 -0.92967 0.32283
vn -0.43593 0.42565 0.79296
vn -0.19146 -0.91764 0.34826
vn -0.42928 0.45386 0.78085
vn -0.20524 -0.90471 0.37334
vn -0.4222 0.48163 0.76797
vn -0.21883 -0.89088 0.39805
vn -0.4147 0.50891 0.75434
vn -0.2322 -0.87617 0.42238
vn -0.4068 0.53568 0.73997
vn -0.24534 -0.86061 0.44628
vn -0.3985 0.56193 0.72487
vn -0.25825 -0.84418 0.46975
vn -0.3898 0.58764 0.70904
vn -0.27089 -0.82693 0.49275
vn -0.38071 0.61277 0.69251
vn -0.28326 -0.80887 0.51525
vn -0.37127 0.63726 0.67533
vn -0.29537 -0.79 0.53727
vn -0.36144 0.66115 0.65745
vn -0.30717 -0.77036 0.55874
vn -0.35125 0.6844 0.63892
vn -0.31867 -0.74996 0.57966
vn -0.34073 0.70695 0.61978
vn -0.32987 -0.72881 0.60002
vn -0.32987 0.72881 0.60002
vn -0.34073 -0.70695 0.61978
vn -0.31867 0.74996 0.57966
vn -0.35125 -0.6844 0.63892
vn -0.30717 0.77036 0.55874
vn -0.36144 -0.66115 0.65745
vn -0.29537 0.79 0.53727
vn -0.37126 -0.63726 0.67533
vn -0.28326 0.80887 0.51525
vn -0.38071 -0.61277 0.69251
vn -0.27089 0.82693 0.49275
vn -0.3898 -0.58764 0.70904
vn -0.25825 0.84418 0.46975
vn -0.3985 -0.56193 0.72487
vn -0.24534 0.86061 0.44628
vn -0.4068 -0.53568 0.73997
vn -0.2322 0.87617 0.42238
vn -0.4147 -0.50891 0.75434
vn -0.21883 0.89088 0.39805
vn -0.4222 -0.48163 0.76797
vn -0.20524 0.90471 0.37334
vn -0.42928 -0.45386 0.78085
vn -0.19146 0.91764 0.34826
vn -0.43593 -0.42565 0.79296
vn -0.17748 0.92967 0.32283
vn -0.44216 -0.39703 0.80428
vn -0.16332 0.94078 0.29708
vn -0.44794 -0.36802 0.8148
vn -0.14901 0.95096 0.27104
vn -0.45329 -0.33864 0.82453
vn -0.13454 0.96021 0.24473
vn -0.45819 -0.30892 0.83344
vn -0.11995 0.96851 0.21819
vn -0.46264 -0.2789 0.84154
vn -0.10524 0.97585 0.19142
vn -0.46663 -0.24862 0.84879
vn -0.09042 0.98223 0.16447
vn -0.47016 -0.21807 0.85522
vn -0.07551 0.98764 0.13735
vn -0.47323 -0.18731 0.8608
vn -0.06053 0.99208 0.1101
vn -0.47582 -0.15641 0.86552
vn -0.04549 0.99553 0.08274
vn -0.47796 -0.12531 0.8694
vn -0.0304 0.99801 0.0553
vn -0.47962 -0.09407 0.87242
vn -0.01528 0.9995 0.0278
vn -0.4808 -0.06276 0.87458
vn -0.42242 0.12531 0.89769
vn -0.0402 -0.99553 0.08543
vn -0.42054 0.15641 0.89369
vn -0.0535 -0.99208 0.11368
vn -0.41824 0.18731 0.88881
vn -0.06674 -0.98764 0.14182
vn -0.41553 0.21807 0.88305
vn -0.07991 -0.98223 0.16982
vn -0.41241 0.24863 0.87642
vn -0.09301 -0.97585 0.19765
vn -0.40888 0.2789 0.86892
vn -0.10601 -0.96851 0.22529
vn -0.40495 0.30892 0.86057
vn -0.11891 -0.96021 0.2527
vn -0.40062 0.33864 0.85137
vn -0.13169 -0.95096 0.27987
vn -0.3959 0.36802 0.84132
vn -0.14435 -0.94078 0.30675
vn -0.39078 0.39703 0.83046
vn -0.15686 -0.92967 0.33333
vn -0.38528 0.42565 0.81877
vn -0.16921 -0.91764 0.35959
vn -0.3794 0.45386 0.80626
vn -0.1814 -0.90471 0.38549
vn -0.37314 0.48163 0.79297
vn -0.19341 -0.89088 0.41101
vn -0.36652 0.50891 0.77889
vn -0.20522 -0.87617 0.43612
vn -0.35954 0.53568 0.76406
vn -0.21684 -0.86061 0.4608
vn -0.3522 0.56193 0.74846
vn -0.22824 -0.84418 0.48504
vn -0.34451 0.58764 0.73211
vn -0.23942 -0.82693 0.50879
vn -0.33648 0.61277 0.71505
vn -0.25035 -0.80887 0.53202
vn -0.32813 0.63726 0.69731
vn -0.26105 -0.79 0.55475
vn -0.31944 0.66115 0.67885
vn -0.27148 -0.77036 0.57693
vn -0.31044 0.6844 0.65971
vn -0.28164 -0.74996 0.59852
vn -0.30114 0.70695 0.63995
vn -0.29154 -0.72881 0.61955
vn -0.29154 0.72881 0.61955
vn -0.30114 -0.70695 0.63995
vn -0.28164 0.74996 0.59853
vn -0.31044 -0.6844 0.65971
vn -0.27148 0.77036 0.57693
vn -0.31944 -0.66115 0.67885
vn -0.26105 0.79 0.55475
vn -0.32813 -0.63726 0.69731
vn -0.25035 0.80887 0.53202
vn -0.33648 -0.61277 0.71505
vn -0.23942 0.82693 0.50879
vn -0.34451 -0.58764 0.73211
vn -0.22824 0.84418 0.48504
vn -0.3522 -0.56193 0.74846
vn -0.21684 0.86061 0.4608
vn -0.35954 -0.53568 0.76406
vn -0.20522 0.87617 0.43612
vn -0.36652 -0.50891 0.77889
vn -0.19341 0.89088 0.41101
vn -0.37314 -0.48163 0.79297
vn -0.1814 0.90471 0.38549
vn -0.3794 -0.45386 0.80627
vn -0.16921 0.91764 0.35959
vn -0.38528 -0.42565 0.81877
vn -0.15686 0.92967 0.33333
vn -0.39078 -0.39703 0.83046
vn -0.14435 0.94078 0.30675
vn -0.3959 -0.36802 0.84132
vn -0.13169 0.95096 0.27987
vn -0.40062 -0.33864 0.85137
vn -0.11891 0.96021 0.2527
vn -0.40495 -0.30892 0.86057
vn -0.10601 0.96851 0.22529
vn -0.40888 -0.2789 0.86892
vn -0.09301 0.97585 0.19765
vn -0.41241 -0.24863 0.87642
vn -0.07991 0.98223 0.16982
vn -0.41553 -0.21807 0.88305
vn -0.06674 0.98764 0.14182
vn -0.41824 -0.18731 0.88881
vn -0.0535 0.99208 0.11368
vn -0.42054 -0.15641 0.89369
vn -0.0402 0.99553 0.08543
vn -0.42242 -0.12531 0.89769
vn -0.02687 0.99801 0.0571
vn -0.42389 -0.09407 0.90081
vn -0.01351 0.9995 0.02871
vn -0.42494 -0.06276 0.90304
vn -0.42557 -0.03139 0.90438
vn -0.42578 0 0.90483
vn -0.42557 0.03139 0.90438
vn -0.42494 0.06276 0.90304
vn -0.01351 -0.9995 0.02871
vn -0.42389 0.09407 0.90081
vn -0.02687 -0.99801 0.0571
vn -0.35352 0.2789 0.89288
vn -0.08041 -0.97585 0.2031
vn -0.09166 -0.96851 0.2315
vn -0.35012 0.30892 0.8843
vn -0.10281 -0.96021 0.25967
vn -0.34637 0.33864 0.87484
vn -0.11386 -0.95096 0.28758
vn -0.34229 0.36802 0.86452
vn -0.1248 -0.94078 0.31521
vn -0.33787 0.39703 0.85336
vn -0.13562 -0.92967 0.34253
vn -0.33311 0.42565 0.84134
vn -0.1463 -0.91764 0.3695
vn -0.32803 0.45386 0.8285
vn -0.15683 -0.90471 0.39612
vn -0.32262 0.48163 0.81483
vn -0.16722 -0.89088 0.42234
vn -0.31689 0.50891 0.80037
vn -0.17743 -0.87617 0.44815
vn -0.31085 0.53568 0.78512
vn -0.18748 -0.86061 0.47351
vn -0.30451 0.56193 0.7691
vn -0.19733 -0.84418 0.49841
vn -0.29786 0.58764 0.7523
vn -0.207 -0.82693 0.52281
vn -0.29092 0.61277 0.73477
vn -0.21645 -0.80887 0.54669
vn -0.2837 0.63726 0.71653
vn -0.2257 -0.79 0.57005
vn -0.27619 0.66115 0.69757
vn -0.23472 -0.77036 0.59284
vn -0.2684 0.6844 0.6779
vn -0.24351 -0.74996 0.61503
vn -0.26036 0.70695 0.6576
vn -0.25206 -0.72881 0.63664
vn -0.25206 0.72881 0.63664
vn -0.26036 -0.70695 0.6576
vn -0.24351 0.74996 0.61503
vn -0.2684 -0.6844 0.6779
vn -0.23472 0.77036 0.59284
vn -0.27619 -0.66115 0.69757
vn -0.2257 0.79 0.57005
vn -0.2837 -0.63726 0.71653
vn -0.21645 0.80887 0.54669
vn -0.29092 -0.61277 0.73477
vn -0.207 0.82693 0.52281
vn -0.29786 -0.58764 0.7523
vn -0.19733 0.84418 0.49841
vn -0.30451 -0.56193 0.7691
vn -0.18748 0.86061 0.47351
vn -0.31085 -0.53568 0.78512
vn -0.17743 0.87617 0.44815
vn -0.31689 -0.50891 0.80037
vn -0.16722 0.89088 0.42234
vn -0.32262 -0.48163 0.81483
vn -0.15683 0.90471 0.39612
vn -0.32803 -0.45386 0.8285
vn -0.1463 0.91764 0.3695
vn -0.33311 -0.42565 0.84134
vn -0.13562 0.92967 0.34253
vn -0.33787 -0.39703 0.85336
vn -0.1248 0.94078 0.31521
vn -0.34229 -0.36802 0.86452
vn -0.11386 0.95096 0.28758
vn -0.34637 -0.33864 0.87484
vn -0.10281 0.96021 0.25967
vn -0.35012 -0.30892 0.8843
vn -0.09166 0.96851 0.2315
vn -0.35352 -0.2789 0.89288
vn -0.08041 0.97585 0.2031
vn -0.35657 -0.24863 0.90058
vn -0.06909 0.98223 0.17451
vn -0.35926 -0.21807 0.9074
vn -0.0577 0.98764 0.14573
vn -0.36161 -0.18731 0.91332
vn -0.04625 0.99208 0.11682
vn -0.36359 -0.15641 0.91833
vn -0.03476 0.99553 0.08779
vn -0.36522 -0.12531 0.92245
vn -0.02323 0.99801 0.05867
vn -0.36649 -0.09407 0.92565
vn -0.01168 0.9995 0.0295
vn -0.3674 -0.06276 0.92794
vn -0.36794 -0.03139 0.92932
vn -0.36813 0 0.92978
vn -0.36794 0.03139 0.92932
vn -0.3674 0.06276 0.92794
vn -0.01168 -0.9995 0.0295
vn -0.36649 0.09407 0.92565
vn -0.02323 -0.99801 0.05867
vn -0.36522 0.12531 0.92245
vn -0.03476 -0.99553 0.08779
vn -0.36359 0.15641 0.91833
vn -0.04625 -0.99208 0.11682
vn -0.36161 0.18731 0.91332
vn -0.0577 -0.98764 0.14573
vn -0.35926 0.21807 0.9074
vn -0.06909 -0.98223 0.17451
vn -0.35657 0.24863 0.90058
vn -0.11384 -0.92967 0.35036
vn -0.27963 0.42565 0.8606
vn -0.12281 -0.91764 0.37796
vn -0.27536 0.45386 0.84746
vn -0.13165 -0.90471 0.40518
vn -0.27082 0.48163 0.83348
vn -0.14037 -0.89088 0.43201
vn -0.26601 0.50891 0.81869
vn -0.14894 -0.87617 0.45841
vn -0.26094 0.53568 0.80309
vn -0.15737 -0.86061 0.48435
vn -0.25562 0.56193 0.7867
vn -0.16565 -0.84418 0.50982
vn -0.25003 0.58764 0.76952
vn -0.17376 -0.82693 0.53478
vn -0.24421 0.61277 0.75159
vn -0.1817 -0.80887 0.55921
vn -0.23814 0.63726 0.73293
vn -0.18946 -0.79 0.5831
vn -0.23184 0.66115 0.71353
vn -0.19703 -0.77036 0.60641
vn -0.22531 0.6844 0.69342
vn -0.20441 -0.74996 0.6291
vn -0.21856 0.70695 0.67265
vn -0.21159 -0.72881 0.65121
vn -0.21159 0.72881 0.65121
vn -0.21856 -0.70695 0.67265
vn -0.20441 0.74996 0.6291
vn -0.22531 -0.6844 0.69342
vn -0.19703 0.77036 0.6064
vn -0.23184 -0.66115 0.71353
vn -0.18946 0.79 0.5831
vn -0.23814 -0.63726 0.73293
vn -0.1817 0.80887 0.55921
vn -0.24421 -0.61277 0.75159
vn -0.17376 0.82693 0.53478
vn -0.25003 -0.58764 0.76952
vn -0.16565 0.84418 0.50982
vn -0.25562 -0.56193 0.7867
vn -0.15737 0.86061 0.48435
vn -0.26094 -0.53568 0.80309
vn -0.14894 0.87617 0.45841
vn -0.26601 -0.50891 0.81869
vn -0.14037 0.89088 0.43201
vn -0.27082 -0.48163 0.83348
vn -0.13165 0.90471 0.40518
vn -0.27536 -0.45386 0.84746
vn -0.12281 0.91764 0.37796
vn -0.27963 -0.42565 0.8606
vn -0.11384 0.92967 0.35036
vn -0.28362 -0.39703 0.87289
vn -0.10476 0.94078 0.32243
vn -0.28733 -0.36802 0.88431
vn -0.09558 0.95096 0.29416
vn -0.29076 -0.33864 0.89486
vn -0.0863 0.96021 0.26561
vn -0.2939 -0.30892 0.90454
vn -0.07694 0.96851 0.2368
vn -0.29676 -0.2789 0.91332
vn -0.0675 0.97585 0.20775
vn -0.29931 -0.24862 0.92119
vn -0.058 0.98223 0.1785
vn -0.30158 -0.21807 0.92817
vn -0.04844 0.98764 0.14907
vn -0.30355 -0.18731 0.93422
vn -0.03883 0.99208 0.11949
vn -0.30521 -0.15641 0.93935
vn -0.02918 0.99553 0.0898
vn -0.30658 -0.12531 0.94356
vn -0.0195 0.99801 0.06001
vn -0.30765 -0.09407 0.94684
vn -0.0098 0.9995 0.03017
vn -0.30841 -0.06276 0.94918
vn -0.30886 -0.03139 0.95059
vn -0.30902 0 0.95106
vn -0.30886 0.03139 0.95059
vn -0.30841 0.06276 0.94918
vn -0.0098 -0.9995 0.03017
vn -0.30765 0.09407 0.94684
vn -0.0195 -0.99801 0.06001
vn -0.30658 0.12531 0.94356
vn -0.02918 -0.99553 0.0898
vn -0.30521 0.15641 0.93935
vn -0.03883 -0.99208 0.11949
vn -0.30355 0.18731 0.93422
vn -0.04844 -0.98764 0.14907
vn -0.30158 0.21807 0.92817
vn -0.058 -0.98223 0.1785
vn -0.29931 0.24862 0.92119
vn -0.0675 -0.97585 0.20775
vn -0.29676 0.2789 0.91332
vn -0.07694 -0.96851 0.2368
vn -0.2939 0.30892 0.90454
vn -0.0863 -0.96021 0.26561
vn -0.29076 0.33864 0.89486
vn -0.09558 -0.95096 0.29416
vn -0.28733 0.36802 0.88431
vn -0.10476 -0.94078 0.32243
vn -0.28362 0.39703 0.87289
vn -0.21408 0.50891 0.83378
vn -0.21 0.53568 0.81789
vn -0.12665 -0.86061 0.49327
vn -0.20571 0.56193 0.8012
vn -0.13331 -0.84418 0.51921
vn -0.20122 0.58765 0.7837
vn -0.13984 -0.82693 0.54464
vn -0.19653 0.61277 0.76544
vn -0.14622 -0.80887 0.56951
vn -0.19165 0.63726 0.74644
vn -0.15247 -0.79 0.59384
vn -0.18658 0.66115 0.72668
vn -0.15857 -0.77036 0.61758
vn -0.18132 0.6844 0.7062
vn -0.1645 -0.74996 0.6407
vn -0.17589 0.70695 0.68505
vn -0.17028 -0.72881 0.66321
vn -0.17028 0.72881 0.66321
vn -0.17589 -0.70695 0.68505
vn -0.1645 0.74996 0.6407
vn -0.18132 -0.6844 0.7062
vn -0.15857 0.77036 0.61758
vn -0.18658 -0.66115 0.72668
vn -0.15247 0.79 0.59384
vn -0.19165 -0.63726 0.74644
vn -0.14622 0.80887 0.56951
vn -0.19653 -0.61277 0.76544
vn -0.13984 0.82693 0.54464
vn -0.20122 -0.58764 0.7837
vn -0.13331 0.84418 0.51921
vn -0.20571 -0.56193 0.8012
vn -0.12665 0.86061 0.49327
vn -0.21 -0.53568 0.81789
vn -0.11987 0.87617 0.46685
vn -0.21408 -0.50891 0.83378
vn -0.11297 0.89088 0.43997
vn -0.21795 -0.48163 0.84884
vn -0.10595 0.90471 0.41265
vn -0.2216 -0.45387 0.86308
vn -0.09883 0.91764 0.38493
vn -0.22504 -0.42565 0.87646
vn -0.09162 0.92967 0.35682
vn -0.22825 -0.39703 0.88897
vn -0.08431 0.94078 0.32837
vn -0.23124 -0.36802 0.9006
vn -0.07692 0.95096 0.29959
vn -0.234 -0.33864 0.91136
vn -0.06945 0.96021 0.2705
vn -0.23653 -0.30892 0.92121
vn -0.06192 0.96851 0.24116
vn -0.23882 -0.2789 0.93015
vn -0.05432 0.97585 0.21158
vn -0.24088 -0.24863 0.93817
vn -0.04668 0.98223 0.18179
vn -0.2427 -0.21807 0.94527
vn -0.03898 0.98764 0.15182
vn -0.24429 -0.18731 0.95144
vn -0.03125 0.99208 0.12169
vn -0.24563 -0.15641 0.95666
vn -0.02348 0.99553 0.09145
vn -0.24673 -0.12531 0.96095
vn -0.01569 0.99801 0.06112
vn -0.24759 -0.09407 0.96429
vn -0.00789 0.9995 0.03073
vn -0.2482 -0.06276 0.96667
vn -0.24857 -0.03139 0.96811
vn -0.24869 -0 0.96858
vn -0.24857 0.03139 0.96811
vn -0.2482 0.06276 0.96667
vn -0.00789 -0.9995 0.03073
vn -0.24759 0.09407 0.96429
vn -0.01569 -0.99801 0.06112
vn -0.24673 0.12531 0.96095
vn -0.02348 -0.99553 0.09145
vn -0.24563 0.15641 0.95666
vn -0.03125 -0.99208 0.12169
vn -0.24429 0.18731 0.95144
vn -0.03898 -0.98764 0.15182
vn -0.2427 0.21807 0.94527
vn -0.04668 -0.98223 0.18179
vn -0.24088 0.24863 0.93817
vn -0.05432 -0.97585 0.21158
vn -0.23882 0.2789 0.93015
vn -0.06192 -0.96851 0.24116
vn -0.23653 0.30892 0.92121
vn -0.06945 -0.96021 0.2705
vn -0.234 0.33864 0.91136
vn -0.07692 -0.95096 0.29959
vn -0.23124 0.36802 0.9006
vn -0.08431 -0.94078 0.32837
vn -0.22825 0.39703 0.88897
vn -0.09162 -0.92967 0.35682
vn -0.22504 0.42565 0.87646
vn -0.09883 -0.91764 0.38493
vn -0.2216 0.45387 0.86308
vn -0.10595 -0.90471 0.41265
vn -0.21795 0.48163 0.84884
vn -0.11297 -0.89088 0.43997
vn -0.11987 -0.87617 0.46685
vn -0.11488 -0.79 0.60225
vn -0.14441 0.63726 0.757
vn -0.14058 0.66115 0.73696
vn -0.11948 -0.77036 0.62632
vn -0.13662 0.6844 0.71619
vn -0.12395 -0.74996 0.64976
vn -0.13253 0.70695 0.69474
vn -0.1283 -0.72881 0.67259
vn -0.1283 0.72881 0.67259
vn -0.13253 -0.70695 0.69474
vn -0.12395 0.74996 0.64976
vn -0.13662 -0.6844 0.71619
vn -0.11948 0.77036 0.62632
vn -0.14058 -0.66115 0.73696
vn -0.11488 0.79 0.60225
vn -0.14441 -0.63726 0.757
vn -0.11018 0.80887 0.57757
vn -0.14808 -0.61277 0.77627
vn -0.10536 0.82693 0.55234
vn -0.15161 -0.58764 0.79479
vn -0.10045 0.84418 0.52656
vn -0.155 -0.56193 0.81254
vn -0.09543 0.86061 0.50025
vn -0.15823 -0.53568 0.82947
vn -0.09032 0.87617 0.47346
vn -0.1613 -0.50891 0.84557
vn -0.08512 0.89088 0.4462
vn -0.16422 -0.48163 0.86085
vn -0.07983 0.90471 0.41849
vn -0.16697 -0.45387 0.87529
vn -0.07447 0.91764 0.39037
vn -0.16956 -0.42565 0.88886
vn -0.06903 0.92967 0.36187
vn -0.17198 -0.39703 0.90155
vn -0.06353 0.94078 0.33301
vn -0.17423 -0.36802 0.91335
vn -0.05796 0.95096 0.30382
vn -0.17631 -0.33864 0.92425
vn -0.05233 0.96021 0.27433
vn -0.17822 -0.30892 0.93424
vn -0.04665 0.96851 0.24457
vn -0.17995 -0.2789 0.94331
vn -0.04093 0.97585 0.21458
vn -0.1815 -0.24862 0.95144
vn -0.03517 0.98223 0.18436
vn -0.18287 -0.21807 0.95865
vn -0.02937 0.98764 0.15396
vn -0.18406 -0.18731 0.9649
vn -0.02354 0.99208 0.12342
vn -0.18508 -0.15641 0.9702
vn -0.01769 0.99553 0.09275
vn -0.1859 -0.12531 0.97454
vn -0.01182 0.99801 0.06198
vn -0.18655 -0.09407 0.97793
vn -0.00594 0.9995 0.03116
vn -0.18701 -0.06276 0.98035
vn -0.18729 -0.03139 0.9818
vn -0.18738 0 0.98229
vn -0.18729 0.03139 0.9818
vn -0.18701 0.06276 0.98035
vn -0.00594 -0.9995 0.03116
vn -0.18655 0.09407 0.97793
vn -0.01182 -0.99801 0.06198
vn -0.1859 0.12531 0.97454
vn -0.01769 -0.99553 0.09275
vn -0.18508 0.15641 0.9702
vn -0.02354 -0.99208 0.12342
vn -0.18406 0.18731 0.9649
vn -0.02937 -0.98764 0.15396
vn -0.18287 0.21807 0.95865
vn -0.03517 -0.98223 0.18436
vn -0.1815 0.24862 0.95144
vn -0.04093 -0.97585 0.21458
vn -0.17995 0.2789 0.94331
vn -0.04665 -0.96851 0.24457
vn -0.17822 0.30892 0.93424
vn -0.05233 -0.96021 0.27433
vn -0.17631 0.33864 0.92425
vn -0.05796 -0.95096 0.30382
vn -0.17423 0.36802 0.91335
vn -0.06353 -0.94078 0.33301
vn -0.17198 0.39703 0.90155
vn -0.06903 -0.92967 0.36187
vn -0.16956 0.42565 0.88886
vn -0.07447 -0.91764 0.39037
vn -0.16697 0.45387 0.87529
vn -0.07983 -0.90471 0.41849
vn -0.16422 0.48163 0.86085
vn -0.08512 -0.89088 0.4462
vn -0.1613 0.50891 0.84557
vn -0.09032 -0.87617 0.47346
vn -0.15823 0.53568 0.82947
vn -0.09543 -0.86061 0.50025
vn -0.155 0.56193 0.81254
vn -0.10045 -0.84418 0.52656
vn -0.15161 0.58765 0.79479
vn -0.10536 -0.82693 0.55234
vn -0.14808 0.61277 0.77627
vn -0.11018 -0.80887 0.57757
vn -0.08582 0.72881 0.67932
vn -0.08291 0.74996 0.65626
vn -0.09138 -0.6844 0.72335
vn -0.07991 0.77036 0.63258
vn -0.09403 -0.66115 0.74433
vn -0.07684 0.79 0.60827
vn -0.09659 -0.63726 0.76458
vn -0.07369 0.80887 0.58335
vn -0.09905 -0.61277 0.78403
vn -0.07047 0.82693 0.55787
vn -0.10141 -0.58765 0.80274
vn -0.06719 0.84418 0.53183
vn -0.10367 -0.56193 0.82066
vn -0.06383 0.86061 0.50526
vn -0.10583 -0.53568 0.83776
vn -0.06041 0.87617 0.4782
vn -0.10789 -0.50891 0.85403
vn -0.05693 0.89088 0.45066
vn -0.10984 -0.48163 0.86946
vn -0.0534 0.90471 0.42268
vn -0.11168 -0.45387 0.88404
vn -0.04981 0.91764 0.39428
vn -0.11341 -0.42565 0.89775
vn -0.04617 0.92967 0.36549
vn -0.11503 -0.39703 0.91057
vn -0.04249 0.94078 0.33634
vn -0.11654 -0.36802 0.92248
vn -0.03877 0.95096 0.30686
vn -0.11793 -0.33864 0.9335
vn -0.035 0.96021 0.27708
vn -0.1192 -0.30892 0.94359
vn -0.03121 0.96851 0.24702
vn -0.12036 -0.2789 0.95275
vn -0.02738 0.97585 0.21672
vn -0.1214 -0.24862 0.96096
vn -0.02352 0.98223 0.18621
vn -0.12232 -0.21807 0.96824
vn -0.01964 0.98764 0.1555
vn -0.12311 -0.18731 0.97456
vn -0.01575 0.99208 0.12465
vn -0.12379 -0.15641 0.9799
vn -0.01183 0.99553 0.09367
vn -0.12435 -0.12531 0.98429
vn -0.00791 0.99801 0.0626
vn -0.12478 -0.09407 0.98772
vn -0.00398 0.9995 0.03147
vn -0.12509 -0.06276 0.99016
vn -0.12527 -0.03139 0.99163
vn -0.12533 -0 0.99211
vn -0.12527 0.03139 0.99163
vn -0.12509 0.06276 0.99016
vn -0.00398 -0.9995 0.03147
vn -0.12478 0.09407 0.98772
vn -0.00791 -0.99801 0.0626
vn -0.12435 0.12531 0.98429
vn -0.01183 -0.99553 0.09368
vn -0.12379 0.15641 0.9799
vn -0.01575 -0.99208 0.12465
vn -0.12311 0.18731 0.97456
vn -0.01964 -0.98764 0.1555
vn -0.12232 0.21807 0.96824
vn -0.02352 -0.98223 0.18621
vn -0.1214 0.24862 0.96096
vn -0.02738 -0.97585 0.21672
vn -0.12036 0.2789 0.95275
vn -0.03121 -0.96851 0.24702
vn -0.1192 0.30892 0.94359
vn -0.035 -0.96021 0.27708
vn -0.11793 0.33864 0.9335
vn -0.03877 -0.95096 0.30686
vn -0.11654 0.36802 0.92248
vn -0.04249 -0.94078 0.33634
vn -0.11503 0.39703 0.91057
vn -0.04617 -0.92967 0.36549
vn -0.11341 0.42565 0.89775
vn -0.04981 -0.91764 0.39428
vn -0.11168 0.45387 0.88404
vn -0.0534 -0.90471 0.42268
vn -0.10984 0.48163 0.86946
vn -0.05693 -0.89088 0.45066
vn -0.10789 0.50891 0.85403
vn -0.06041 -0.87617 0.4782
vn -0.10583 0.53568 0.83776
vn -0.06383 -0.86061 0.50526
vn -0.10367 0.56193 0.82066
vn -0.06719 -0.84418 0.53183
vn -0.10141 0.58765 0.80274
vn -0.07047 -0.82693 0.55787
vn -0.09905 0.61277 0.78403
vn -0.07369 -0.80887 0.58335
vn -0.09659 0.63726 0.76458
vn -0.07684 -0.79 0.60827
vn -0.09403 0.66115 0.74433
vn -0.07991 -0.77036 0.63258
vn -0.09138 0.6844 0.72335
vn -0.08291 -0.74996 0.65626
vn -0.08864 0.70695 0.70169
vn -0.08582 -0.72881 0.67932
vn -0.08864 -0.70695 0.70169
vn -0.00789 0.99208 0.12539
vn -0.00593 0.99553 0.09423
vn -0.05194 -0.56193 0.82555
vn -0.00396 0.99801 0.06298
vn -0.05302 -0.53568 0.84276
vn -0.00199 0.9995 0.03166
vn -0.05405 -0.50891 0.85912
vn -0.05503 -0.48163 0.87465
vn -0.05595 -0.45386 0.88931
vn -0.05681 -0.42565 0.9031
vn -0.05763 -0.39703 0.916
vn -0.05838 -0.36802 0.92798
vn -0.05908 -0.33864 0.93906
vn -0.05972 -0.30892 0.94921
vn -0.0603 -0.2789 0.95843
vn -0.06082 -0.24863 0.96669
vn -0.06128 -0.21807 0.97401
vn -0.06168 -0.18731 0.98036
vn -0.05972 0.30892 0.94921
vn -0.06202 -0.15641 0.98574
vn -0.05908 0.33864 0.93906
vn -0.06229 -0.12531 0.99016
vn -0.05838 0.36802 0.92798
vn -0.06251 -0.09407 0.9936
vn -0.05763 0.39703 0.916
vn -0.06267 -0.06276 0.99606
vn -0.05681 0.42565 0.9031
vn -0.06276 -0.03139 0.99753
vn -0.05595 0.45386 0.88931
vn -0.06279 0 0.99803
vn -0.05503 0.48163 0.87465
vn -0.06276 0.03139 0.99753
vn -0.05405 0.50891 0.85912
vn -0.06266 0.06276 0.99606
vn -0.00199 -0.9995 0.03166
vn -0.05302 0.53568 0.84276
vn -0.06251 0.09406 0.9936
vn -0.00396 -0.99801 0.06298
vn -0.05194 0.56193 0.82555
vn -0.06229 0.12531 0.99016
vn -0.00593 -0.99553 0.09423
vn -0.0508 0.58764 0.80752
vn -0.06202 0.15641 0.98574
vn -0.00789 -0.99208 0.12539
vn -0.04962 0.61277 0.7887
vn -0.06168 0.18731 0.98036
vn -0.00984 -0.98764 0.15643
vn -0.04839 0.63726 0.76913
vn -0.06128 0.21807 0.97401
vn -0.01178 -0.98223 0.18731
vn -0.0471 0.66116 0.74877
vn -0.06082 0.24863 0.96669
vn -0.01372 -0.97585 0.21801
vn -0.04578 0.6844 0.72767
vn -0.0603 0.2789 0.95843
vn -0.01563 -0.96851 0.24849
vn -0.04441 0.70695 0.70587
vn -0.01753 -0.96021 0.27873
vn -0.04299 0.72881 0.68337
vn -0.01942 -0.95096 0.30869
vn -0.04154 0.74996 0.66018
vn -0.02129 -0.94078 0.33835
vn -0.04004 0.77036 0.63635
vn -0.02313 -0.92967 0.36767
vn -0.0385 0.79 0.6119
vn -0.02495 -0.91764 0.39663
vn -0.03692 0.80887 0.58682
vn -0.02675 -0.90471 0.42519
vn -0.03531 0.82693 0.56119
vn -0.02852 -0.89088 0.45334
vn -0.03366 0.84418 0.535
vn -0.03026 -0.87617 0.48105
vn -0.03198 0.86061 0.50827
vn -0.03198 -0.86061 0.50827
vn -0.03027 0.87617 0.48105
vn -0.03366 -0.84418 0.535
vn -0.02852 0.89088 0.45334
vn -0.03531 -0.82693 0.56119
vn -0.02675 0.90471 0.42519
vn -0.03692 -0.80887 0.58682
vn -0.02495 0.91764 0.39663
vn -0.0385 -0.79 0.6119
vn -0.02313 0.92967 0.36767
vn -0.04004 -0.77036 0.63635
vn -0.02129 0.94078 0.33835
vn -0.04154 -0.74996 0.66017
vn -0.01942 0.95096 0.30869
vn -0.04299 -0.72881 0.68337
vn -0.01753 0.96021 0.27873
vn -0.04441 -0.70695 0.70587
vn -0.01563 0.96851 0.24849
vn -0.04578 -0.6844 0.72767
vn -0.01372 0.97585 0.21801
vn -0.0471 -0.66116 0.74877
vn -0.01178 0.98223 0.18731
vn -0.04839 -0.63726 0.76913
vn -0.00984 0.98764 0.15643
vn -0.04962 -0.61276 0.78871
vn -0.0508 -0.58765 0.80752
vn 0.67022 0.26527 -0.69314
vn 0.652 -0.3067 -0.69342
vn 0.19932 0.68529 -0.70047
vn -0.26328 -0.6644 -0.69946
vn -0.4398 -0.56671 -0.69671
vn -0.06719 -0.70847 -0.70253
vn -0.22085 -0.67901 -0.70013
usemtl mat0
f 1//1 2//2 3//3
f 4//4 5//5 6//6
f 7//7 3//3 8//8
f 4//4 9//9 10//10
f 11//11 8//8 12//12
f 10//10 13//13 14//14
f 11//11 15//15 16//16
f 14//14 17//17 18//18
f 19//19 15//15 20//20
f 18//18 21//21 22//22
f 23//23 20//20 24//24
f 22//22 25//25 26//26
f 27//27 24//24 28//28
f 29//29 25//25 30//30
f 27//27 31//31 32//32
f 33//33 30//30 34//34
f 32//32 35//35 36//36
f 37//37 34//34 38//38
f 39//39 35//35 40//40
f 37//37 41//41 42//42
f 39//39 43//43 44//44
f 42//42 45//45 46//46
f 44//44 47//47 48//48
f 46//46 49//49 50//50
f 51//51 47//47 52//52
f 50//50 53//53 54//54
f 55//55 52//52 56//56
f 57//57 53//53 58//58
f 55//55 59//59 60//60
f 57//57 61//61 62//62
f 60//60 59//59 63//63
f 64//64 61//61 65//65
f 64//64 66//66 67//67
f 67//67 68//68 69//69
f 69//69 70//70 71//71
f 72//72 73//73 74//74
f 71//71 75//75 76//76
f 77//77 74//74 78//78
f 76//76 79//79 80//80
f 77//77 81//81 82//82
f 83//83 79//79 84//84
f 82//82 85//85 86//86
f 87//87 84//84 88//88
f 89//89 85//85 90//90
f 91//91 88//88 92//92
f 93//93 90//90 94//94
f 91//91 95//95 96//96
f 93//93 97//97 98//98
f 96//96 99//99 100//100
f 98//98 101//101 102//102
f 100//100 103//103 104//104
f 102//102 105//105 106//106
f 107//107 103//103 108//108
f 106//106 109//109 110//110
f 111//111 108//108 112//112
f 110//110 113//113 114//114
f 111//111 115//115 116//116
f 117//117 113//113 118//118
f 116//116 119//119 120//120
f 121//121 118//118 122//122
f 123//123 119//119 124//124
f 121//121 125//125 126//126
f 127//127 124//124 128//128
f 126//126 129//129 130//130
f 127//127 131//131 132//132
f 133//133 129//129 134//134
f 135//135 131//131 136//136
f 137//137 134//134 138//138
f 135//135 139//139 140//140
f 141//141 138//138 142//142
f 143//143 139//139 144//144
f 145//145 142//142 146//146
f 147//147 144//144 148//148
f 149//149 146//146 150//150
f 147//147 151//151 152//152
f 149//149 153//153 154//154
f 155//155 151//151 156//156
f 154//154 157//157 158//158
f 159//159 156//156 160//160
f 161//161 157//157 162//162
f 159//159 163//163 164//164
f 161//161 165//165 166//166
f 167//167 163//163 168//168
f 166//166 169//169 170//170
f 167//167 171//171 172//172
f 170//170 173//173 174//174
f 172//172 175//175 176//176
f 174//174 177//177 178//178
f 179//179 175//175 180//180
f 178//178 181//181 182//182
f 183//183 180//180 184//184
f 185//185 181//181 186//186
f 187//187 184//184 188//188
f 189//189 186//186 190//190
f 191//191 188//188 192//192
f 189//189 193//193 194//194
f 191//191 195//195 196//196
f 194//194 197//197 198//198
f 196//196 2//2 199//199
f 198//198 5//5 200//200
f 9//9 201//201 13//13
f 12//12 202//202 15//15
f 17//17 201//201 203//203
f 15//15 204//204 20//20
f 21//21 203//203 205//205
f 20//20 206//206 24//24
f 21//21 207//207 25//25
f 24//24 208//208 28//28
f 25//25 209//209 30//30
f 31//31 208//208 210//210
f 30//30 211//211 34//34
f 35//35 210//210 212//212
f 34//34 213//213 38//38
f 35//35 214//214 40//40
f 38//38 215//215 41//41
f 43//43 214//214 216//216
f 45//45 215//215 217//217
f 43//43 218//218 47//47
f 45//45 219//219 49//49
f 47//47 220//220 52//52
f 49//49 221//221 53//53
f 56//56 220//220 222//222
f 58//58 221//221 223//223
f 56//56 224//224 59//59
f 58//58 225//225 61//61
f 59//59 224//224 63//63
f 65//65 225//225 226//226
f 66//66 226//226 227//227
f 66//66 228//228 68//68
f 70//70 228//228 229//229
f 74//74 73//73 230//230
f 70//70 231//231 75//75
f 74//74 232//232 78//78
f 75//75 233//233 79//79
f 81//81 232//232 234//234
f 79//79 235//235 84//84
f 85//85 234//234 236//236
f 84//84 237//237 88//88
f 90//90 236//236 238//238
f 88//88 239//239 92//92
f 90//90 240//240 94//94
f 92//92 241//241 95//95
f 97//97 240//240 242//242
f 95//95 243//243 99//99
f 97//97 244//244 101//101
f 103//103 243//243 245//245
f 101//101 246//246 105//105
f 108//108 245//245 247//247
f 105//105 248//248 109//109
f 108//108 249//249 112//112
f 113//113 248//248 250//250
f 112//112 251//251 115//115
f 113//113 252//252 118//118
f 119//119 251//251 253//253
f 122//122 252//252 254//254
f 119//119 255//255 124//124
f 125//125 254//254 256//256
f 124//124 257//257 128//128
f 129//129 256//256 258//258
f 128//128 259//259 131//131
f 134//134 258//258 260//260
f 136//136 259//259 261//261
f 138//138 260//260 262//262
f 139//139 261//261 263//263
f 142//142 262//262 264//264
f 144//144 263//263 265//265
f 142//142 266//266 146//146
f 148//148 265//265 267//267
f 146//146 268//268 150//150
f 148//148 269//269 151//151
f 150//150 270//270 153//153
f 151//151 271//271 156//156
f 157//157 270//270 272//272
f 156//156 273//273 160//160
f 157//157 274//274 162//162
f 160//160 275//275 163//163
f 162//162 276//276 165//165
f 168//168 275//275 277//277
f 165//165 278//278 169//169
f 171//171 277//277 279//279
f 173//173 278//278 280//280
f 175//175 279//279 281//281
f 173//173 282//282 177//177
f 180//180 281//281 283//283
f 181//181 282//282 284//284
f 180//180 285//285 184//184
f 186//186 284//284 286//286
f 184//184 287//287 188//188
f 186//186 288//288 190//190
f 192//192 287//287 289//289
f 190//190 290//290 193//193
f 192//192 291//291 195//195
f 193//193 292//292 197//197
f 195//195 293//293 2//2
f 197//197 294//294 5//5
f 2//2 295//295 3//3
f 6//6 294//294 296//296
f 3//3 297//297 8//8
f 6//6 298//298 9//9
f 8//8 299//299 12//12
f 208//208 300//300 210//210
f 209//209 301//301 211//211
f 212//212 300//300 302//302
f 211//211 303//303 213//213
f 214//214 302//302 304//304
f 215//215 303//303 305//305
f 214//214 306//306 216//216
f 215//215 307//307 217//217
f 216//216 308//308 218//218
f 217//217 309//309 219//219
f 218//218 310//310 220//220
f 219//219 311//311 221//221
f 220//220 312//312 222//222
f 223//223 311//311 313//313
f 222//222 314//314 224//224
f 225//225 313//313 315//315
f 224//224 314//314 63//63
f 225//225 316//316 226//226
f 226//226 317//317 227//227
f 227//227 318//318 228//228
f 228//228 319//319 229//229
f 230//230 73//73 320//320
f 229//229 321//321 231//231
f 230//230 322//322 232//232
f 231//231 323//323 233//233
f 232//232 324//324 234//234
f 233//233 325//325 235//235
f 234//234 326//326 236//236
f 235//235 327//327 237//237
f 238//238 326//326 328//328
f 239//239 327//327 329//329
f 238//238 330//330 240//240
f 239//239 331//331 241//241
f 240//240 332//332 242//242
f 241//241 333//333 243//243
f 244//244 332//332 334//334
f 245//245 333//333 335//335
f 246//246 334//334 336//336
f 245//245 337//337 247//247
f 246//246 338//338 248//248
f 247//247 339//339 249//249
f 250//250 338//338 340//340
f 251//251 339//339 341//341
f 250//250 342//342 252//252
f 251//251 343//343 253//253
f 254//254 342//342 344//344
f 253//253 345//345 255//255
f 256//256 344//344 346//346
f 255//255 347//347 257//257
f 256//256 348//348 258//258
f 257//257 349//349 259//259
f 258//258 350//350 260//260
f 259//259 351//351 261//261
f 262//262 350//350 352//352
f 261//261 353//353 263//263
f 264//264 352//352 354//354
f 263//263 355//355 265//265
f 266//266 354//354 356//356
f 267//267 355//355 357//357
f 266//266 358//358 268//268
f 269//269 357//357 359//359
f 268//268 360//360 270//270
f 269//269 361//361 271//271
f 270//270 362//362 272//272
f 271//271 363//363 273//273
f 274//274 362//362 364//364
f 273//273 365//365 275//275
f 274//274 366//366 276//276
f 277//277 365//365 367//367
f 276//276 368//368 278//278
f 279//279 367//367 369//369
f 278//278 370//370 280//280
f 281//281 369//369 371//371
f 280//280 372//372 282//282
f 283//283 371//371 373//373
f 282//282 374//374 284//284
f 283//283 375//375 285//285
f 284//284 376//376 286//286
f 287//287 375//375 377//377
f 288//288 376//376 378//378
f 287//287 379//379 289//289
f 288//288 380//380 290//290
f 289//289 381//381 291//291
f 290//290 382//382 292//292
f 291//291 383//383 293//293
f 292//292 384//384 294//294
f 295//295 383//383 385//385
f 296//296 384//384 386//386
f 295//295 387//387 297//297
f 298//298 386//386 388//388
f 297//297 389//389 299//299
f 201//201 388//388 390//390
f 202//202 389//389 391//391
f 203//203 390//390 392//392
f 204//204 391//391 393//393
f 203//203 394//394 205//205
f 204//204 395//395 206//206
f 207//207 394//394 396//396
f 206//206 397//397 208//208
f 209//209 396//396 398//398
f 308//308 399//399 310//310
f 311//311 400//400 401//401
f 310//310 402//402 312//312
f 313//313 401//401 403//403
f 312//312 404//404 314//314
f 313//313 405//405 315//315
f 314//314 404//404 63//63
f 315//315 406//406 316//316
f 316//316 407//407 317//317
f 318//318 407//407 408//408
f 318//318 409//409 319//319
f 320//320 73//73 410//410
f 319//319 411//411 321//321
f 320//320 412//412 322//322
f 321//321 413//413 323//323
f 322//322 414//414 324//324
f 325//325 413//413 415//415
f 326//326 414//414 416//416
f 325//325 417//417 327//327
f 328//328 416//416 418//418
f 329//329 417//417 419//419
f 328//328 420//420 330//330
f 329//329 421//421 331//331
f 332//332 420//420 422//422
f 331//331 423//423 333//333
f 334//334 422//422 424//424
f 335//335 423//423 425//425
f 336//336 424//424 426//426
f 335//335 427//427 337//337
f 336//336 428//428 338//338
f 337//337 429//429 339//339
f 340//340 428//428 430//430
f 341//341 429//429 431//431
f 340//340 432//432 342//342
f 343//343 431//431 433//433
f 342//342 434//434 344//344
f 345//345 433//433 435//435
f 344//344 436//436 346//346
f 347//347 435//435 437//437
f 348//348 436//436 438//438
f 347//347 439//439 349//349
f 350//350 438//438 440//440
f 351//351 439//439 441//441
f 350//350 442//442 352//352
f 351//351 443//443 353//353
f 352//352 444//444 354//354
f 353//353 445//445 355//355
f 354//354 446//446 356//356
f 357//357 445//445 447//447
f 356//356 448//448 358//358
f 357//357 449//449 359//359
f 360//360 448//448 450//450
f 361//361 449//449 451//451
f 360//360 452//452 362//362
f 363//363 451//451 453//453
f 362//362 454//454 364//364
f 365//365 453//453 455//455
f 364//364 456//456 366//366
f 365//365 457//457 367//367
f 366//366 458//458 368//368
f 367//367 459//459 369//369
f 370//370 458//458 460//460
f 371//371 459//459 461//461
f 370//370 462//462 372//372
f 373//373 461//461 463//463
f 372//372 464//464 374//374
f 373//373 465//465 375//375
f 374//374 466//466 376//376
f 377//377 465//465 467//467
f 378//378 466//466 468//468
f 377//377 469//469 379//379
f 380//380 468//468 470//470
f 381//381 469//469 471//471
f 382//382 470//470 472//472
f 381//381 473//473 383//383
f 382//382 474//474 384//384
f 385//385 473//473 475//475
f 386//386 474//474 476//476
f 387//387 475//475 477//477
f 386//386 478//478 388//388
f 389//389 477//477 479//479
f 388//388 480//480 390//390
f 391//391 479//479 481//481
f 390//390 482//482 392//392
f 393//393 481//481 483//483
f 392//392 484//484 394//394
f 393//393 485//485 395//395
f 396//396 484//484 486//486
f 397//397 485//485 487//487
f 398//398 486//486 488//488
f 397//397 489//489 300//300
f 398//398 490//490 301//301
f 300//300 491//491 302//302
f 303//303 490//490 492//492
f 304//304 491//491 493//493
f 305//305 492//492 494//494
f 306//306 493//493 495//495
f 305//305 496//496 307//307
f 306//306 497//497 308//308
f 307//307 400//400 309//309
f 407//407 498//498 499//499
f 407//407 500//500 408//408
f 408//408 501//501 409//409
f 410//410 73//73 502//502
f 411//411 501//501 503//503
f 410//410 504//504 412//412
f 411//411 505//505 413//413
f 412//412 506//506 414//414
f 415//415 505//505 507//507
f 414//414 508//508 416//416
f 415//415 509//509 417//417
f 416//416 510//510 418//418
f 419//419 509//509 511//511
f 418//418 512//512 420//420
f 419//419 513//513 421//421
f 420//420 514//514 422//422
f 421//421 515//515 423//423
f 422//422 516//516 424//424
f 425//425 515//515 517//517
f 424//424 518//518 426//426
f 425//425 519//519 427//427
f 426//426 520//520 428//428
f 427//427 521//521 429//429
f 430//430 520//520 522//522
f 429//429 523//523 431//431
f 430//430 524//524 432//432
f 431//431 525//525 433//433
f 432//432 526//526 434//434
f 433//433 527//527 435//435
f 434//434 528//528 436//436
f 437//437 527//527 529//529
f 438//438 528//528 530//530
f 437//437 531//531 439//439
f 438//438 532//532 440//440
f 439//439 533//533 441//441
f 440//440 534//534 442//442
f 443//443 533//533 535//535
f 444//444 534//534 536//536
f 445//445 535//535 537//537
f 444//444 538//538 446//446
f 447//447 537//537 539//539
f 446//446 540//540 448//448
f 449//449 539//539 541//541
f 448//448 542//542 450//450
f 451//451 541//541 543//543
f 450//450 544//544 452//452
f 453//453 543//543 545//545
f 452//452 546//546 454//454
f 455//455 545//545 547//547
f 454//454 548//548 456//456
f 455//455 549//549 457//457
f 456//456 550//550 458//458
f 457//457 551//551 459//459
f 458//458 552//552 460//460
f 459//459 553//553 461//461
f 460//460 554//554 462//462
f 463//463 553//553 555//555
f 464//464 554//554 556//556
f 463//463 557//557 465//465
f 464//464 558//558 466//466
f 465//465 559//559 467//467
f 466//466 560//560 468//468
f 467//467 561//561 469//469
f 470//470 560//560 562//562
f 471//471 561//561 563//563
f 472//472 562//562 564//564
f 473//473 563//563 565//565
f 472//472 566//566 474//474
f 475//475 565//565 567//567
f 476//476 566//566 568//568
f 475//475 569//569 477//477
f 476//476 570//570 478//478
f 477//477 571//571 479//479
f 478//478 572//572 480//480
f 479//479 573//573 481//481
f 480//480 574//574 482//482
f 483//483 573//573 575//575
f 482//482 576//576 484//484
f 485//485 575//575 577//577
f 484//484 578//578 486//486
f 487//487 577//577 579//579
f 488//488 578//578 580//580
f 489//489 579//579 581//581
f 488//488 582//582 490//490
f 489//489 583//583 491//491
f 492//492 582//582 584//584
f 493//493 583//583 585//585
f 494//494 584//584 586//586
f 493//493 587//587 495//495
f 494//494 588//588 496//496
f 497//497 587//587 589//589
f 400//400 588//588 590//590
f 399//399 589//589 591//591
f 400//400 592//592 401//401
f 399//399 593//593 402//402
f 403//403 592//592 594//594
f 402//402 595//595 404//404
f 403//403 596//596 405//405
f 404//404 595//595 63//63
f 405//405 498//498 406//406
f 504//504 597//597 506//506
f 507//507 598//598 599//599
f 506//506 600//600 508//508
f 509//509 599//599 601//601
f 508//508 602//602 510//510
f 511//511 601//601 603//603
f 510//510 604//604 512//512
f 511//511 605//605 513//513
f 514//514 604//604 606//606
f 513//513 607//607 515//515
f 514//514 608//608 516//516
f 515//515 609//609 517//517
f 518//518 608//608 610//610
f 517//517 611//611 519//519
f 520//520 610//610 612//612
f 521//521 611//611 613//613
f 522//522 612//612 614//614
f 523//523 613//613 615//615
f 522//522 616//616 524//524
f 525//525 615//615 617//617
f 526//526 616//616 618//618
f 527//527 617//617 619//619
f 526//526 620//620 528//528
f 529//529 619//619 621//621
f 528//528 622//622 530//530
f 529//529 623//623 531//531
f 530//530 624//624 532//532
f 533//533 623//623 625//625
f 532//532 626//626 534//534
f 533//533 627//627 535//535
f 534//534 628//628 536//536
f 537//537 627//627 629//629
f 538//538 628//628 630//630
f 537//537 631//631 539//539
f 538//538 632//632 540//540
f 539//539 633//633 541//541
f 540//540 634//634 542//542
f 543//543 633//633 635//635
f 542//542 636//636 544//544
f 545//545 635//635 637//637
f 544//544 638//638 546//546
f 547//547 637//637 639//639
f 546//546 640//640 548//548
f 547//547 641//641 549//549
f 550//550 640//640 642//642
f 549//549 643//643 551//551
f 550//550 644//644 552//552
f 553//553 643//643 645//645
f 552//552 646//646 554//554
f 555//555 645//645 647//647
f 554//554 648//648 556//556
f 557//557 647//647 649//649
f 558//558 648//648 650//650
f 557//557 651//651 559//559
f 558//558 652//652 560//560
f 559//559 653//653 561//561
f 562//562 652//652 654//654
f 563//563 653//653 655//655
f 564//564 654//654 656//656
f 565//565 655//655 657//657
f 564//564 658//658 566//566
f 567//567 657//657 659//659
f 568//568 658//658 660//660
f 567//567 661//661 569//569
f 568//568 662//662 570//570
f 571//571 661//661 663//663
f 572//572 662//662 664//664
f 571//571 665//665 573//573
f 572//572 666//666 574//574
f 575//575 665//665 667//667
f 574//574 668//668 576//576
f 575//575 669//669 577//577
f 576//576 670//670 578//578
f 577//577 671//671 579//579
f 580//580 670//670 672//672
f 581//581 671//671 673//673
f 580//580 674//674 582//582
f 583//583 673//673 675//675
f 584//584 674//674 676//676
f 583//583 677//677 585//585
f 586//586 676//676 678//678
f 587//587 677//677 679//679
f 586//586 680//680 588//588
f 587//587 681//681 589//589
f 588//588 682//682 590//590
f 591//591 681//681 683//683
f 590//590 684//684 592//592
f 593//593 683//683 685//685
f 594//594 684//684 686//686
f 593//593 687//687 595//595
f 594//594 688//688 596//596
f 595//595 687//687 63//63
f 596//596 689//689 498//498
f 499//499 689//689 690//690
f 499//499 691//691 500//500
f 501//501 691//691 692//692
f 502//502 73//73 693//693
f 503//503 692//692 694//694
f 502//502 695//695 504//504
f 503//503 598//598 505//505
f 607//607 696//696 697//697
f 606//606 698//698 608//608
f 609//609 697//697 699//699
f 608//608 700//700 610//610
f 609//609 701//701 611//611
f 610//610 702//702 612//612
f 611//611 703//703 613//613
f 614//614 702//702 704//704
f 613//613 705//705 615//615
f 614//614 706//706 616//616
f 617//617 705//705 707//707
f 618//618 706//706 708//708
f 617//617 709//709 619//619
f 620//620 708//708 710//710
f 621//621 709//709 711//711
f 622//622 710//710 712//712
f 621//621 713//713 623//623
f 622//622 714//714 624//624
f 623//623 715//715 625//625
f 624//624 716//716 626//626
f 625//625 717//717 627//627
f 626//626 718//718 628//628
f 629//629 717//717 719//719
f 628//628 720//720 630//630
f 631//631 719//719 721//721
f 630//630 722//722 632//632
f 631//631 723//723 633//633
f 632//632 724//724 634//634
f 635//635 723//723 725//725
f 634//634 726//726 636//636
f 637//637 725//725 727//727
f 636//636 728//728 638//638
f 639//639 727//727 729//729
f 638//638 730//730 640//640
f 639//639 731//731 641//641
f 642//642 730//730 732//732
f 643//643 731//731 733//733
f 642//642 734//734 644//644
f 645//645 733//733 735//735
f 644//644 736//736 646//646
f 645//645 737//737 647//647
f 646//646 738//738 648//648
f 649//649 737//737 739//739
f 650//650 738//738 740//740
f 651//651 739//739 741//741
f 650//650 742//742 652//652
f 651//651 743//743 653//653
f 654//654 742//742 744//744
f 653//653 745//745 655//655
f 656//656 744//744 746//746
f 657//657 745//745 747//747
f 658//658 746//746 748//748
f 659//659 747//747 749//749
f 660//660 748//748 750//750
f 661//661 749//749 751//751
f 660//660 752//752 662//662
f 663//663 751//751 753//753
f 664//664 752//752 754//754
f 663//663 755//755 665//665
f 664//664 756//756 666//666
f 667//667 755//755 757//757
f 668//668 756//756 758//758
f 667//667 759//759 669//669
f 668//668 760//760 670//670
f 671//671 759//759 761//761
f 670//670 762//762 672//672
f 673//673 761//761 763//763
f 672//672 764//764 674//674
f 675//675 763//763 765//765
f 674//674 766//766 676//676
f 677//677 765//765 767//767
f 678//678 766//766 768//768
f 677//677 769//769 679//679
f 678//678 770//770 680//680
f 679//679 771//771 681//681
f 680//680 772//772 682//682
f 681//681 773//773 683//683
f 682//682 774//774 684//684
f 683//683 775//775 685//685
f 686//686 774//774 776//776
f 687//687 775//775 777//777
f 686//686 778//778 688//688
f 687//687 777//777 63//63
f 688//688 779//779 689//689
f 690//690 779//779 780//780
f 690//690 781//781 691//691
f 692//692 781//781 782//782
f 693//693 73//73 783//783
f 694//694 782//782 784//784
f 695//695 783//783 785//785
f 694//694 786//786 598//598
f 597//597 785//785 787//787
f 599//599 786//786 788//788
f 600//600 787//787 789//789
f 601//601 788//788 790//790
f 600//600 791//791 602//602
f 603//603 790//790 792//792
f 602//602 793//793 604//604
f 603//603 696//696 605//605
f 604//604 794//794 606//606
f 707//707 795//795 796//796
f 708//708 797//797 798//798
f 707//707 799//799 709//709
f 708//708 800//800 710//710
f 711//711 799//799 801//801
f 712//712 800//800 802//802
f 713//713 801//801 803//803
f 714//714 802//802 804//804
f 713//713 805//805 715//715
f 716//716 804//804 806//806
f 715//715 807//807 717//717
f 718//718 806//806 808//808
f 717//717 809//809 719//719
f 718//718 810//810 720//720
f 719//719 811//811 721//721
f 722//722 810//810 812//812
f 723//723 811//811 813//813
f 722//722 814//814 724//724
f 725//725 813//813 815//815
f 724//724 816//816 726//726
f 725//725 817//817 727//727
f 726//726 818//818 728//728
f 729//729 817//817 819//819
f 728//728 820//820 730//730
f 729//729 821//821 731//731
f 732//732 820//820 822//822
f 731//731 823//823 733//733
f 732//732 824//824 734//734
f 735//735 823//823 825//825
f 736//736 824//824 826//826
f 735//735 827//827 737//737
f 736//736 828//828 738//738
f 739//739 827//827 829//829
f 738//738 830//830 740//740
f 739//739 831//831 741//741
f 740//740 832//832 742//742
f 741//741 833//833 743//743
f 742//742 834//834 744//744
f 743//743 835//835 745//745
f 744//744 836//836 746//746
f 745//745 837//837 747//747
f 748//748 836//836 838//838
f 747//747 839//839 749//749
f 750//750 838//838 840//840
f 751//751 839//839 841//841
f 750//750 842//842 752//752
f 753//753 841//841 843//843
f 754//754 842//842 844//844
f 753//753 845//845 755//755
f 754//754 846//846 756//756
f 757//757 845//845 847//847
f 756//756 848//848 758//758
f 757//757 849//849 759//759
f 758//758 850//850 760//760
f 759//759 851//851 761//761
f 762//762 850//850 852//852
f 761//761 853//853 763//763
f 764//764 852//852 854//854
f 765//765 853//853 855//855
f 764//764 856//856 766//766
f 767//767 855//855 857//857
f 768//768 856//856 858//858
f 767//767 859//859 769//769
f 770//770 858//858 860//860
f 771//771 859//859 861//861
f 770//770 862//862 772//772
f 773//773 861//861 863//863
f 772//772 864//864 774//774
f 773//773 865//865 775//775
f 776//776 864//864 866//866
f 775//775 867//867 777//777
f 776//776 868//868 778//778
f 777//777 867//867 63//63
f 778//778 869//869 779//779
f 780//780 869//869 870//870
f 780//780 871//871 781//781
f 782//782 871//871 872//872
f 783//783 73//73 873//873
f 784//784 872//872 874//874
f 785//785 873//873 875//875
f 784//784 876//876 786//786
f 787//787 875//875 877//877
f 786//786 878//878 788//788
f 787//787 879//879 789//789
f 790//790 878//878 880//880
f 789//789 881//881 791//791
f 792//792 880//880 882//882
f 791//791 883//883 793//793
f 792//792 884//884 696//696
f 794//794 883//883 885//885
f 697//697 884//884 886//886
f 698//698 885//885 887//887
f 697//697 888//888 699//699
f 698//698 889//889 700//700
f 699//699 890//890 701//701
f 700//700 891//891 702//702
f 701//701 892//892 703//703
f 704//704 891//891 893//893
f 703//703 795//795 705//705
f 704//704 797//797 706//706
f 804//804 894//894 806//806
f 805//805 895//895 807//807
f 808//808 894//894 896//896
f 809//809 895//895 897//897
f 810//810 896//896 898//898
f 809//809 899//899 811//811
f 812//812 898//898 900//900
f 811//811 901//901 813//813
f 812//812 902//902 814//814
f 813//813 903//903 815//815
f 816//816 902//902 904//904
f 815//815 905//905 817//817
f 818//818 904//904 906//906
f 819//819 905//905 907//907
f 818//818 908//908 820//820
f 819//819 909//909 821//821
f 822//822 908//908 910//910
f 821//821 911//911 823//823
f 822//822 912//912 824//824
f 825//825 911//911 913//913
f 826//826 912//912 914//914
f 825//825 915//915 827//827
f 826//826 916//916 828//828
f 829//829 915//915 917//917
f 830//830 916//916 918//918
f 829//829 919//919 831//831
f 830//830 920//920 832//832
f 831//831 921//921 833//833
f 832//832 922//922 834//834
f 833//833 923//923 835//835
f 836//836 922//922 924//924
f 837//837 923//923 925//925
f 838//838 924//924 926//926
f 837//837 927//927 839//839
f 838//838 928//928 840//840
f 841//841 927//927 929//929
f 840//840 930//930 842//842
f 841//841 931//931 843//843
f 844//844 930//930 932//932
f 843//843 933//933 845//845
f 844//844 934//934 846//846
f 847//847 933//933 935//935
f 846//846 936//936 848//848
f 847//847 937//937 849//849
f 848//848 938//938 850//850
f 851//851 937//937 939//939
f 852//852 938//938 940//940
f 851//851 941//941 853//853
f 854//854 940//940 942//942
f 853//853 943//943 855//855
f 854//854 944//944 856//856
f 857//857 943//943 945//945
f 856//856 946//946 858//858
f 857//857 947//947 859//859
f 858//858 948//948 860//860
f 859//859 949//949 861//861
f 860//860 950//950 862//862
f 861//861 951//951 863//863
f 862//862 952//952 864//864
f 863//863 953//953 865//865
f 866//866 952//952 954//954
f 867//867 953//953 955//955
f 866//866 956//956 868//868
f 867//867 955//955 63//63
f 868//868 957//957 869//869
f 870//870 957//957 958//958
f 870//870 959//959 871//871
f 872//872 959//959 960//960
f 873//873 73//73 961//961
f 874//874 960//960 962//962
f 873//873 963//963 875//875
f 874//874 964//964 876//876
f 875//875 965//965 877//877
f 876//876 966//966 878//878
f 879//879 965//965 967//967
f 880//880 966//966 968//968
f 881//881 967//967 969//969
f 880//880 970//970 882//882
f 881//881 971//971 883//883
f 884//884 970//970 972//972
f 885//885 971//971 973//973
f 886//886 972//972 974//974
f 885//885 975//975 887//887
f 886//886 976//976 888//888
f 889//889 975//975 977//977
f 888//888 978//978 890//890
f 889//889 979//979 891//891
f 892//892 978//978 980//980
f 893//893 979//979 981//981
f 795//795 980//980 982//982
f 893//893 983//983 797//797
f 796//796 982//982 984//984
f 798//798 983//983 985//985
f 796//796 986//986 799//799
f 800//800 985//985 987//987
f 801//801 986//986 988//988
f 802//802 987//987 989//989
f 803//803 988//988 990//990
f 802//802 991//991 804//804
f 803//803 992//992 805//805
f 894//894 993//993 896//896
f 897//897 994//994 995//995
f 896//896 996//996 898//898
f 899//899 995//995 997//997
f 900//900 996//996 998//998
f 899//899 999//999 901//901
f 900//900 1000//1000 902//902
f 901//901 1001//1001 903//903
f 904//904 1000//1000 1002//1002
f 903//903 1003//1003 905//905
f 904//904 1004//1004 906//906
f 907//907 1003//1003 1005//1005
f 906//906 1006//1006 908//908
f 907//907 1007//1007 909//909
f 910//910 1006//1006 1008//1008
f 911//911 1007//1007 1009//1009
f 910//910 1010//1010 912//912
f 911//911 1011//1011 913//913
f 914//914 1010//1010 1012//1012
f 913//913 1013//1013 915//915
f 914//914 1014//1014 916//916
f 917//917 1013//1013 1015//1015
f 916//916 1016//1016 918//918
f 919//919 1015//1015 1017//1017
f 918//918 1018//1018 920//920
f 921//921 1017//1017 1019//1019
f 920//920 1020//1020 922//922
f 923//923 1019//1019 1021//1021
f 924//924 1020//1020 1022//1022
f 925//925 1021//1021 1023//1023
f 926//926 1022//1022 1024//1024
f 927//927 1023//1023 1025//1025
f 928//928 1024//1024 1026//1026
f 929//929 1025//1025 1027//1027
f 928//928 1028//1028 930//930
f 931//931 1027//1027 1029//1029
f 932//932 1028//1028 1030//1030
f 931//931 1031//1031 933//933
f 932//932 1032//1032 934//934
f 935//935 1031//1031 1033//1033
f 934//934 1034//1034 936//936
f 935//935 1035//1035 937//937
f 936//936 1036//1036 938//938
f 937//937 1037//1037 939//939
f 938//938 1038//1038 940//940
f 939//939 1039//1039 941//941
f 942//942 1038//1038 1040//1040
f 941//941 1041//1041 943//943
f 942//942 1042//1042 944//944
f 943//943 1043//1043 945//945
f 946//946 1042//1042 1044//1044
f 945//945 1045//1045 947//947
f 948//948 1044//1044 1046//1046
f 949//949 1045//1045 1047//1047
f 948//948 1048//1048 950//950
f 949//949 1049//1049 951//951
f 952//952 1048//1048 1050//1050
f 951//951 1051//1051 953//953
f 954//954 1050//1050 1052//1052
f 953//953 1053//1053 955//955
f 954//954 1054//1054 956//956
f 955//955 1053//1053 63//63
f 957//957 1054//1054 1055//1055
f 957//957 1056//1056 958//958
f 959//959 1056//1056 1057//1057
f 960//960 1057//1057 1058//1058
f 961//961 73//73 1059//1059
f 962//962 1058//1058 1060//1060
f 961//961 1061//1061 963//963
f 962//962 1062//1062 964//964
f 963//963 1063//1063 965//965
f 964//964 1064//1064 966//966
f 967//967 1063//1063 1065//1065
f 968//968 1064//1064 1066//1066
f 967//967 1067//1067 969//969
f 968//968 1068//1068 970//970
f 971//971 1067//1067 1069//1069
f 970//970 1070//1070 972//972
f 973//973 1069//1069 1071//1071
f 974//974 1070//1070 1072//1072
f 975//975 1071//1071 1073//1073
f 974//974 1074//1074 976//976
f 977//977 1073//1073 1075//1075
f 976//976 1076//1076 978//978
f 979//979 1075//1075 1077//1077
f 980//980 1076//1076 1078//1078
f 981//981 1077//1077 1079//1079
f 980//980 1080//1080 982//982
f 981//981 1081//1081 983//983
f 984//984 1080//1080 1082//1082
f 985//985 1081//1081 1083//1083
f 984//984 1084//1084 986//986
f 985//985 1085//1085 987//987
f 988//988 1084//1084 1086//1086
f 987//987 1087//1087 989//989
f 988//988 1088//1088 990//990
f 991//991 1087//1087 1089//1089
f 990//990 1090//1090 992//992
f 894//894 1089//1089 1091//1091
f 992//992 994//994 895//895
f 1001//1001 1092//1092 1003//1003
f 1002//1002 1093//1093 1004//1004
f 1003//1003 1094//1094 1005//1005
f 1004//1004 1095//1095 1006//1006
f 1005//1005 1096//1096 1007//1007
f 1008//1008 1095//1095 1097//1097
f 1009//1009 1096//1096 1098//1098
f 1008//1008 1099//1099 1010//1010
f 1011//1011 1098//1098 1100//1100
f 1012//1012 1099//1099 1101//1101
f 1011//1011 1102//1102 1013//1013
f 1012//1012 1103//1103 1014//1014
f 1015//1015 1102//1102 1104//1104
f 1014//1014 1105//1105 1016//1016
f 1015//1015 1106//1106 1017//1017
f 1016//1016 1107//1107 1018//1018
f 1017//1017 1108//1108 1019//1019
f 1018//1018 1109//1109 1020//1020
f 1019//1019 1110//1110 1021//1021
f 1022//1022 1109//1109 1111//1111
f 1023//1023 1110//1110 1112//1112
f 1024//1024 1111//1111 1113//1113
f 1025//1025 1112//1112 1114//1114
f 1024//1024 1115//1115 1026//1026
f 1027//1027 1114//1114 1116//1116
f 1026//1026 1117//1117 1028//1028
f 1027//1027 1118//1118 1029//1029
f 1030//1030 1117//1117 1119//1119
f 1029//1029 1120//1120 1031//1031
f 1030//1030 1121//1121 1032//1032
f 1033//1033 1120//1120 1122//1122
f 1032//1032 1123//1123 1034//1034
f 1033//1033 1124//1124 1035//1035
f 1034//1034 1125//1125 1036//1036
f 1037//1037 1124//1124 1126//1126
f 1038//1038 1125//1125 1127//1127
f 1039//1039 1126//1126 1128//1128
f 1040//1040 1127//1127 1129//1129
f 1039//1039 1130//1130 1041//1041
f 1040//1040 1131//1131 1042//1042
f 1043//1043 1130//1130 1132//1132
f 1044//1044 1131//1131 1133//1133
f 1043//1043 1134//1134 1045//1045
f 1046//1046 1133//1133 1135//1135
f 1047//1047 1134//1134 1136//1136
f 1046//1046 1137//1137 1048//1048
f 1047//1047 1138//1138 1049//1049
f 1050//1050 1137//1137 1139//1139
f 1051//1051 1138//1138 1140//1140
f 1052//1052 1139//1139 1141//1141
f 1053//1053 1140//1140 1142//1142
f 1052//1052 1143//1143 1054//1054
f 1053//1053 1142//1142 63//63
f 1054//1054 1144//1144 1055//1055
f 1055//1055 1145//1145 1056//1056
f 1057//1057 1145//1145 1146//1146
f 1058//1058 1146//1146 1147//1147
f 1059//1059 73//73 1148//1148
f 1060//1060 1147//1147 1149//1149
f 1061//1061 1148//1148 1150//1150
f 1060//1060 1151//1151 1062//1062
f 1061//1061 1152//1152 1063//1063
f 1062//1062 1153//1153 1064//1064
f 1065//1065 1152//1152 1154//1154
f 1066//1066 1153//1153 1155//1155
f 1065//1065 1156//1156 1067//1067
f 1066//1066 1157//1157 1068//1068
f 1067//1067 1158//1158 1069//1069
f 1068//1068 1159//1159 1070//1070
f 1069//1069 1160//1160 1071//1071
f 1072//1072 1159//1159 1161//1161
f 1073//1073 1160//1160 1162//1162
f 1072//1072 1163//1163 1074//1074
f 1073//1073 1164//1164 1075//1075
f 1076//1076 1163//1163 1165//1165
f 1075//1075 1166//1166 1077//1077
f 1078//1078 1165//1165 1167//1167
f 1079//1079 1166//1166 1168//1168
f 1080//1080 1167//1167 1169//1169
f 1079//1079 1170//1170 1081//1081
f 1082//1082 1169//1169 1171//1171
f 1083//1083 1170//1170 1172//1172
f 1082//1082 1173//1173 1084//1084
f 1085//1085 1172//1172 1174//1174
f 1086//1086 1173//1173 1175//1175
f 1085//1085 1176//1176 1087//1087
f 1086//1086 1177//1177 1088//1088
f 1087//1087 1178//1178 1089//1089
f 1088//1088 1179//1179 1090//1090
f 1091//1091 1178//1178 1180//1180
f 1090//1090 1181//1181 994//994
f 993//993 1180//1180 1182//1182
f 994//994 1183//1183 995//995
f 993//993 1184//1184 996//996
f 997//997 1183//1183 1185//1185
f 996//996 1186//1186 998//998
f 997//997 1187//1187 999//999
f 998//998 1188//1188 1000//1000
f 999//999 1189//1189 1001//1001
f 1002//1002 1188//1188 1190//1190
f 1100//1100 1191//1191 1102//1102
f 1103//1103 1192//1192 1193//1193
f 1104//1104 1191//1191 1194//1194
f 1105//1105 1193//1193 1195//1195
f 1104//1104 1196//1196 1106//1106
f 1105//1105 1197//1197 1107//1107
f 1106//1106 1198//1198 1108//1108
f 1107//1107 1199//1199 1109//1109
f 1110//1110 1198//1198 1200//1200
f 1111//1111 1199//1199 1201//1201
f 1110//1110 1202//1202 1112//1112
f 1113//1113 1201//1201 1203//1203
f 1112//1112 1204//1204 1114//1114
f 1115//1115 1203//1203 1205//1205
f 1116//1116 1204//1204 1206//1206
f 1115//1115 1207//1207 1117//1117
f 1116//1116 1208//1208 1118//1118
f 1119//1119 1207//1207 1209//1209
f 1118//1118 1210//1210 1120//1120
f 1119//1119 1211//1211 1121//1121
f 1122//1122 1210//1210 1212//1212
f 1121//1121 1213//1213 1123//1123
f 1122//1122 1214//1214 1124//1124
f 1123//1123 1215//1215 1125//1125
f 1126//1126 1214//1214 1216//1216
f 1125//1125 1217//1217 1127//1127
f 1128//1128 1216//1216 1218//1218
f 1129//1129 1217//1217 1219//1219
f 1128//1128 1220//1220 1130//1130
f 1131//1131 1219//1219 1221//1221
f 1132//1132 1220//1220 1222//1222
f 1133//1133 1221//1221 1223//1223
f 1132//1132 1224//1224 1134//1134
f 1135//1135 1223//1223 1225//1225
f 1136//1136 1224//1224 1226//1226
f 1135//1135 1227//1227 1137//1137
f 1138//1138 1226//1226 1228//1228
f 1139//1139 1227//1227 1229//1229
f 1140//1140 1228//1228 1230//1230
f 1141//1141 1229//1229 1231//1231
f 1142//1142 1230//1230 1232//1232
f 1141//1141 1233//1233 1143//1143
f 1142//1142 1232//1232 63//63
f 1144//1144 1233//1233 1234//1234
f 1144//1144 1235//1235 1145//1145
f 1146//1146 1235//1235 1236//1236
f 1146//1146 1237//1237 1147//1147
f 1148//1148 73//73 1238//1238
f 1149//1149 1237//1237 1239//1239
f 1150//1150 1238//1238 1240//1240
f 1149//1149 1241//1241 1151//1151
f 1150//1150 1242//1242 1152//1152
f 1151//1151 1243//1243 1153//1153
f 1152//1152 1244//1244 1154//1154
f 1155//1155 1243//1243 1245//1245
f 1154//1154 1246//1246 1156//1156
f 1155//1155 1247//1247 1157//1157
f 1158//1158 1246//1246 1248//1248
f 1157//1157 1249//1249 1159//1159
f 1158//1158 1250//1250 1160//1160
f 1161//1161 1249//1249 1251//1251
f 1162//1162 1250//1250 1252//1252
f 1163//1163 1251//1251 1253//1253
f 1162//1162 1254//1254 1164//1164
f 1165//1165 1253//1253 1255//1255
f 1164//1164 1256//1256 1166//1166
f 1165//1165 1257//1257 1167//1167
f 1168//1168 1256//1256 1258//1258
f 1169//1169 1257//1257 1259//1259
f 1168//1168 1260//1260 1170//1170
f 1171//1171 1259//1259 1261//1261
f 1172//1172 1260//1260 1262//1262
f 1171//1171 1263//1263 1173//1173
f 1174//1174 1262//1262 1264//1264
f 1175//1175 1263//1263 1265//1265
f 1174//1174 1266//1266 1176//1176
f 1177//1177 1265//1265 1267//1267
f 1178//1178 1266//1266 1268//1268
f 1177//1177 1269//1269 1179//1179
f 1180//1180 1268//1268 1270//1270
f 1179//1179 1271//1271 1181//1181
f 1182//1182 1270//1270 1272//1272
f 1183//1183 1271//1271 1273//1273
f 1184//1184 1272//1272 1274//1274
f 1185//1185 1273//1273 1275//1275
f 1186//1186 1274//1274 1276//1276
f 1185//1185 1277//1277 1187//1187
f 1186//1186 1278//1278 1188//1188
f 1187//1187 1279//1279 1189//1189
f 1188//1188 1280//1280 1190//1190
f 1092//1092 1279//1279 1281//1281
f 1190//1190 1282//1282 1093//1093
f 1094//1094 1281//1281 1283//1283
f 1093//1093 1284//1284 1095//1095
f 1094//1094 1285//1285 1096//1096
f 1097//1097 1284//1284 1286//1286
f 1098//1098 1285//1285 1287//1287
f 1097//1097 1288//1288 1099//1099
f 1098//1098 1289//1289 1100//1100
f 1099//1099 1192//1192 1101//1101
f 1201//1201 1290//1290 1291//1291
f 1200//1200 1292//1292 1202//1202
f 1203//1203 1291//1291 1293//1293
f 1202//1202 1294//1294 1204//1204
f 1203//1203 1295//1295 1205//1205
f 1206//1206 1294//1294 1296//1296
f 1205//1205 1297//1297 1207//1207
f 1206//1206 1298//1298 1208//1208
f 1209//1209 1297//1297 1299//1299
f 1208//1208 1300//1300 1210//1210
f 1209//1209 1301//1301 1211//1211
f 1212//1212 1300//1300 1302//1302
f 1211//1211 1303//1303 1213//1213
f 1212//1212 1304//1304 1214//1214
f 1213//1213 1305//1305 1215//1215
f 1216//1216 1304//1304 1306//1306
f 1215//1215 1307//1307 1217//1217
f 1218//1218 1306//1306 1308//1308
f 1219//1219 1307//1307 1309//1309
f 1218//1218 1310//1310 1220//1220
f 1219//1219 1311//1311 1221//1221
f 1222//1222 1310//1310 1312//1312
f 1223//1223 1311//1311 1313//1313
f 1222//1222 1314//1314 1224//1224
f 1225//1225 1313//1313 1315//1315
f 1226//1226 1314//1314 1316//1316
f 1225//1225 1317//1317 1227//1227
f 1226//1226 1318//1318 1228//1228
f 1229//1229 1317//1317 1319//1319
f 1228//1228 1320//1320 1230//1230
f 1229//1229 1321//1321 1231//1231
f 1230//1230 1322//1322 1232//1232
f 1231//1231 1323//1323 1233//1233
f 1232//1232 1322//1322 63//63
f 1234//1234 1323//1323 1324//1324
f 1234//1234 1325//1325 1235//1235
f 1236//1236 1325//1325 1326//1326
f 1236//1236 1327//1327 1237//1237
f 1238//1238 73//73 1328//1328
f 1239//1239 1327//1327 1329//1329
f 1238//1238 1330//1330 1240//1240
f 1241//1241 1329//1329 1331//1331
f 1242//1242 1330//1330 1332//1332
f 1241//1241 1333//1333 1243//1243
f 1244//1244 1332//1332 1334//1334
f 1245//1245 1333//1333 1335//1335
f 1244//1244 1336//1336 1246//1246
f 1245//1245 1337//1337 1247//1247
f 1248//1248 1336//1336 1338//1338
f 1247//1247 1339//1339 1249//1249
f 1248//1248 1340//1340 1250//1250
f 1251//1251 1339//1339 1341//1341
f 1252//1252 1340//1340 1342//1342
f 1251//1251 1343//1343 1253//1253
f 1252//1252 1344//1344 1254//1254
f 1255//1255 1343//1343 1345//1345
f 1254//1254 1346//1346 1256//1256
f 1257//1257 1345//1345 1347//1347
f 1258//1258 1346//1346 1348//1348
f 1259//1259 1347//1347 1349//1349
f 1258//1258 1350//1350 1260//1260
f 1261//1261 1349//1349 1351//1351
f 1262//1262 1350//1350 1352//1352
f 1261//1261 1353//1353 1263//1263
f 1264//1264 1352//1352 1354//1354
f 1265//1265 1353//1353 1355//1355
f 1264//1264 1356//1356 1266//1266
f 1265//1265 1357//1357 1267//1267
f 1266//1266 1358//1358 1268//1268
f 1267//1267 1359//1359 1269//1269
f 1270//1270 1358//1358 1360//1360
f 1269//1269 1361//1361 1271//1271
f 1270//1270 1362//1362 1272//1272
f 1273//1273 1361//1361 1363//1363
f 1274//1274 1362//1362 1364//1364
f 1275//1275 1363//1363 1365//1365
f 1276//1276 1364//1364 1366//1366
f 1275//1275 1367//1367 1277//1277
f 1276//1276 1368//1368 1278//1278
f 1277//1277 1369//1369 1279//1279
f 1280//1280 1368//1368 1370//1370
f 1279//1279 1371//1371 1281//1281
f 1280//1280 1372//1372 1282//1282
f 1281//1281 1373//1373 1283//1283
f 1282//1282 1374//1374 1284//1284
f 1283//1283 1375//1375 1285//1285
f 1286//1286 1374//1374 1376//1376
f 1287//1287 1375//1375 1377//1377
f 1286//1286 1378//1378 1288//1288
f 1287//1287 1379//1379 1289//1289
f 1192//1192 1378//1378 1380//1380
f 1289//1289 1381//1381 1191//1191
f 1192//1192 1382//1382 1193//1193
f 1194//1194 1381//1381 1383//1383
f 1195//1195 1382//1382 1384//1384
f 1196//1196 1383//1383 1385//1385
f 1195//1195 1386//1386 1197//1197
f 1196//1196 1387//1387 1198//1198
f 1197//1197 1290//1290 1199//1199
f 1200//1200 1387//1387 1388//1388
f 1298//1298 1389//1389 1300//1300
f 1299//1299 1390//1390 1301//1301
f 1302//1302 1389//1389 1391//1391
f 1301//1301 1392//1392 1303//1303
f 1302//1302 1393//1393 1304//1304
f 1303//1303 1394//1394 1305//1305
f 1306//1306 1393//1393 1395//1395
f 1305//1305 1396//1396 1307//1307
f 1308//1308 1395//1395 1397//1397
f 1309//1309 1396//1396 1398//1398
f 1308//1308 1399//1399 1310//1310
f 1309//1309 1400//1400 1311//1311
f 1310//1310 1401//1401 1312//1312
f 1313//1313 1400//1400 1402//1402
f 1312//1312 1403//1403 1314//1314
f 1315//1315 1402//1402 1404//1404
f 1316//1316 1403//1403 1405//1405
f 1315//1315 1406//1406 1317//1317
f 1316//1316 1407//1407 1318//1318
f 1319//1319 1406//1406 1408//1408
f 1320//1320 1407//1407 1409//1409
f 1319//1319 1410//1410 1321//1321
f 1322//1322 1409//1409 1411//1411
f 1321//1321 1412//1412 1323//1323
f 1322//1322 1411//1411 63//63
f 1324//1324 1412//1412 1413//1413
f 1324//1324 1414//1414 1325//1325
f 1326//1326 1414//1414 1415//1415
f 1326//1326 1416//1416 1327//1327
f 1328//1328 73//73 1417//1417
f 1329//1329 1416//1416 1418//1418
f 1328//1328 1419//1419 1330//1330
f 1331//1331 1418//1418 1420//1420
f 1330//1330 1421//1421 1332//1332
f 1331//1331 1422//1422 1333//1333
f 1334//1334 1421//1421 1423//1423
f 1335//1335 1422//1422 1424//1424
f 1334//1334 1425//1425 1336//1336
f 1335//1335 1426//1426 1337//1337
f 1338//1338 1425//1425 1427//1427
f 1337//1337 1428//1428 1339//1339
f 1338//1338 1429//1429 1340//1340
f 1341//1341 1428//1428 1430//1430
f 1342//1342 1429//1429 1431//1431
f 1341//1341 1432//1432 1343//1343
f 1342//1342 1433//1433 1344//1344
f 1345//1345 1432//1432 1434//1434
f 1344//1344 1435//1435 1346//1346
f 1347//1347 1434//1434 1436//1436
f 1348//1348 1435//1435 1437//1437
f 1349//1349 1436//1436 1438//1438
f 1348//1348 1439//1439 1350//1350
f 1351//1351 1438//1438 1440//1440
f 1352//1352 1439//1439 1441//1441
f 1351//1351 1442//1442 1353//1353
f 1354//1354 1441//1441 1443//1443
f 1355//1355 1442//1442 1444//1444
f 1354//1354 1445//1445 1356//1356
f 1355//1355 1446//1446 1357//1357
f 1358//1358 1445//1445 1447//1447
f 1357//1357 1448//1448 1359//1359
f 1360//1360 1447//1447 1449//1449
f 1359//1359 1450//1450 1361//1361
f 1360//1360 1451//1451 1362//1362
f 1361//1361 1452//1452 1363//1363
f 1364//1364 1451//1451 1453//1453
f 1365//1365 1452//1452 1454//1454
f 1364//1364 1455//1455 1366//1366
f 1365//1365 1456//1456 1367//1367
f 1366//1366 1457//1457 1368//1368
f 1367//1367 1458//1458 1369//1369
f 1368//1368 1459//1459 1370//1370
f 1371//1371 1458//1458 1460//1460
f 1370//1370 1461//1461 1372//1372
f 1373//1373 1460//1460 1462//1462
f 1372//1372 1463//1463 1374//1374
f 1373//1373 1464//1464 1375//1375
f 1376//1376 1463//1463 1465//1465
f 1377//1377 1464//1464 1466//1466
f 1378//1378 1465//1465 1467//1467
f 1379//1379 1466//1466 1468//1468
f 1378//1378 1469//1469 1380//1380
f 1379//1379 1470//1470 1381//1381
f 1380//1380 1471//1471 1382//1382
f 1383//1383 1470//1470 1472//1472
f 1382//1382 1473//1473 1384//1384
f 1385//1385 1472//1472 1474//1474
f 1384//1384 1475//1475 1386//1386
f 1385//1385 1476//1476 1387//1387
f 1386//1386 1477//1477 1290//1290
f 1388//1388 1476//1476 1478//1478
f 1291//1291 1477//1477 1479//1479
f 1388//1388 1480//1480 1292//1292
f 1291//1291 1481//1481 1293//1293
f 1292//1292 1482//1482 1294//1294
f 1293//1293 1483//1483 1295//1295
f 1296//1296 1482//1482 1484//1484
f 1295//1295 1485//1485 1297//1297
f 1296//1296 1486//1486 1298//1298
f 1299//1299 1485//1485 1487//1487
f 1398//1398 1488//1488 1489//1489
f 1397//1397 1490//1490 1399//1399
f 1398//1398 1491//1491 1400//1400
f 1399//1399 1492//1492 1401//1401
f 1402//1402 1491//1491 1493//1493
f 1401//1401 1494//1494 1403//1403
f 1402//1402 1495//1495 1404//1404
f 1405//1405 1494//1494 1496//1496
f 1404//1404 1497//1497 1406//1406
f 1405//1405 1498//1498 1407//1407
f 1408//1408 1497//1497 1499//1499
f 1407//1407 1500//1500 1409//1409
f 1408//1408 1501//1501 1410//1410
f 1409//1409 1502//1502 1411//1411
f 1410//1410 1503//1503 1412//1412
f 1411//1411 1502//1502 63//63
f 1412//1412 1504//1504 1413//1413
f 1413//1413 1505//1505 1414//1414
f 1415//1415 1505//1505 1506//1506
f 1416//1416 1506//1506 1507//1507
f 1417//1417 73//73 1508//1508
f 1418//1418 1507//1507 1509//1509
f 1417//1417 1510//1510 1419//1419
f 1420//1420 1509//1509 1511//1511
f 1419//1419 1512//1512 1421//1421
f 1420//1420 1513//1513 1422//1422
f 1421//1421 1514//1514 1423//1423
f 1424//1424 1513//1513 1515//1515
f 1423//1423 1516//1516 1425//1425
f 1426//1426 1515//1515 1517//1517
f 1427//1427 1516//1516 1518//1518
f 1426//1426 1519//1519 1428//1428
f 1427//1427 1520//1520 1429//1429
f 1430//1430 1519//1519 1521//1521
f 1429//1429 1522//1522 1431//1431
f 1430//1430 1523//1523 1432//1432
f 1431//1431 1524//1524 1433//1433
f 1434//1434 1523//1523 1525//1525
f 1435//1435 1524//1524 1526//1526
f 1436//1436 1525//1525 1527//1527
f 1437//1437 1526//1526 1528//1528
f 1438//1438 1527//1527 1529//1529
f 1437//1437 1530//1530 1439//1439
f 1440//1440 1529//1529 1531//1531
f 1441//1441 1530//1530 1532//1532
f 1440//1440 1533//1533 1442//1442
f 1443//1443 1532//1532 1534//1534
f 1444//1444 1533//1533 1535//1535
f 1443//1443 1536//1536 1445//1445
f 1446//1446 1535//1535 1537//1537
f 1445//1445 1538//1538 1447//1447
f 1448//1448 1537//1537 1539//1539
f 1447//1447 1540//1540 1449//1449
f 1448//1448 1541//1541 1450//1450
f 1449//1449 1542//1542 1451//1451
f 1450//1450 1543//1543 1452//1452
f 1453//1453 1542//1542 1544//1544
f 1454//1454 1543//1543 1545//1545
f 1453//1453 1546//1546 1455//1455
f 1456//1456 1545//1545 1547//1547
f 1455//1455 1548//1548 1457//1457
f 1456//1456 1549//1549 1458//1458
f 1459//1459 1548//1548 1550//1550
f 1460//1460 1549//1549 1551//1551
f 1459//1459 1552//1552 1461//1461
f 1460//1460 1553//1553 1462//1462
f 1461//1461 1554//1554 1463//1463
f 1462//1462 1555//1555 1464//1464
f 1465//1465 1554//1554 1556//1556
f 1466//1466 1555//1555 1557//1557
f 1467//1467 1556//1556 1558//1558
f 1468//1468 1557//1557 1559//1559
f 1467//1467 1560//1560 1469//1469
f 1468//1468 1561//1561 1470//1470
f 1471//1471 1560//1560 1562//1562
f 1472//1472 1561//1561 1563//1563
f 1471//1471 1564//1564 1473//1473
f 1474//1474 1563//1563 1565//1565
f 1473//1473 1566//1566 1475//1475
f 1474//1474 1567//1567 1476//1476
f 1477//1477 1566//1566 1568//1568
f 1478//1478 1567//1567 1569//1569
f 1479//1479 1568//1568 1570//1570
f 1478//1478 1571//1571 1480//1480
f 1479//1479 1572//1572 1481//1481
f 1482//1482 1571//1571 1573//1573
f 1483//1483 1572//1572 1574//1574
f 1484//1484 1573//1573 1575//1575
f 1483//1483 1576//1576 1485//1485
f 1484//1484 1577//1577 1486//1486
f 1487//1487 1576//1576 1578//1578
f 1486//1486 1579//1579 1389//1389
f 1487//1487 1580//1580 1390//1390
f 1391//1391 1579//1579 1581//1581
f 1390//1390 1582//1582 1392//1392
f 1391//1391 1583//1583 1393//1393
f 1392//1392 1584//1584 1394//1394
f 1393//1393 1585//1585 1395//1395
f 1394//1394 1488//1488 1396//1396
f 1397//1397 1585//1585 1586//1586
f 1496//1496 1587//1587 1498//1498
f 1499//1499 1588//1588 1589//1589
f 1500//1500 1587//1587 1590//1590
f 1499//1499 1591//1591 1501//1501
f 1500//1500 1592//1592 1502//1502
f 1501//1501 1593//1593 1503//1503
f 1502//1502 1592//1592 63//63
f 1503//1503 1594//1594 1504//1504
f 1504//1504 1595//1595 1505//1505
f 1506//1506 1595//1595 1596//1596
f 1506//1506 1597//1597 1507//1507
f 1508//1508 73//73 1598//1598
f 1509//1509 1597//1597 1599//1599
f 1508//1508 1600//1600 1510//1510
f 1511//1511 1599//1599 1601//1601
f 1510//1510 1602//1602 1512//1512
f 1511//1511 1603//1603 1513//1513
f 1512//1512 1604//1604 1514//1514
f 1515//1515 1603//1603 1605//1605
f 1514//1514 1606//1606 1516//1516
f 1515//1515 1607//1607 1517//1517
f 1518//1518 1606//1606 1608//1608
f 1517//1517 1609//1609 1519//1519
f 1518//1518 1610//1610 1520//1520
f 1521//1521 1609//1609 1611//1611
f 1522//1522 1610//1610 1612//1612
f 1521//1521 1613//1613 1523//1523
f 1522//1522 1614//1614 1524//1524
f 1525//1525 1613//1613 1615//1615
f 1524//1524 1616//1616 1526//1526
f 1527//1527 1615//1615 1617//1617
f 1528//1528 1616//1616 1618//1618
f 1529//1529 1617//1617 1619//1619
f 1528//1528 1620//1620 1530//1530
f 1531//1531 1619//1619 1621//1621
f 1532//1532 1620//1620 1622//1622
f 1531//1531 1623//1623 1533//1533
f 1534//1534 1622//1622 1624//1624
f 1535//1535 1623//1623 1625//1625
f 1534//1534 1626//1626 1536//1536
f 1535//1535 1627//1627 1537//1537
f 1536//1536 1628//1628 1538//1538
f 1539//1539 1627//1627 1629//1629
f 1540//1540 1628//1628 1630//1630
f 1539//1539 1631//1631 1541//1541
f 1540//1540 1632//1632 1542//1542
f 1541//1541 1633//1633 1543//1543
f 1544//1544 1632//1632 1634//1634
f 1545//1545 1633//1633 1635//1635
f 1544//1544 1636//1636 1546//1546
f 1547//1547 1635//1635 1637//1637
f 1546//1546 1638//1638 1548//1548
f 1547//1547 1639//1639 1549//1549
f 1550//1550 1638//1638 1640//1640
f 1551//1551 1639//1639 1641//1641
f 1550//1550 1642//1642 1552//1552
f 1551//1551 1643//1643 1553//1553
f 1552//1552 1644//1644 1554//1554
f 1553//1553 1645//1645 1555//1555
f 1556//1556 1644//1644 1646//1646
f 1557//1557 1645//1645 1647//1647
f 1556//1556 1648//1648 1558//1558
f 1559//1559 1647//1647 1649//1649
f 1558//1558 1650//1650 1560//1560
f 1559//1559 1651//1651 1561//1561
f 1562//1562 1650//1650 1652//1652
f 1563//1563 1651//1651 1653//1653
f 1562//1562 1654//1654 1564//1564
f 1565//1565 1653//1653 1655//1655
f 1564//1564 1656//1656 1566//1566
f 1565//1565 1657//1657 1567//1567
f 1568//1568 1656//1656 1658//1658
f 1567//1567 1659//1659 1569//1569
f 1570//1570 1658//1658 1660//1660
f 1569//1569 1661//1661 1571//1571
f 1572//1572 1660//1660 1662//1662
f 1573//1573 1661//1661 1663//1663
f 1574//1574 1662//1662 1664//1664
f 1575//1575 1663//1663 1665//1665
f 1574//1574 1666//1666 1576//1576
f 1575//1575 1667//1667 1577//1577
f 1578//1578 1666//1666 1668//1668
f 1577//1577 1669//1669 1579//1579
f 1578//1578 1670//1670 1580//1580
f 1581//1581 1669//1669 1671//1671
f 1580//1580 1672//1672 1582//1582
f 1581//1581 1673//1673 1583//1583
f 1582//1582 1674//1674 1584//1584
f 1585//1585 1673//1673 1675//1675
f 1584//1584 1676//1676 1488//1488
f 1586//1586 1675//1675 1677//1677
f 1489//1489 1676//1676 1678//1678
f 1586//1586 1679//1679 1490//1490
f 1489//1489 1680//1680 1491//1491
f 1492//1492 1679//1679 1681//1681
f 1493//1493 1680//1680 1682//1682
f 1492//1492 1683//1683 1494//1494
f 1495//1495 1682//1682 1684//1684
f 1496//1496 1683//1683 1685//1685
f 1495//1495 1588//1588 1497//1497
f 1596//1596 1686//1686 1687//1687
f 1597//1597 1687//1687 1688//1688
f 1598//1598 73//73 1689//1689
f 1599//1599 1688//1688 1690//1690
f 1598//1598 1691//1691 1600//1600
f 1601//1601 1690//1690 1692//1692
f 1602//1602 1691//1691 1693//1693
f 1601//1601 1694//1694 1603//1603
f 1602//1602 1695//1695 1604//1604
f 1605//1605 1694//1694 1696//1696
f 1604//1604 1697//1697 1606//1606
f 1605//1605 1698//1698 1607//1607
f 1606//1606 1699//1699 1608//1608
f 1607//1607 1700//1700 1609//1609
f 1608//1608 1701//1701 1610//1610
f 1611//1611 1700//1700 1702//1702
f 1612//1612 1701//1701 1703//1703
f 1611//1611 1704//1704 1613//1613
f 1612//1612 1705//1705 1614//1614
f 1615//1615 1704//1704 1706//1706
f 1614//1614 1707//1707 1616//1616
f 1617//1617 1706//1706 1708//1708
f 1618//1618 1707//1707 1709//1709
f 1617//1617 1710//1710 1619//1619
f 1618//1618 1711//1711 1620//1620
f 1621//1621 1710//1710 1712//1712
f 1622//1622 1711//1711 1713//1713
f 1621//1621 1714//1714 1623//1623
f 1624//1624 1713//1713 1715//1715
f 1625//1625 1714//1714 1716//1716
f 1624//1624 1717//1717 1626//1626
f 1625//1625 1718//1718 1627//1627
f 1626//1626 1719//1719 1628//1628
f 1629//1629 1718//1718 1720//1720
f 1628//1628 1721//1721 1630//1630
f 1629//1629 1722//1722 1631//1631
f 1632//1632 1721//1721 1723//1723
f 1631//1631 1724//1724 1633//1633
f 1634//1634 1723//1723 1725//1725
f 1635//1635 1724//1724 1726//1726
f 1636//1636 1725//1725 1727//1727
f 1637//1637 1726//1726 1728//1728
f 1636//1636 1729//1729 1638//1638
f 1637//1637 1730//1730 1639//1639
f 1640//1640 1729//1729 1731//1731
f 1639//1639 1732//1732 1641//1641
f 1640//1640 1733//1733 1642//1642
f 1641//1641 1734//1734 1643//1643
f 1642//1642 1735//1735 1644//1644
f 1643//1643 1736//1736 1645//1645
f 1646//1646 1735//1735 1737//1737
f 1647//1647 1736//1736 1738//1738
f 1648//1648 1737//1737 1739//1739
f 1649//1649 1738//1738 1740//1740
f 1650//1650 1739//1739 1741//1741
f 1649//1649 1742//1742 1651//1651
f 1650//1650 1743//1743 1652//1652
f 1653//1653 1742//1742 1744//1744
f 1652//1652 1745//1745 1654//1654
f 1653//1653 1746//1746 1655//1655
f 1654//1654 1747//1747 1656//1656
f 1655//1655 1748//1748 1657//1657
f 1658//1658 1747//1747 1749//1749
f 1657//1657 1750//1750 1659//1659
f 1660//1660 1749//1749 1751//1751
f 1659//1659 1752//1752 1661//1661
f 1660//1660 1753//1753 1662//1662
f 1663//1663 1752//1752 1754//1754
f 1664//1664 1753//1753 1755//1755
f 1665//1665 1754//1754 1756//1756
f 1664//1664 1757//1757 1666//1666
f 1665//1665 1758//1758 1667//1667
f 1668//1668 1757//1757 1759//1759
f 1667//1667 1760//1760 1669//1669
f 1668//1668 1761//1761 1670//1670
f 1671//1671 1760//1760 1762//1762
f 1672//1672 1761//1761 1763//1763
f 1671//1671 1764//1764 1673//1673
f 1672//1672 1765//1765 1674//1674
f 1675//1675 1764//1764 1766//1766
f 1674//1674 1767//1767 1676//1676
f 1675//1675 1768//1768 1677//1677
f 1678//1678 1767//1767 1769//1769
f 1677//1677 1770//1770 1679//1679
f 1678//1678 1771//1771 1680//1680
f 1681//1681 1770//1770 1772//1772
f 1682//1682 1771//1771 1773//1773
f 1683//1683 1772//1772 1774//1774
f 1684//1684 1773//1773 1775//1775
f 1685//1685 1774//1774 1776//1776
f 1684//1684 1777//1777 1588//1588
f 1685//1685 1778//1778 1587//1587
f 1589//1589 1777//1777 1779//1779
f 1587//1587 1780//1780 1590//1590
f 1589//1589 1781//1781 1591//1591
f 1590//1590 1782//1782 1592//1592
f 1591//1591 1783//1783 1593//1593
f 1592//1592 1782//1782 63//63
f 1593//1593 1784//1784 1594//1594
f 1594//1594 1686//1686 1595//1595
f 1715//1715 1785//1785 1786//1786
f 1716//1716 1787//1787 1788//1788
f 1715//1715 1789//1789 1717//1717
f 1716//1716 1790//1790 1718//1718
f 1717//1717 1791//1791 1719//1719
f 1718//1718 1792//1792 1720//1720
f 1719//1719 1793//1793 1721//1721
f 1720//1720 1794//1794 1722//1722
f 1723//1723 1793//1793 1795//1795
f 1722//1722 1796//1796 1724//1724
f 1725//1725 1795//1795 1797//1797
f 1726//1726 1796//1796 1798//1798
f 1727//1727 1797//1797 1799//1799
f 1728//1728 1798//1798 1800//1800
f 1727//1727 1801//1801 1729//1729
f 1728//1728 1802//1802 1730//1730
f 1731//1731 1801//1801 1803//1803
f 1730//1730 1804//1804 1732//1732
f 1731//1731 1805//1805 1733//1733
f 1732//1732 1806//1806 1734//1734
f 1733//1733 1807//1807 1735//1735
f 1734//1734 1808//1808 1736//1736
f 1735//1735 1809//1809 1737//1737
f 1738//1738 1808//1808 1810//1810
f 1739//1739 1809//1809 1811//1811
f 1740//1740 1810//1810 1812//1812
f 1741//1741 1811//1811 1813//1813
f 1740//1740 1814//1814 1742//1742
f 1741//1741 1815//1815 1743//1743
f 1744//1744 1814//1814 1816//1816
f 1743//1743 1817//1817 1745//1745
f 1744//1744 1818//1818 1746//1746
f 1745//1745 1819//1819 1747//1747
f 1746//1746 1820//1820 1748//1748
f 1749//1749 1819//1819 1821//1821
f 1748//1748 1822//1822 1750//1750
f 1751//1751 1821//1821 1823//1823
f 1750//1750 1824//1824 1752//1752
f 1751//1751 1825//1825 1753//1753
f 1752//1752 1826//1826 1754//1754
f 1755//1755 1825//1825 1827//1827
f 1756//1756 1826//1826 1828//1828
f 1755//1755 1829//1829 1757//1757
f 1756//1756 1830//1830 1758//1758
f 1759//1759 1829//1829 1831//1831
f 1758//1758 1832//1832 1760//1760
f 1759//1759 1833//1833 1761//1761
f 1762//1762 1832//1832 1834//1834
f 1763//1763 1833//1833 1835//1835
f 1762//1762 1836//1836 1764//1764
f 1763//1763 1837//1837 1765//1765
f 1766//1766 1836//1836 1838//1838
f 1765//1765 1839//1839 1767//1767
f 1768//1768 1838//1838 1840//1840
f 1769//1769 1839//1839 1841//1841
f 1768//1768 1842//1842 1770//1770
f 1769//1769 1843//1843 1771//1771
f 1772//1772 1842//1842 1844//1844
f 1773//1773 1843//1843 1845//1845
f 1772//1772 1846//1846 1774//1774
f 1773//1773 1847//1847 1775//1775
f 1776//1776 1846//1846 1848//1848
f 1775//1775 1849//1849 1777//1777
f 1776//1776 1850//1850 1778//1778
f 1779//1779 1849//1849 1851//1851
f 1780//1780 1850//1850 1852//1852
f 1779//1779 1853//1853 1781//1781
f 1780//1780 1854//1854 1782//1782
f 1781//1781 1855//1855 1783//1783
f 1782//1782 1854//1854 63//63
f 1783//1783 1856//1856 1784//1784
f 1784//1784 1857//1857 1686//1686
f 1687//1687 1857//1857 1858//1858
f 1688//1688 1858//1858 1859//1859
f 1689//1689 73//73 1860//1860
f 1690//1690 1859//1859 1861//1861
f 1689//1689 1862//1862 1691//1691
f 1690//1690 1863//1863 1692//1692
f 1691//1691 1864//1864 1693//1693
f 1692//1692 1865//1865 1694//1694
f 1695//1695 1864//1864 1866//1866
f 1696//1696 1865//1865 1867//1867
f 1695//1695 1868//1868 1697//1697
f 1698//1698 1867//1867 1869//1869
f 1699//1699 1868//1868 1870//1870
f 1698//1698 1871//1871 1700//1700
f 1701//1701 1870//1870 1872//1872
f 1702//1702 1871//1871 1873//1873
f 1703//1703 1872//1872 1874//1874
f 1702//1702 1875//1875 1704//1704
f 1703//1703 1876//1876 1705//1705
f 1706//1706 1875//1875 1877//1877
f 1705//1705 1878//1878 1707//1707
f 1708//1708 1877//1877 1879//1879
f 1709//1709 1878//1878 1880//1880
f 1708//1708 1881//1881 1710//1710
f 1709//1709 1882//1882 1711//1711
f 1712//1712 1881//1881 1883//1883
f 1713//1713 1882//1882 1785//1785
f 1712//1712 1787//1787 1714//1714
f 1794//1794 1884//1884 1796//1796
f 1797//1797 1885//1885 1886//1886
f 1796//1796 1887//1887 1798//1798
f 1799//1799 1886//1886 1888//1888
f 1800//1800 1887//1887 1889//1889
f 1799//1799 1890//1890 1801//1801
f 1800//1800 1891//1891 1802//1802
f 1803//1803 1890//1890 1892//1892
f 1802//1802 1893//1893 1804//1804
f 1803//1803 1894//1894 1805//1805
f 1804//1804 1895//1895 1806//1806
f 1805//1805 1896//1896 1807//1807
f 1808//1808 1895//1895 1897//1897
f 1807//1807 1898//1898 1809//1809
f 1810//1810 1897//1897 1899//1899
f 1811//1811 1898//1898 1900//1900
f 1812//1812 1899//1899 1901//1901
f 1813//1813 1900//1900 1902//1902
f 1812//1812 1903//1903 1814//1814
f 1813//1813 1904//1904 1815//1815
f 1816//1816 1903//1903 1905//1905
f 1815//1815 1906//1906 1817//1817
f 1816//1816 1907//1907 1818//1818
f 1817//1817 1908//1908 1819//1819
f 1818//1818 1909//1909 1820//1820
f 1821//1821 1908//1908 1910//1910
f 1820//1820 1911//1911 1822//1822
f 1823//1823 1910//1910 1912//1912
f 1824//1824 1911//1911 1913//1913
f 1823//1823 1914//1914 1825//1825
f 1826//1826 1913//1913 1915//1915
f 1827//1827 1914//1914 1916//1916
f 1828//1828 1915//1915 1917//1917
f 1827//1827 1918//1918 1829//1829
f 1828//1828 1919//1919 1830//1830
f 1831//1831 1918//1918 1920//1920
f 1830//1830 1921//1921 1832//1832
f 1831//1831 1922//1922 1833//1833
f 1834//1834 1921//1921 1923//1923
f 1835//1835 1922//1922 1924//1924
f 1834//1834 1925//1925 1836//1836
f 1835//1835 1926//1926 1837//1837
f 1836//1836 1927//1927 1838//1838
f 1839//1839 1926//1926 1928//1928
f 1840//1840 1927//1927 1929//1929
f 1841//1841 1928//1928 1930//1930
f 1840//1840 1931//1931 1842//1842
f 1841//1841 1932//1932 1843//1843
f 1842//1842 1933//1933 1844//1844
f 1845//1845 1932//1932 1934//1934
f 1844//1844 1935//1935 1846//1846
f 1845//1845 1936//1936 1847//1847
f 1848//1848 1935//1935 1937//1937
f 1847//1847 1938//1938 1849//1849
f 1850//1850 1937//1937 1939//1939
f 1851//1851 1938//1938 1940//1940
f 1850//1850 1941//1941 1852//1852
f 1851//1851 1942//1942 1853//1853
f 1854//1854 1941//1941 1943//1943
f 1853//1853 1944//1944 1855//1855
f 1854//1854 1943//1943 63//63
f 1855//1855 1945//1945 1856//1856
f 1856//1856 1946//1946 1857//1857
f 1858//1858 1946//1946 1947//1947
f 1859//1859 1947//1947 1948//1948
f 1860//1860 73//73 1949//1949
f 1861//1861 1948//1948 1950//1950
f 1860//1860 1951//1951 1862//1862
f 1861//1861 1952//1952 1863//1863
f 1862//1862 1953//1953 1864//1864
f 1863//1863 1954//1954 1865//1865
f 1864//1864 1955//1955 1866//1866
f 1867//1867 1954//1954 1956//1956
f 1866//1866 1957//1957 1868//1868
f 1869//1869 1956//1956 1958//1958
f 1870//1870 1957//1957 1959//1959
f 1869//1869 1960//1960 1871//1871
f 1872//1872 1959//1959 1961//1961
f 1873//1873 1960//1960 1962//1962
f 1874//1874 1961//1961 1963//1963
f 1873//1873 1964//1964 1875//1875
f 1876//1876 1963//1963 1965//1965
f 1875//1875 1966//1966 1877//1877
f 1878//1878 1965//1965 1967//1967
f 1879//1879 1966//1966 1968//1968
f 1880//1880 1967//1967 1969//1969
f 1879//1879 1970//1970 1881//1881
f 1880//1880 1971//1971 1882//1882
f 1883//1883 1970//1970 1972//1972
f 1785//1785 1971//1971 1973//1973
f 1883//1883 1974//1974 1787//1787
f 1786//1786 1973//1973 1975//1975
f 1788//1788 1974//1974 1976//1976
f 1786//1786 1977//1977 1789//1789
f 1788//1788 1978//1978 1790//1790
f 1789//1789 1979//1979 1791//1791
f 1792//1792 1978//1978 1980//1980
f 1791//1791 1981//1981 1793//1793
f 1792//1792 1982//1982 1794//1794
f 1793//1793 1885//1885 1795//1795
f 1892//1892 1983//1983 1894//1894
f 1893//1893 1984//1984 1895//1895
f 1894//1894 1985//1985 1896//1896
f 1897//1897 1984//1984 1986//1986
f 1896//1896 1987//1987 1898//1898
f 1899//1899 1986//1986 1988//1988
f 1900//1900 1987//1987 1989//1989
f 1901//1901 1988//1988 1990//1990
f 1900//1900 1991//1991 1902//1902
f 1901//1901 1992//1992 1903//1903
f 1904//1904 1991//1991 1993//1993
f 1905//1905 1992//1992 1994//1994
f 1904//1904 1995//1995 1906//1906
f 1905//1905 1996//1996 1907//1907
f 1906//1906 1997//1997 1908//1908
f 1907//1907 1998//1998 1909//1909
f 1910//1910 1997//1997 1999//1999
f 1909//1909 2000//2000 1911//1911
f 1912//1912 1999//1999 2001//2001
f 1911//1911 2002//2002 1913//1913
f 1912//1912 2003//2003 1914//1914
f 1915//1915 2002//2002 2004//2004
f 1916//1916 2003//2003 2005//2005
f 1917//1917 2004//2004 2006//2006
f 1916//1916 2007//2007 1918//1918
f 1917//1917 2008//2008 1919//1919
f 1920//1920 2007//2007 2009//2009
f 1919//1919 2010//2010 1921//1921
f 1920//1920 2011//2011 1922//1922
f 1923//1923 2010//2010 2012//2012
f 1924//1924 2011//2011 2013//2013
f 1923//1923 2014//2014 1925//1925
f 1924//1924 2015//2015 1926//1926
f 1927//1927 2014//2014 2016//2016
f 1928//1928 2015//2015 2017//2017
f 1927//1927 2018//2018 1929//1929
f 1930//1930 2017//2017 2019//2019
f 1929//1929 2020//2020 1931//1931
f 1930//1930 2021//2021 1932//1932
f 1931//1931 2022//2022 1933//1933
f 1934//1934 2021//2021 2023//2023
f 1933//1933 2024//2024 1935//1935
f 1934//1934 2025//2025 1936//1936
f 1937//1937 2024//2024 2026//2026
f 1936//1936 2027//2027 1938//1938
f 1937//1937 2028//2028 1939//1939
f 1940//1940 2027//2027 2029//2029
f 1941//1941 2028//2028 2030//2030
f 1942//1942 2029//2029 2031//2031
f 1941//1941 2032//2032 1943//1943
f 1942//1942 2033//2033 1944//1944
f 1943//1943 2032//2032 63//63
f 1944//1944 2034//2034 1945//1945
f 1945//1945 2035//2035 1946//1946
f 1947//1947 2035//2035 2036//2036
f 1948//1948 2036//2036 2037//2037
f 1949//1949 73//73 2038//2038
f 1950//1950 2037//2037 2039//2039
f 1949//1949 2040//2040 1951//1951
f 1950//1950 2041//2041 1952//1952
f 1951//1951 2042//2042 1953//1953
f 1952//1952 2043//2043 1954//1954
f 1955//1955 2042//2042 2044//2044
f 1956//1956 2043//2043 2045//2045
f 1955//1955 2046//2046 1957//1957
f 1958//1958 2045//2045 2047//2047
f 1959//1959 2046//2046 2048//2048
f 1958//1958 2049//2049 1960//1960
f 1961//1961 2048//2048 2050//2050
f 1962//1962 2049//2049 2051//2051
f 1963//1963 2050//2050 2052//2052
f 1962//1962 2053//2053 1964//1964
f 1963//1963 2054//2054 1965//1965
f 1964//1964 2055//2055 1966//1966
f 1965//1965 2056//2056 1967//1967
f 1968//1968 2055//2055 2057//2057
f 1969//1969 2056//2056 2058//2058
f 1968//1968 2059//2059 1970//1970
f 1969//1969 2060//2060 1971//1971
f 1972//1972 2059//2059 2061//2061
f 1973//1973 2060//2060 2062//2062
f 1972//1972 2063//2063 1974//1974
f 1975//1975 2062//2062 2064//2064
f 1976//1976 2063//2063 2065//2065
f 1975//1975 2066//2066 1977//1977
f 1976//1976 2067//2067 1978//1978
f 1977//1977 2068//2068 1979//1979
f 1980//1980 2067//2067 2069//2069
f 1981//1981 2068//2068 2070//2070
f 1980//1980 2071//2071 1982//1982
f 1885//1885 2070//2070 2072//2072
f 1982//1982 2073//2073 1884//1884
f 1886//1886 2072//2072 2074//2074
f 1887//1887 2073//2073 2075//2075
f 1888//1888 2074//2074 2076//2076
f 1889//1889 2075//2075 2077//2077
f 1888//1888 2078//2078 1890//1890
f 1889//1889 2079//2079 1891//1891
f 1892//1892 2078//2078 2080//2080
f 1893//1893 2079//2079 2081//2081
f 1990//1990 2082//2082 1992//1992
f 1991//1991 2083//2083 1993//1993
f 1994//1994 2082//2082 2084//2084
f 1993//1993 2085//2085 1995//1995
f 1994//1994 2086//2086 1996//1996
f 1995//1995 2087//2087 1997//1997
f 1996//1996 2088//2088 1998//1998
f 1999//1999 2087//2087 2089//2089
f 1998//1998 2090//2090 2000//2000
f 2001//2001 2089//2089 2091//2091
f 2002//2002 2090//2090 2092//2092
f 2001//2001 2093//2093 2003//2003
f 2004//2004 2092//2092 2094//2094
f 2005//2005 2093//2093 2095//2095
f 2006//2006 2094//2094 2096//2096
f 2005//2005 2097//2097 2007//2007
f 2006//2006 2098//2098 2008//2008
f 2009//2009 2097//2097 2099//2099
f 2008//2008 2100//2100 2010//2010
f 2009//2009 2101//2101 2011//2011
f 2012//2012 2100//2100 2102//2102
f 2013//2013 2101//2101 2103//2103
f 2012//2012 2104//2104 2014//2014
f 2013//2013 2105//2105 2015//2015
f 2016//2016 2104//2104 2106//2106
f 2017//2017 2105//2105 2107//2107
f 2018//2018 2106//2106 2108//2108
f 2019//2019 2107//2107 2109//2109
f 2018//2018 2110//2110 2020//2020
f 2019//2019 2111//2111 2021//2021
f 2022//2022 2110//2110 2112//2112
f 2023//2023 2111//2111 2113//2113
f 2022//2022 2114//2114 2024//2024
f 2023//2023 2115//2115 2025//2025
f 2026//2026 2114//2114 2116//2116
f 2025//2025 2117//2117 2027//2027
f 2026//2026 2118//2118 2028//2028
f 2029//2029 2117//2117 2119//2119
f 2028//2028 2120//2120 2030//2030
f 2031//2031 2119//2119 2121//2121
f 2030//2030 2122//2122 2032//2032
f 2031//2031 2123//2123 2033//2033
f 2032//2032 2122//2122 63//63
f 2033//2033 2124//2124 2034//2034
f 2034//2034 2125//2125 2035//2035
f 2036//2036 2125//2125 2126//2126
f 2037//2037 2126//2126 2127//2127
f 2038//2038 73//73 2128//2128
f 2039//2039 2127//2127 2129//2129
f 2040//2040 2128//2128 2130//2130
f 2039//2039 2131//2131 2041//2041
f 2042//2042 2130//2130 2132//2132
f 2041//2041 2133//2133 2043//2043
f 2044//2044 2132//2132 2134//2134
f 2045//2045 2133//2133 2135//2135
f 2044//2044 2136//2136 2046//2046
f 2047//2047 2135//2135 2137//2137
f 2048//2048 2136//2136 2138//2138
f 2047//2047 2139//2139 2049//2049
f 2048//2048 2140//2140 2050//2050
f 2049//2049 2141//2141 2051//2051
f 2052//2052 2140//2140 2142//2142
f 2051//2051 2143//2143 2053//2053
f 2052//2052 2144//2144 2054//2054
f 2053//2053 2145//2145 2055//2055
f 2054//2054 2146//2146 2056//2056
f 2057//2057 2145//2145 2147//2147
f 2058//2058 2146//2146 2148//2148
f 2057//2057 2149//2149 2059//2059
f 2058//2058 2150//2150 2060//2060
f 2061//2061 2149//2149 2151//2151
f 2062//2062 2150//2150 2152//2152
f 2061//2061 2153//2153 2063//2063
f 2064//2064 2152//2152 2154//2154
f 2065//2065 2153//2153 2155//2155
f 2064//2064 2156//2156 2066//2066
f 2065//2065 2157//2157 2067//2067
f 2066//2066 2158//2158 2068//2068
f 2069//2069 2157//2157 2159//2159
f 2068//2068 2160//2160 2070//2070
f 2069//2069 2161//2161 2071//2071
f 2072//2072 2160//2160 2162//2162
f 2071//2071 2163//2163 2073//2073
f 2074//2074 2162//2162 2164//2164
f 2075//2075 2163//2163 2165//2165
f 2076//2076 2164//2164 2166//2166
f 2077//2077 2165//2165 2167//2167
f 2076//2076 2168//2168 2078//2078
f 2079//2079 2167//2167 2169//2169
f 2080//2080 2168//2168 2170//2170
f 2081//2081 2169//2169 2171//2171
f 2080//2080 2172//2172 1983//1983
f 2081//2081 2173//2173 1984//1984
f 1983//1983 2174//2174 1985//1985
f 1986//1986 2173//2173 2175//2175
f 1985//1985 2176//2176 1987//1987
f 1988//1988 2175//2175 2177//2177
f 1989//1989 2176//2176 2178//2178
f 1990//1990 2177//2177 2179//2179
f 1989//1989 2180//2180 1991//1991
f 2090//2090 2181//2181 2092//2092
f 2091//2091 2182//2182 2093//2093
f 2094//2094 2181//2181 2183//2183
f 2095//2095 2182//2182 2184//2184
f 2096//2096 2183//2183 2185//2185
f 2095//2095 2186//2186 2097//2097
f 2096//2096 2187//2187 2098//2098
f 2099//2099 2186//2186 2188//2188
f 2098//2098 2189//2189 2100//2100
f 2099//2099 2190//2190 2101//2101
f 2102//2102 2189//2189 2191//2191
f 2103//2103 2190//2190 2192//2192
f 2102//2102 2193//2193 2104//2104
f 2103//2103 2194//2194 2105//2105
f 2106//2106 2193//2193 2195//2195
f 2105//2105 2196//2196 2107//2107
f 2108//2108 2195//2195 2197//2197
f 2109//2109 2196//2196 2198//2198
f 2108//2108 2199//2199 2110//2110
f 2111//2111 2198//2198 2200//2200
f 2112//2112 2199//2199 2201//2201
f 2113//2113 2200//2200 2202//2202
f 2112//2112 2203//2203 2114//2114
f 2113//2113 2204//2204 2115//2115
f 2116//2116 2203//2203 2205//2205
f 2115//2115 2206//2206 2117//2117
f 2116//2116 2207//2207 2118//2118
f 2119//2119 2206//2206 2208//2208
f 2118//2118 2209//2209 2120//2120
f 2121//2121 2208//2208 2210//2210
f 2120//2120 2211//2211 2122//2122
f 2121//2121 2212//2212 2123//2123
f 2122//2122 2211//2211 63//63
f 2123//2123 2213//2213 2124//2124
f 2124//2124 2214//2214 2125//2125
f 2126//2126 2214//2214 2215//2215
f 2127//2127 2215//2215 2216//2216
f 2128//2128 73//73 2217//2217
f 2129//2129 2216//2216 2218//2218
f 2128//2128 2219//2219 2130//2130
f 2129//2129 2220//2220 2131//2131
f 2130//2130 2221//2221 2132//2132
f 2131//2131 2222//2222 2133//2133
f 2134//2134 2221//2221 2223//2223
f 2135//2135 2222//2222 2224//2224
f 2134//2134 2225//2225 2136//2136
f 2137//2137 2224//2224 2226//2226
f 2138//2138 2225//2225 2227//2227
f 2137//2137 2228//2228 2139//2139
f 2138//2138 2229//2229 2140//2140
f 2139//2139 2230//2230 2141//2141
f 2142//2142 2229//2229 2231//2231
f 2141//2141 2232//2232 2143//2143
f 2142//2142 2233//2233 2144//2144
f 2145//2145 2232//2232 2234//2234
f 2144//2144 2235//2235 2146//2146
f 2147//2147 2234//2234 2236//2236
f 2148//2148 2235//2235 2237//2237
f 2147//2147 2238//2238 2149//2149
f 2148//2148 2239//2239 2150//2150
f 2151//2151 2238//2238 2240//2240
f 2152//2152 2239//2239 2241//2241
f 2151//2151 2242//2242 2153//2153
f 2154//2154 2241//2241 2243//2243
f 2155//2155 2242//2242 2244//2244
f 2154//2154 2245//2245 2156//2156
f 2155//2155 2246//2246 2157//2157
f 2156//2156 2247//2247 2158//2158
f 2159//2159 2246//2246 2248//2248
f 2158//2158 2249//2249 2160//2160
f 2159//2159 2250//2250 2161//2161
f 2162//2162 2249//2249 2251//2251
f 2161//2161 2252//2252 2163//2163
f 2164//2164 2251//2251 2253//2253
f 2165//2165 2252//2252 2254//2254
f 2166//2166 2253//2253 2255//2255
f 2167//2167 2254//2254 2256//2256
f 2166//2166 2257//2257 2168//2168
f 2167//2167 2258//2258 2169//2169
f 2170//2170 2257//2257 2259//2259
f 2169//2169 2260//2260 2171//2171
f 2170//2170 2261//2261 2172//2172
f 2171//2171 2262//2262 2173//2173
f 2172//2172 2263//2263 2174//2174
f 2173//2173 2264//2264 2175//2175
f 2176//2176 2263//2263 2265//2265
f 2177//2177 2264//2264 2266//2266
f 2178//2178 2265//2265 2267//2267
f 2179//2179 2266//2266 2268//2268
f 2178//2178 2269//2269 2180//2180
f 2179//2179 2270//2270 2082//2082
f 2180//2180 2271//2271 2083//2083
f 2084//2084 2270//2270 2272//2272
f 2083//2083 2273//2273 2085//2085
f 2084//2084 2274//2274 2086//2086
f 2085//2085 2275//2275 2087//2087
f 2086//2086 2276//2276 2088//2088
f 2089//2089 2275//2275 2277//2277
f 2088//2088 2278//2278 2090//2090
f 2091//2091 2277//2277 2279//2279
f 2188//2188 2280//2280 2190//2190
f 2191//2191 2281//2281 2282//2282
f 2192//2192 2280//2280 2283//2283
f 2191//2191 2284//2284 2193//2193
f 2192//2192 2285//2285 2194//2194
f 2195//2195 2284//2284 2286//2286
f 2196//2196 2285//2285 2287//2287
f 2195//2195 2288//2288 2197//2197
f 2198//2198 2287//2287 2289//2289
f 2197//2197 2290//2290 2199//2199
f 2200//2200 2289//2289 2291//2291
f 2201//2201 2290//2290 2292//2292
f 2202//2202 2291//2291 2293//2293
f 2201//2201 2294//2294 2203//2203
f 2202//2202 2295//2295 2204//2204
f 2205//2205 2294//2294 2296//2296
f 2204//2204 2297//2297 2206//2206
f 2205//2205 2298//2298 2207//2207
f 2208//2208 2297//2297 2299//2299
f 2207//2207 2300//2300 2209//2209
f 2210//2210 2299//2299 2301//2301
f 2211//2211 2300//2300 2302//2302
f 2210//2210 2303//2303 2212//2212
f 2211//2211 2302//2302 63//63
f 2212//2212 2304//2304 2213//2213
f 2213//2213 2305//2305 2214//2214
f 2215//2215 2305//2305 2306//2306
f 2216//2216 2306//2306 2307//2307
f 2217//2217 73//73 2308//2308
f 2218//2218 2307//2307 2309//2309
f 2217//2217 2310//2310 2219//2219
f 2218//2218 2311//2311 2220//2220
f 2221//2221 2310//2310 2312//2312
f 2220//2220 2313//2313 2222//2222
f 2223//2223 2312//2312 2314//2314
f 2224//2224 2313//2313 2315//2315
f 2223//2223 2316//2316 2225//2225
f 2226//2226 2315//2315 2317//2317
f 2227//2227 2316//2316 2318//2318
f 2226//2226 2319//2319 2228//2228
f 2227//2227 2320//2320 2229//2229
f 2228//2228 2321//2321 2230//2230
f 2231//2231 2320//2320 2322//2322
f 2230//2230 2323//2323 2232//2232
f 2233//2233 2322//2322 2324//2324
f 2232//2232 2325//2325 2234//2234
f 2233//2233 2326//2326 2235//2235
f 2236//2236 2325//2325 2327//2327
f 2237//2237 2326//2326 2328//2328
f 2236//2236 2329//2329 2238//2238
f 2237//2237 2330//2330 2239//2239
f 2240//2240 2329//2329 2331//2331
f 2241//2241 2330//2330 2332//2332
f 2240//2240 2333//2333 2242//2242
f 2243//2243 2332//2332 2334//2334
f 2244//2244 2333//2333 2335//2335
f 2243//2243 2336//2336 2245//2245
f 2244//2244 2337//2337 2246//2246
f 2245//2245 2338//2338 2247//2247
f 2248//2248 2337//2337 2339//2339
f 2247//2247 2340//2340 2249//2249
f 2248//2248 2341//2341 2250//2250
f 2251//2251 2340//2340 2342//2342
f 2250//2250 2343//2343 2252//2252
f 2253//2253 2342//2342 2344//2344
f 2254//2254 2343//2343 2345//2345
f 2253//2253 2346//2346 2255//2255
f 2256//2256 2345//2345 2347//2347
f 2255//2255 2348//2348 2257//2257
f 2258//2258 2347//2347 2349//2349
f 2259//2259 2348//2348 2350//2350
f 2258//2258 2351//2351 2260//2260
f 2259//2259 2352//2352 2261//2261
f 2260//2260 2353//2353 2262//2262
f 2261//2261 2354//2354 2263//2263
f 2262//2262 2355//2355 2264//2264
f 2265//2265 2354//2354 2356//2356
f 2266//2266 2355//2355 2357//2357
f 2267//2267 2356//2356 2358//2358
f 2268//2268 2357//2357 2359//2359
f 2267//2267 2360//2360 2269//2269
f 2268//2268 2361//2361 2270//2270
f 2271//2271 2360//2360 2362//2362
f 2272//2272 2361//2361 2363//2363
f 2271//2271 2364//2364 2273//2273
f 2274//2274 2363//2363 2365//2365
f 2273//2273 2366//2366 2275//2275
f 2274//2274 2367//2367 2276//2276
f 2277//2277 2366//2366 2368//2368
f 2276//2276 2369//2369 2278//2278
f 2279//2279 2368//2368 2370//2370
f 2181//2181 2369//2369 2371//2371
f 2279//2279 2372//2372 2182//2182
f 2183//2183 2371//2371 2373//2373
f 2184//2184 2372//2372 2374//2374
f 2185//2185 2373//2373 2375//2375
f 2184//2184 2376//2376 2186//2186
f 2185//2185 2377//2377 2187//2187
f 2188//2188 2376//2376 2378//2378
f 2187//2187 2281//2281 2189//2189
f 2288//2288 2379//2379 2290//2290
f 2291//2291 2380//2380 2381//2381
f 2290//2290 2382//2382 2292//2292
f 2293//2293 2381//2381 2383//2383
f 2292//2292 2384//2384 2294//2294
f 2293//2293 2385//2385 2295//2295
f 2296//2296 2384//2384 2386//2386
f 2295//2295 2387//2387 2297//2297
f 2296//2296 2388//2388 2298//2298
f 2299//2299 2387//2387 2389//2389
f 2298//2298 2390//2390 2300//2300
f 2301//2301 2389//2389 2391//2391
f 2300//2300 2392//2392 2302//2302
f 2301//2301 2393//2393 2303//2303
f 2302//2302 2392//2392 63//63
f 2303//2303 2394//2394 2304//2304
f 2304//2304 2395//2395 2305//2305
f 2306//2306 2395//2395 2396//2396
f 2307//2307 2396//2396 2397//2397
f 2308//2308 73//73 2398//2398
f 2309//2309 2397//2397 2399//2399
f 2308//2308 2400//2400 2310//2310
f 2309//2309 2401//2401 2311//2311
f 2310//2310 2402//2402 2312//2312
f 2311//2311 2403//2403 2313//2313
f 2312//2312 2404//2404 2314//2314
f 2315//2315 2403//2403 2405//2405
f 2314//2314 2406//2406 2316//2316
f 2317//2317 2405//2405 2407//2407
f 2318//2318 2406//2406 2408//2408
f 2317//2317 2409//2409 2319//2319
f 2320//2320 2408//2408 2410//2410
f 2319//2319 2411//2411 2321//2321
f 2322//2322 2410//2410 2412//2412
f 2321//2321 2413//2413 2323//2323
f 2322//2322 2414//2414 2324//2324
f 2323//2323 2415//2415 2325//2325
f 2324//2324 2416//2416 2326//2326
f 2327//2327 2415//2415 2417//2417
f 2328//2328 2416//2416 2418//2418
f 2327//2327 2419//2419 2329//2329
f 2328//2328 2420//2420 2330//2330
f 2331//2331 2419//2419 2421//2421
f 2332//2332 2420//2420 2422//2422
f 2331//2331 2423//2423 2333//2333
f 2334//2334 2422//2422 2424//2424
f 2335//2335 2423//2423 2425//2425
f 2334//2334 2426//2426 2336//2336
f 2335//2335 2427//2427 2337//2337
f 2336//2336 2428//2428 2338//2338
f 2339//2339 2427//2427 2429//2429
f 2340//2340 2428//2428 2430//2430
f 2339//2339 2431//2431 2341//2341
f 2342//2342 2430//2430 2432//2432
f 2341//2341 2433//2433 2343//2343
f 2344//2344 2432//2432 2434//2434
f 2345//2345 2433//2433 2435//2435
f 2346//2346 2434//2434 2436//2436
f 2347//2347 2435//2435 2437//2437
f 2346//2346 2438//2438 2348//2348
f 2347//2347 2439//2439 2349//2349
f 2350//2350 2438//2438 2440//2440
f 2349//2349 2441//2441 2351//2351
f 2350//2350 2442//2442 2352//2352
f 2351//2351 2443//2443 2353//2353
f 2352//2352 2444//2444 2354//2354
f 2353//2353 2445//2445 2355//2355
f 2356//2356 2444//2444 2446//2446
f 2357//2357 2445//2445 2447//2447
f 2358//2358 2446//2446 2448//2448
f 2359//2359 2447//2447 2449//2449
f 2360//2360 2448//2448 2450//2450
f 2359//2359 2451//2451 2361//2361
f 2362//2362 2450//2450 2452//2452
f 2363//2363 2451//2451 2453//2453
f 2362//2362 2454//2454 2364//2364
f 2363//2363 2455//2455 2365//2365
f 2364//2364 2456//2456 2366//2366
f 2365//2365 2457//2457 2367//2367
f 2368//2368 2456//2456 2458//2458
f 2367//2367 2459//2459 2369//2369
f 2370//2370 2458//2458 2460//2460
f 2369//2369 2461//2461 2371//2371
f 2370//2370 2462//2462 2372//2372
f 2373//2373 2461//2461 2463//2463
f 2374//2374 2462//2462 2464//2464
f 2375//2375 2463//2463 2465//2465
f 2374//2374 2466//2466 2376//2376
f 2375//2375 2467//2467 2377//2377
f 2378//2378 2466//2466 2468//2468
f 2377//2377 2469//2469 2281//2281
f 2378//2378 2470//2470 2280//2280
f 2282//2282 2469//2469 2471//2471
f 2283//2283 2470//2470 2472//2472
f 2282//2282 2473//2473 2284//2284
f 2283//2283 2474//2474 2285//2285
f 2286//2286 2473//2473 2475//2475
f 2287//2287 2474//2474 2476//2476
f 2288//2288 2475//2475 2477//2477
f 2289//2289 2476//2476 2380//2380
f 2387//2387 2478//2478 2479//2479
f 2388//2388 2480//2480 2481//2481
f 2391//2391 2482//2482 2483//2483
f 2392//2392 2484//2484 2485//2485
f 2486//2486 2391//2391 2483//2483
f 2392//2392 2485//2485 63//63
f 2487//2487 2393//2393 2486//2486
f 2394//2394 2487//2487 2488//2488
f 2395//2395 2489//2489 2490//2490
f 2397//2397 2491//2491 2492//2492
f 2398//2398 73//73 2493//2493
f 2399//2399 2492//2492 2494//2494
f 2495//2495 2398//2398 2493//2493
f 2496//2496 2399//2399 2494//2494
f 2400//2400 2495//2495 2497//2497
f 2401//2401 2496//2496 2498//2498
f 2402//2402 2499//2499 2500//2500
f 2403//2403 2501//2501 2502//2502
f 2404//2404 2503//2503 2504//2504
f 2407//2407 2505//2505 2506//2506
f 2406//2406 2507//2507 2508//2508
f 2407//2407 2506//2506 2509//2509
f 2408//2408 2510//2510 2511//2511
f 2411//2411 2512//2512 2513//2513
f 2410//2410 2514//2514 2515//2515
f 2411//2411 2516//2516 2413//2413
f 2414//2414 2517//2517 2518//2518
f 2415//2415 2516//2516 2519//2519
f 2414//2414 2518//2518 2520//2520
f 2415//2415 2519//2519 2521//2521
f 2416//2416 2522//2522 2523//2523
f 2417//2417 2524//2524 2419//2419
f 2418//2418 2525//2525 2526//2526
f 2421//2421 2524//2524 2527//2527
f 2420//2420 2528//2528 2529//2529
f 2421//2421 2527//2527 2530//2530
f 2531//2531 2422//2422 2532//2532
f 2423//2423 2533//2533 2534//2534
f 2535//2535 2424//2424 2531//2531
f 2425//2425 2536//2536 2537//2537
f 2426//2426 2535//2535 2538//2538
f 2427//2427 2539//2539 2540//2540
f 2428//2428 2541//2541 2430//2430
f 2429//2429 2542//2542 2543//2543
f 2432//2432 2541//2541 2544//2544
f 2431//2431 2545//2545 2433//2433
f 2432//2432 2544//2544 2546//2546
f 2435//2435 2545//2545 2547//2547
f 2548//2548 2434//2434 2549//2549
f 2435//2435 2547//2547 2550//2550
f 2436//2436 2548//2548 2551//2551
f 2439//2439 2552//2552 2553//2553
f 2438//2438 2554//2554 2555//2555
f 2441//2441 2553//2553 2556//2556
f 2557//2557 2440//2440 2558//2558
f 2441//2441 2556//2556 2559//2559
f 2442//2442 2560//2560 2444//2444
f 2443//2443 2561//2561 2445//2445
f 2446//2446 2560//2560 2562//2562
f 2447//2447 2561//2561 2563//2563
f 2446//2446 2562//2562 2564//2564
f 2449//2449 2563//2563 2565//2565
f 2450//2450 2566//2566 2567//2567
f 2449//2449 2565//2565 2568//2568
f 2569//2569 2450//2450 2567//2567
f 2451//2451 2570//2570 2571//2571
f 2452//2452 2569//2569 2572//2572
f 2455//2455 2573//2573 2574//2574
f 2454//2454 2575//2575 2456//2456
f 2455//2455 2574//2574 2576//2576
f 2458//2458 2575//2575 2577//2577
f 2457//2457 2578//2578 2459//2459
f 2458//2458 2577//2577 2579//2579
f 2459//2459 2580//2580 2461//2461
f 2460//2460 2581//2581 2582//2582
f 2461//2461 2580//2580 2583//2583
f 2462//2462 2584//2584 2585//2585
f 2465//2465 2586//2586 2587//2587
f 2464//2464 2588//2588 2589//2589
f 2467//2467 2587//2587 2590//2590
f 2466//2466 2591//2591 2592//2592
f 2467//2467 2590//2590 2593//2593
f 2468//2468 2594//2594 2470//2470
f 2469//2469 2595//2595 2596//2596
f 2472//2472 2594//2594 2597//2597
f 2471//2471 2598//2598 2599//2599
f 2472//2472 2597//2597 2600//2600
f 2473//2473 2601//2601 2602//2602
f 2474//2474 2603//2603 2476//2476
f 2475//2475 2604//2604 2477//2477
f 2380//2380 2603//2603 2605//2605
f 2477//2477 2604//2604 2606//2606
f 2381//2381 2605//2605 2607//2607
f 2379//2379 2608//2608 2609//2609
f 2381//2381 2607//2607 2610//2610
f 2382//2382 2611//2611 2612//2612
f 2613//2613 2383//2383 2614//2614
f 2384//2384 2615//2615 2616//2616
f 2385//2385 2613//2613 2617//2617
f 2386//2386 2618//2618 2619//2619
f 2620//2620 2570//2570 2568//2568
f 2620//2620 2571//2571 2570//2570
f 2621//2621 2622//2622 2572//2572
f 2623//2623 2622//2622 2621//2621
f 2624//2624 2625//2625 2576//2576
f 2626//2626 2575//2575 2623//2623
f 2627//2627 2625//2625 2624//2624
f 2626//2626 2579//2579 2577//2577
f 2628//2628 2578//2578 2627//2627
f 2629//2629 2584//2584 2582//2582
f 2628//2628 2583//2583 2580//2580
f 2629//2629 2585//2585 2584//2584
f 2630//2630 2591//2591 2589//2589
f 2630//2630 2592//2592 2591//2591
f 2631//2631 2595//2595 2593//2593
f 2631//2631 2596//2596 2595//2595
f 2632//2632 2601//2601 2599//2599
f 2633//2633 2634//2634 2600//2600
f 2632//2632 2602//2602 2601//2601
f 2635//2635 2634//2634 2633//2633
f 2636//2636 2603//2603 2635//2635
f 2637//2637 2608//2608 2606//2606
f 2638//2638 2605//2605 2636//2636
f 2637//2637 2609//2609 2608//2608
f 2638//2638 2610//2610 2607//2607
f 2639//2639 2615//2615 2612//2612
f 2639//2639 2616//2616 2615//2615
f 2640//2640 2478//2478 2617//2617
f 2641//2641 2480//2480 2619//2619
f 2640//2640 2479//2479 2478//2478
f 2641//2641 2481//2481 2480//2480
f 2642//2642 2489//2489 2488//2488
f 2642//2642 2490//2490 2489//2489
f 2643//2643 2499//2499 2497//2497
f 2644//2644 2501//2501 2498//2498
f 2500//2500 2499//2499 2643//2643
f 2644//2644 2502//2502 2501//2501
f 2645//2645 2507//2507 2504//2504
f 2508//2508 2507//2507 2645//2645
f 2646//2646 2512//2512 2509//2509
f 2647//2647 2514//2514 2511//2511
f 2648//2648 2512//2512 2646//2646
f 2515//2515 2514//2514 2647//2647
f 2649//2649 2513//2513 2648//2648
f 2650//2650 2516//2516 2649//2649
f 2651//2651 2522//2522 2520//2520
f 2650//2650 2521//2521 2519//2519
f 2523//2523 2522//2522 2651//2651
f 2652//2652 2528//2528 2526//2526
f 2529//2529 2528//2528 2652//2652
f 2653//2653 2533//2533 2530//2530
f 2653//2653 2534//2534 2533//2533
f 2654//2654 2539//2539 2537//2537
f 2655//2655 2656//2656 2538//2538
f 2654//2654 2540//2540 2539//2539
f 2657//2657 2656//2656 2655//2655
f 2658//2658 2659//2659 2543//2543
f 2660//2660 2541//2541 2657//2657
f 2661//2661 2659//2659 2658//2658
f 2546//2546 2544//2544 2660//2660
f 2662//2662 2545//2545 2661//2661
f 2662//2662 2550//2550 2547//2547
f 2663//2663 2554//2554 2551//2551
f 2555//2555 2554//2554 2663//2663
f 2664//2664 2665//2665 2559//2559
f 2666//2666 2560//2560 2557//2557
f 2667//2667 2665//2665 2664//2664
f 2668//2668 2560//2560 2666//2666
f 2667//2667 2563//2563 2561//2561
f 2668//2668 2564//2564 2562//2562
f 2669//2669 2670//2670 2671//2671
f 2671//2671 2670//2670 2672//2672
f 2673//2673 2674//2674 2675//2675
f 2676//2676 2677//2677 2678//2678
f 2675//2675 2679//2679 2680//2680
f 2677//2677 2676//2676 2681//2681
f 2680//2680 2682//2682 2683//2683
f 2684//2684 2685//2685 2686//2686
f 2683//2683 2687//2687 2688//2688
f 2685//2685 2689//2689 2690//2690
f 2688//2688 2691//2691 2692//2692
f 2690//2690 2693//2693 2694//2694
f 2692//2692 2691//2691 2695//2695
f 2694//2694 2696//2696 2697//2697
f 2698//2698 2699//2699 2700//2700
f 2697//2697 2696//2696 2701//2701
f 2700//2700 2702//2702 2703//2703
f 2703//2703 2704//2704 2705//2705
f 2706//2706 2707//2707 2708//2708
f 2705//2705 2704//2704 2709//2709
f 2707//2707 2710//2710 2711//2711
f 2711//2711 2710//2710 2712//2712
f 2713//2713 2714//2714 2715//2715
f 2716//2716 2717//2717 2718//2718
f 2715//2715 2714//2714 2719//2719
f 2717//2717 2716//2716 2720//2720
f 2721//2721 2722//2722 2723//2723
f 2722//2722 2724//2724 2723//2723
f 2725//2725 2726//2726 2727//2727
f 2726//2726 2725//2725 2728//2728
f 2729//2729 2730//2730 2731//2731
f 2732//2732 2733//2733 2734//2734
f 2729//2729 2735//2735 2730//2730
f 2734//2734 2733//2733 2736//2736
f 2737//2737 2738//2738 2739//2739
f 2739//2739 2740//2740 2737//2737
f 2741//2741 2742//2742 2743//2743
f 2744//2744 2745//2745 2740//2740
f 2743//2743 2746//2746 2747//2747
f 2747//2747 2748//2748 2749//2749
f 2750//2750 2751//2751 2752//2752
f 2749//2749 2748//2748 2753//2753
f 2752//2752 2754//2754 2750//2750
f 2755//2755 2756//2756 2757//2757
f 2758//2758 2759//2759 2754//2754
f 2757//2757 2760//2760 2761//2761
f 2762//2762 2763//2763 2759//2759
f 2761//2761 2764//2764 2765//2765
f 2766//2766 2767//2767 2763//2763
f 2765//2765 2768//2768 2769//2769
f 2770//2770 2771//2771 2772//2772
f 2769//2769 2773//2773 2774//2774
f 2772//2772 2775//2775 2770//2770
f 2774//2774 2773//2773 2776//2776
f 2777//2777 2778//2778 2779//2779
f 2779//2779 2780//2780 2777//2777
f 2781//2781 2782//2782 2780//2780
f 2783//2783 2784//2784 2785//2785
f 2785//2785 2786//2786 2787//2787
f 2787//2787 2788//2788 2789//2789
f 2790//2790 2791//2791 2792//2792
f 2789//2789 2788//2788 2793//2793
f 2792//2792 2794//2794 2790//2790
f 2795//2795 2796//2796 2797//2797
f 2798//2798 2799//2799 2800//2800
f 2797//2797 2801//2801 2795//2795
f 2800//2800 2802//2802 2803//2803
f 2804//2804 63//63 2801//2801
f 2803//2803 2802//2802 2805//2805
f 2806//2806 2807//2807 2808//2808
f 2808//2808 2807//2807 2809//2809
f 2810//2810 2811//2811 2812//2812
f 2813//2813 2814//2814 73//73
f 2812//2812 2815//2815 2816//2816
f 2814//2814 2817//2817 2818//2818
f 2816//2816 2815//2815 2819//2819
f 2818//2818 2817//2817 2820//2820
f 2821//2821 2822//2822 2823//2823
f 2824//2824 2825//2825 2826//2826
f 2822//2822 2821//2821 2827//2827
f 2826//2826 2828//2828 2829//2829
f 2829//2829 2830//2830 2831//2831
f 2831//2831 2830//2830 2832//2832
f 2833//2833 2669//2669 2834//2834
f 2835//2835 2684//2684 2686//2686
f 2687//2687 2836//2836 2837//2837
f 2684//2684 2838//2838 2689//2689
f 2687//2687 2839//2839 2691//2691
f 2689//2689 2840//2840 2693//2693
f 2841//2841 2842//2842 2695//2695
f 2693//2693 2843//2843 2696//2696
f 2844//2844 2699//2699 2698//2698
f 2845//2845 2701//2701 2843//2843
f 2699//2699 2846//2846 2702//2702
f 2845//2845 2847//2847 2848//2848
f 2704//2704 2846//2846 2849//2849
f 2850//2850 2706//2706 2708//2708
f 2851//2851 2852//2852 2709//2709
f 2710//2710 2850//2850 2853//2853
f 2852//2852 2854//2854 2855//2855
f 2856//2856 2712//2712 2853//2853
f 2857//2857 2714//2714 2713//2713
f 2858//2858 2716//2716 2718//2718
f 2859//2859 2860//2860 2719//2719
f 2716//2716 2861//2861 2720//2720
f 2862//2862 2722//2722 2721//2721
f 2720//2720 2863//2863 2864//2864
f 2865//2865 2866//2866 2724//2724
f 2867//2867 2725//2725 2727//2727
f 2865//2865 2731//2731 2866//2866
f 2868//2868 2869//2869 2728//2728
f 2729//2729 2870//2870 2871//2871
f 2872//2872 2733//2733 2732//2732
f 2873//2873 2874//2874 2735//2735
f 2875//2875 2876//2876 2736//2736
f 2877//2877 2738//2738 2873//2873
f 2875//2875 2878//2878 2876//2876
f 2739//2739 2879//2879 2744//2744
f 2880//2880 2742//2742 2741//2741
f 2881//2881 2882//2882 2745//2745
f 2742//2742 2883//2883 2746//2746
f 2882//2882 2884//2884 2885//2885
f 2748//2748 2883//2883 2886//2886
f 2887//2887 2751//2751 2884//2884
f 2888//2888 2889//2889 2753//2753
f 2758//2758 2887//2887 2890//2890
f 2891//2891 2756//2756 2755//2755
f 2762//2762 2890//2890 2892//2892
f 2760//2760 2891//2891 2893//2893
f 2762//2762 2894//2894 2766//2766
f 2760//2760 2895//2895 2764//2764
f 2896//2896 2897//2897 2767//2767
f 2768//2768 2895//2895 2898//2898
f 2899//2899 2771//2771 2896//2896
f 2768//2768 2900//2900 2773//2773
f 2901//2901 2902//2902 2775//2775
f 2903//2903 2904//2904 2776//2776
f 2905//2905 2778//2778 2901//2901
f 2904//2904 2906//2906 2907//2907
f 2781//2781 2905//2905 2908//2908
f 2906//2906 2909//2909 2907//2907
f 2910//2910 2911//2911 2782//2782
f 2912//2912 2784//2784 2783//2783
f 2910//2910 2913//2913 2911//2911
f 2786//2786 2912//2912 2914//2914
f 2915//2915 2916//2916 2913//2913
f 2786//2786 2917//2917 2788//2788
f 2918//2918 2791//2791 2919//2919
f 2920//2920 2921//2921 2793//2793
f 2922//2922 2923//2923 2794//2794
f 2921//2921 2924//2924 2925//2925
f 2926//2926 2796//2796 2922//2922
f 2927//2927 2799//2799 2798//2798
f 2804//2804 2926//2926 2928//2928
f 2799//2799 2929//2929 2802//2802
f 2928//2928 63//63 2804//2804
f 2930//2930 2931//2931 2805//2805
f 2932//2932 2807//2807 2806//2806
f 2933//2933 2934//2934 2809//2809
f 2935//2935 2811//2811 2810//2810
f 2936//2936 2813//2813 73//73
f 2815//2815 2935//2935 2937//2937
f 2813//2813 2938//2938 2817//2817
f 2939//2939 2940//2940 2819//2819
f 2941//2941 2820//2820 2938//2938
f 2939//2939 2942//2942 2940//2940
f 2943//2943 2821//2821 2823//2823
f 2944//2944 2825//2825 2824//2824
f 2945//2945 2827//2827 2943//2943
f 2828//2828 2944//2944 2946//2946
f 2947//2947 2948//2948 2949//2949
f 2828//2828 2950//2950 2830//2830
f 2949//2949 2951//2951 2952//2952
f 2953//2953 2954//2954 2832//2832
f 2955//2955 2833//2833 2834//2834
f 2954//2954 2956//2956 2957//2957
f 2833//2833 2958//2958 2670//2670
f 2956//2956 2959//2959 2957//2957
f 2960//2960 2672//2672 2958//2958
f 2961//2961 2674//2674 2673//2673
f 2962//2962 2676//2676 2678//2678
f 2679//2679 2961//2961 2963//2963
f 2964//2964 2681//2681 2962//2962
f 2679//2679 2836//2836 2682//2682
f 2844//2844 2965//2965 2846//2846
f 2966//2966 2967//2967 2968//2968
f 2849//2849 2965//2965 2969//2969
f 2850//2850 2968//2968 2970//2970
f 2849//2849 2971//2971 2851//2851
f 2850//2850 2972//2972 2853//2853
f 2851//2851 2973//2973 2854//2854
f 2853//2853 2974//2974 2856//2856
f 2857//2857 2973//2973 2975//2975
f 2858//2858 2974//2974 2976//2976
f 2857//2857 2977//2977 2859//2859
f 2858//2858 2978//2978 2861//2861
f 2862//2862 2977//2977 2979//2979
f 2861//2861 2980//2980 2863//2863
f 2862//2862 2981//2981 2865//2865
f 2867//2867 2980//2980 2982//2982
f 2870//2870 2981//2981 2983//2983
f 2867//2867 2984//2984 2868//2868
f 2871//2871 2983//2983 2985//2985
f 2872//2872 2984//2984 2986//2986
f 2871//2871 2987//2987 2873//2873
f 2872//2872 2988//2988 2875//2875
f 2877//2877 2987//2987 2989//2989
f 2990//2990 2988//2988 2991//2991
f 2877//2877 2992//2992 2879//2879
f 2880//2880 2991//2991 2993//2993
f 2879//2879 2994//2994 2881//2881
f 2880//2880 2995//2995 2883//2883
f 2881//2881 2996//2996 2884//2884
f 2886//2886 2995//2995 2997//2997
f 2887//2887 2996//2996 2998//2998
f 2886//2886 2999//2999 2888//2888
f 2887//2887 3000//3000 2890//2890
f 2891//2891 2999//2999 3001//3001
f 2892//2892 3000//3000 3002//3002
f 2893//2893 3001//3001 3003//3003
f 2892//2892 3004//3004 2894//2894
f 2893//2893 3005//3005 2895//2895
f 2894//2894 3006//3006 2896//2896
f 2898//2898 3005//3005 3007//3007
f 2899//2899 3006//3006 3008//3008
f 2898//2898 3009//3009 2900//2900
f 2899//2899 3010//3010 2901//2901
f 2900//2900 3011//3011 2903//2903
f 2905//2905 3010//3010 3012//3012
f 2903//2903 3013//3013 2906//2906
f 2908//2908 3012//3012 3014//3014
f 3015//3015 3013//3013 3016//3016
f 2908//2908 3017//3017 2910//2910
f 2912//2912 3016//3016 3018//3018
f 2915//2915 3017//3017 3019//3019
f 2914//2914 3018//3018 3020//3020
f 2915//2915 3021//3021 2919//2919
f 2914//2914 3022//3022 2917//2917
f 2918//2918 3021//3021 3023//3023
f 2917//2917 3024//3024 2920//2920
f 2918//2918 3025//3025 2922//2922
f 2920//2920 3026//3026 2924//2924
f 2922//2922 3027//3027 2926//2926
f 2927//2927 3026//3026 3028//3028
f 2926//2926 3029//3029 2928//2928
f 2927//2927 3030//3030 2929//2929
f 3029//3029 63//63 2928//2928
f 2929//2929 3031//3031 2930//2930
f 2932//2932 3031//3031 3032//3032
f 2932//2932 3033//3033 2933//2933
f 2935//2935 3033//3033 3034//3034
f 3035//3035 2936//2936 73//73
f 2937//2937 3034//3034 3036//3036
f 2938//2938 3035//3035 3037//3037
f 2937//2937 3038//3038 2939//2939
f 2938//2938 3039//3039 2941//2941
f 3040//3040 3038//3038 3041//3041
f 2943//2943 3039//3039 3042//3042
f 2944//2944 3041//3041 3043//3043
f 2943//2943 3044//3044 2945//2945
f 2946//2946 3043//3043 3045//3045
f 2948//2948 3044//3044 3046//3046
f 2946//2946 3047//3047 2950//2950
f 2948//2948 3048//3048 2951//2951
f 2950//2950 3049//3049 2953//2953
f 2955//2955 3048//3048 3050//3050
f 2953//2953 3051//3051 2956//2956
f 2955//2955 3052//3052 2958//2958
f 3053//3053 3051//3051 3054//3054
f 2958//2958 3055//3055 2960//2960
f 2961//2961 3054//3054 3056//3056
f 2962//2962 3055//3055 3057//3057
f 2963//2963 3056//3056 3058//3058
f 2962//2962 3059//3059 2964//2964
f 2963//2963 3060//3060 2836//2836
f 2835//2835 3059//3059 3061//3061
f 2837//2837 3060//3060 3062//3062
f 2838//2838 3061//3061 3063//3063
f 2837//2837 3064//3064 2839//2839
f 2838//2838 3065//3065 2840//2840
f 2839//2839 3066//3066 2841//2841
f 2840//2840 3067//3067 2843//2843
f 2844//2844 3066//3066 3068//3068
f 2843//2843 2967//2967 2845//2845
f 2976//2976 3069//3069 3070//3070
f 2975//2975 3071//3071 2977//2977
f 2976//2976 3072//3072 2978//2978
f 2979//2979 3071//3071 3073//3073
f 2978//2978 3074//3074 2980//2980
f 2979//2979 3075//3075 2981//2981
f 2982//2982 3074//3074 3076//3076
f 2983//2983 3075//3075 3077//3077
f 2982//2982 3078//3078 2984//2984
f 2985//2985 3077//3077 3079//3079
f 2986//2986 3078//3078 3080//3080
f 2985//2985 3081//3081 2987//2987
f 2986//2986 3082//3082 2988//2988
f 2989//2989 3081//3081 3083//3083
f 2991//2991 3082//3082 3084//3084
f 2989//2989 3085//3085 2992//2992
f 2993//2993 3084//3084 3086//3086
f 2992//2992 3087//3087 2994//2994
f 2993//2993 3088//3088 2995//2995
f 2994//2994 3089//3089 2996//2996
f 2997//2997 3088//3088 3090//3090
f 2998//2998 3089//3089 3091//3091
f 2997//2997 3092//3092 2999//2999
f 2998//2998 3093//3093 3000//3000
f 3001//3001 3092//3092 3094//3094
f 3002//3002 3093//3093 3095//3095
f 3003//3003 3094//3094 3096//3096
f 3004//3004 3095//3095 3097//3097
f 3003//3003 3098//3098 3005//3005
f 3004//3004 3099//3099 3006//3006
f 3007//3007 3098//3098 3100//3100
f 3008//3008 3099//3099 3101//3101
f 3007//3007 3102//3102 3009//3009
f 3008//3008 3103//3103 3010//3010
f 3009//3009 3104//3104 3011//3011
f 3012//3012 3103//3103 3105//3105
f 3011//3011 3106//3106 3013//3013
f 3014//3014 3105//3105 3107//3107
f 3016//3016 3106//3106 3108//3108
f 3014//3014 3109//3109 3017//3017
f 3018//3018 3108//3108 3110//3110
f 3019//3019 3109//3109 3111//3111
f 3020//3020 3110//3110 3112//3112
f 3019//3019 3113//3113 3021//3021
f 3020//3020 3114//3114 3022//3022
f 3021//3021 3115//3115 3023//3023
f 3022//3022 3116//3116 3024//3024
f 3023//3023 3117//3117 3025//3025
f 3024//3024 3118//3118 3026//3026
f 3027//3027 3117//3117 3119//3119
f 3028//3028 3118//3118 3120//3120
f 3029//3029 3119//3119 3121//3121
f 3028//3028 3122//3122 3030//3030
f 3121//3121 63//63 3029//3029
f 3030//3030 3123//3123 3031//3031
f 3032//3032 3123//3123 3124//3124
f 3032//3032 3125//3125 3033//3033
f 3034//3034 3125//3125 3126//3126
f 3127//3127 3035//3035 73//73
f 3036//3036 3126//3126 3128//3128
f 3035//3035 3129//3129 3037//3037
f 3036//3036 3130//3130 3038//3038
f 3037//3037 3131//3131 3039//3039
f 3041//3041 3130//3130 3132//3132
f 3039//3039 3133//3133 3042//3042
f 3043//3043 3132//3132 3134//3134
f 3042//3042 3135//3135 3044//3044
f 3045//3045 3134//3134 3136//3136
f 3046//3046 3135//3135 3137//3137
f 3045//3045 3138//3138 3047//3047
f 3046//3046 3139//3139 3048//3048
f 3047//3047 3140//3140 3049//3049
f 3050//3050 3139//3139 3141//3141
f 3049//3049 3142//3142 3051//3051
f 3050//3050 3143//3143 3052//3052
f 3054//3054 3142//3142 3144//3144
f 3052//3052 3145//3145 3055//3055
f 3056//3056 3144//3144 3146//3146
f 3057//3057 3145//3145 3147//3147
f 3058//3058 3146//3146 3148//3148
f 3057//3057 3149//3149 3059//3059
f 3058//3058 3150//3150 3060//3060
f 3061//3061 3149//3149 3151//3151
f 3062//3062 3150//3150 3152//3152
f 3061//3061 3153//3153 3063//3063
f 3062//3062 3154//3154 3064//3064
f 3063//3063 3155//3155 3065//3065
f 3064//3064 3156//3156 3066//3066
f 3065//3065 3157//3157 3067//3067
f 3068//3068 3156//3156 3158//3158
f 3067//3067 3159//3159 2967//2967
f 3068//3068 3160//3160 2965//2965
f 2968//2968 3159//3159 3161//3161
f 2969//2969 3160//3160 3162//3162
f 2970//2970 3161//3161 3163//3163
f 2969//2969 3164//3164 2971//2971
f 2972//2972 3163//3163 3165//3165
f 2971//2971 3166//3166 2973//2973
f 2972//2972 3069//3069 2974//2974
f 2975//2975 3166//3166 3167//3167
f 3079//3079 3168//3168 3169//3169
f 3080//3080 3170//3170 3171//3171
f 3079//3079 3172//3172 3081//3081
f 3080//3080 3173//3173 3082//3082
f 3083//3083 3172//3172 3174//3174
f 3084//3084 3173//3173 3175//3175
f 3083//3083 3176//3176 3085//3085
f 3086//3086 3175//3175 3177//3177
f 3085//3085 3178//3178 3087//3087
f 3086//3086 3179//3179 3088//3088
f 3087//3087 3180//3180 3089//3089
f 3090//3090 3179//3179 3181//3181
f 3091//3091 3180//3180 3182//3182
f 3090//3090 3183//3183 3092//3092
f 3091//3091 3184//3184 3093//3093
f 3094//3094 3183//3183 3185//3185
f 3095//3095 3184//3184 3186//3186
f 3096//3096 3185//3185 3187//3187
f 3095//3095 3188//3188 3097//3097
f 3096//3096 3189//3189 3098//3098
f 3097//3097 3190//3190 3099//3099
f 3100//3100 3189//3189 3191//3191
f 3101//3101 3190//3190 3192//3192
f 3100//3100 3193//3193 3102//3102
f 3101//3101 3194//3194 3103//3103
f 3102//3102 3195//3195 3104//3104
f 3105//3105 3194//3194 3196//3196
f 3104//3104 3197//3197 3106//3106
f 3107//3107 3196//3196 3198//3198
f 3108//3108 3197//3197 3199//3199
f 3107//3107 3200//3200 3109//3109
f 3110//3110 3199//3199 3201//3201
f 3109//3109 3202//3202 3111//3111
f 3112//3112 3201//3201 3203//3203
f 3111//3111 3204//3204 3113//3113
f 3112//3112 3205//3205 3114//3114
f 3115//3115 3204//3204 3206//3206
f 3114//3114 3207//3207 3116//3116
f 3115//3115 3208//3208 3117//3117
f 3116//3116 3209//3209 3118//3118
f 3119//3119 3208//3208 3210//3210
f 3120//3120 3209//3209 3211//3211
f 3119//3119 3212//3212 3121//3121
f 3120//3120 3213//3213 3122//3122
f 3212//3212 63//63 3121//3121
f 3122//3122 3214//3214 3123//3123
f 3124//3124 3214//3214 3215//3215
f 3124//3124 3216//3216 3125//3125
f 3126//3126 3216//3216 3217//3217
f 3218//3218 3127//3127 73//73
f 3128//3128 3217//3217 3219//3219
f 3127//3127 3220//3220 3129//3129
f 3128//3128 3221//3221 3130//3130
f 3129//3129 3222//3222 3131//3131
f 3132//3132 3221//3221 3223//3223
f 3133//3133 3222//3222 3224//3224
f 3134//3134 3223//3223 3225//3225
f 3133//3133 3226//3226 3135//3135
f 3136//3136 3225//3225 3227//3227
f 3137//3137 3226//3226 3228//3228
f 3136//3136 3229//3229 3138//3138
f 3139//3139 3228//3228 3230//3230
f 3138//3138 3231//3231 3140//3140
f 3141//3141 3230//3230 3232//3232
f 3140//3140 3233//3233 3142//3142
f 3141//3141 3234//3234 3143//3143
f 3144//3144 3233//3233 3235//3235
f 3143//3143 3236//3236 3145//3145
f 3146//3146 3235//3235 3237//3237
f 3147//3147 3236//3236 3238//3238
f 3148//3148 3237//3237 3239//3239
f 3147//3147 3240//3240 3149//3149
f 3148//3148 3241//3241 3150//3150
f 3151//3151 3240//3240 3242//3242
f 3152//3152 3241//3241 3243//3243
f 3151//3151 3244//3244 3153//3153
f 3152//3152 3245//3245 3154//3154
f 3153//3153 3246//3246 3155//3155
f 3154//3154 3247//3247 3156//3156
f 3157//3157 3246//3246 3248//3248
f 3158//3158 3247//3247 3249//3249
f 3157//3157 3250//3250 3159//3159
f 3158//3158 3251//3251 3160//3160
f 3161//3161 3250//3250 3252//3252
f 3162//3162 3251//3251 3253//3253
f 3163//3163 3252//3252 3254//3254
f 3162//3162 3255//3255 3164//3164
f 3165//3165 3254//3254 3256//3256
f 3164//3164 3257//3257 3166//3166
f 3165//3165 3258//3258 3069//3069
f 3167//3167 3257//3257 3259//3259
f 3070//3070 3258//3258 3260//3260
f 3167//3167 3261//3261 3071//3071
f 3070//3070 3262//3262 3072//3072
f 3073//3073 3261//3261 3263//3263
f 3072//3072 3264//3264 3074//3074
f 3073//3073 3265//3265 3075//3075
f 3076//3076 3264//3264 3266//3266
f 3077//3077 3265//3265 3168//3168
f 3076//3076 3170//3170 3078//3078
f 3178//3178 3267//3267 3180//3180
f 3181//3181 3268//3268 3269//3269
f 3182//3182 3267//3267 3270//3270
f 3181//3181 3271//3271 3183//3183
f 3184//3184 3270//3270 3272//3272
f 3185//3185 3271//3271 3273//3273
f 3186//3186 3272//3272 3274//3274
f 3187//3187 3273//3273 3275//3275
f 3188//3188 3274//3274 3276//3276
f 3189//3189 3275//3275 3277//3277
f 3188//3188 3278//3278 3190//3190
f 3191//3191 3277//3277 3279//3279
f 3192//3192 3278//3278 3280//3280
f 3191//3191 3281//3281 3193//3193
f 3192//3192 3282//3282 3194//3194
f 3193//3193 3283//3283 3195//3195
f 3196//3196 3282//3282 3284//3284
f 3195//3195 3285//3285 3197//3197
f 3198//3198 3284//3284 3286//3286
f 3199//3199 3285//3285 3287//3287
f 3198//3198 3288//3288 3200//3200
f 3201//3201 3287//3287 3289//3289
f 3202//3202 3288//3288 3290//3290
f 3203//3203 3289//3289 3291//3291
f 3202//3202 3292//3292 3204//3204
f 3203//3203 3293//3293 3205//3205
f 3206//3206 3292//3292 3294//3294
f 3205//3205 3295//3295 3207//3207
f 3206//3206 3296//3296 3208//3208
f 3207//3207 3297//3297 3209//3209
f 3210//3210 3296//3296 3298//3298
f 3211//3211 3297//3297 3299//3299
f 3210//3210 3300//3300 3212//3212
f 3211//3211 3301//3301 3213//3213
f 3300//3300 63//63 3212//3212
f 3213//3213 3302//3302 3214//3214
f 3215//3215 3302//3302 3303//3303
f 3215//3215 3304//3304 3216//3216
f 3217//3217 3304//3304 3305//3305
f 3306//3306 3218//3218 73//73
f 3219//3219 3305//3305 3307//3307
f 3218//3218 3308//3308 3220//3220
f 3219//3219 3309//3309 3221//3221
f 3220//3220 3310//3310 3222//3222
f 3223//3223 3309//3309 3311//3311
f 3224//3224 3310//3310 3312//3312
f 3225//3225 3311//3311 3313//3313
f 3224//3224 3314//3314 3226//3226
f 3227//3227 3313//3313 3315//3315
f 3228//3228 3314//3314 3316//3316
f 3227//3227 3317//3317 3229//3229
f 3228//3228 3318//3318 3230//3230
f 3229//3229 3319//3319 3231//3231
f 3232//3232 3318//3318 3320//3320
f 3231//3231 3321//3321 3233//3233
f 3232//3232 3322//3322 3234//3234
f 3235//3235 3321//3321 3323//3323
f 3234//3234 3324//3324 3236//3236
f 3237//3237 3323//3323 3325//3325
f 3238//3238 3324//3324 3326//3326
f 3239//3239 3325//3325 3327//3327
f 3238//3238 3328//3328 3240//3240
f 3239//3239 3329//3329 3241//3241
f 3242//3242 3328//3328 3330//3330
f 3241//3241 3331//3331 3243//3243
f 3242//3242 3332//3332 3244//3244
f 3243//3243 3333//3333 3245//3245
f 3244//3244 3334//3334 3246//3246
f 3245//3245 3335//3335 3247//3247
f 3246//3246 3336//3336 3248//3248
f 3249//3249 3335//3335 3337//3337
f 3248//3248 3338//3338 3250//3250
f 3249//3249 3339//3339 3251//3251
f 3252//3252 3338//3338 3340//3340
f 3253//3253 3339//3339 3341//3341
f 3254//3254 3340//3340 3342//3342
f 3253//3253 3343//3343 3255//3255
f 3256//3256 3342//3342 3344//3344
f 3255//3255 3345//3345 3257//3257
f 3256//3256 3346//3346 3258//3258
f 3259//3259 3345//3345 3347//3347
f 3260//3260 3346//3346 3348//3348
f 3259//3259 3349//3349 3261//3261
f 3260//3260 3350//3350 3262//3262
f 3263//3263 3349//3349 3351//3351
f 3262//3262 3352//3352 3264//3264
f 3263//3263 3353//3353 3265//3265
f 3266//3266 3352//3352 3354//3354
f 3168//3168 3353//3353 3355//3355
f 3266//3266 3356//3356 3170//3170
f 3169//3169 3355//3355 3357//3357
f 3171//3171 3356//3356 3358//3358
f 3169//3169 3359//3359 3172//3172
f 3171//3171 3360//3360 3173//3173
f 3174//3174 3359//3359 3361//3361
f 3175//3175 3360//3360 3362//3362
f 3174//3174 3363//3363 3176//3176
f 3177//3177 3362//3362 3364//3364
f 3176//3176 3365//3365 3178//3178
f 3177//3177 3268//3268 3179//3179
f 3277//3277 3366//3366 3367//3367
f 3276//3276 3368//3368 3278//3278
f 3279//3279 3367//3367 3369//3369
f 3280//3280 3368//3368 3370//3370
f 3279//3279 3371//3371 3281//3281
f 3280//3280 3372//3372 3282//3282
f 3281//3281 3373//3373 3283//3283
f 3284//3284 3372//3372 3374//3374
f 3283//3283 3375//3375 3285//3285
f 3284//3284 3376//3376 3286//3286
f 3287//3287 3375//3375 3377//3377
f 3286//3286 3378//3378 3288//3288
f 3289//3289 3377//3377 3379//3379
f 3288//3288 3380//3380 3290//3290
f 3291//3291 3379//3379 3381//3381
f 3290//3290 3382//3382 3292//3292
f 3291//3291 3383//3383 3293//3293
f 3294//3294 3382//3382 3384//3384
f 3293//3293 3385//3385 3295//3295
f 3294//3294 3386//3386 3296//3296
f 3295//3295 3387//3387 3297//3297
f 3298//3298 3386//3386 3388//3388
f 3299//3299 3387//3387 3389//3389
f 3298//3298 3390//3390 3300//3300
f 3299//3299 3391//3391 3301//3301
f 3390//3390 63//63 3300//3300
f 3301//3301 3392//3392 3302//3302
f 3303//3303 3392//3392 3393//3393
f 3303//3303 3394//3394 3304//3304
f 3305//3305 3394//3394 3395//3395
f 3396//3396 3306//3306 73//73
f 3307//3307 3395//3395 3397//3397
f 3308//3308 3396//3396 3398//3398
f 3307//3307 3399//3399 3309//3309
f 3308//3308 3400//3400 3310//3310
f 3311//3311 3399//3399 3401//3401
f 3310//3310 3402//3402 3312//3312
f 3313//3313 3401//3401 3403//3403
f 3312//3312 3404//3404 3314//3314
f 3315//3315 3403//3403 3405//3405
f 3316//3316 3404//3404 3406//3406
f 3315//3315 3407//3407 3317//3317
f 3318//3318 3406//3406 3408//3408
f 3317//3317 3409//3409 3319//3319
f 3320//3320 3408//3408 3410//3410
f 3319//3319 3411//3411 3321//3321
f 3320//3320 3412//3412 3322//3322
f 3323//3323 3411//3411 3413//3413
f 3322//3322 3414//3414 3324//3324
f 3325//3325 3413//3413 3415//3415
f 3326//3326 3414//3414 3416//3416
f 3327//3327 3415//3415 3417//3417
f 3326//3326 3418//3418 3328//3328
f 3327//3327 3419//3419 3329//3329
f 3330//3330 3418//3418 3420//3420
f 3331//3331 3419//3419 3421//3421
f 3330//3330 3422//3422 3332//3332
f 3331//3331 3423//3423 3333//3333
f 3332//3332 3424//3424 3334//3334
f 3333//3333 3425//3425 3335//3335
f 3336//3336 3424//3424 3426//3426
f 3337//3337 3425//3425 3427//3427
f 3336//3336 3428//3428 3338//3338
f 3337//3337 3429//3429 3339//3339
f 3340//3340 3428//3428 3430//3430
f 3341//3341 3429//3429 3431//3431
f 3342//3342 3430//3430 3432//3432
f 3341//3341 3433//3433 3343//3343
f 3344//3344 3432//3432 3434//3434
f 3343//3343 3435//3435 3345//3345
f 3344//3344 3436//3436 3346//3346
f 3347//3347 3435//3435 3437//3437
f 3348//3348 3436//3436 3438//3438
f 3347//3347 3439//3439 3349//3349
f 3348//3348 3440//3440 3350//3350
f 3351//3351 3439//3439 3441//3441
f 3350//3350 3442//3442 3352//3352
f 3351//3351 3443//3443 3353//3353
f 3354//3354 3442//3442 3444//3444
f 3355//3355 3443//3443 3445//3445
f 3354//3354 3446//3446 3356//3356
f 3357//3357 3445//3445 3447//3447
f 3358//3358 3446//3446 3448//3448
f 3357//3357 3449//3449 3359//3359
f 3358//3358 3450//3450 3360//3360
f 3361//3361 3449//3449 3451//3451
f 3362//3362 3450//3450 3452//3452
f 3361//3361 3453//3453 3363//3363
f 3364//3364 3452//3452 3454//3454
f 3363//3363 3455//3455 3365//3365
f 3364//3364 3456//3456 3268//3268
f 3365//3365 3457//3457 3267//3267
f 3269//3269 3456//3456 3458//3458
f 3270//3270 3457//3457 3459//3459
f 3269//3269 3460//3460 3271//3271
f 3270//3270 3461//3461 3272//3272
f 3273//3273 3460//3460 3462//3462
f 3274//3274 3461//3461 3463//3463
f 3275//3275 3462//3462 3366//3366
f 3276//3276 3463//3463 3464//3464
f 3376//3376 3465//3465 3466//3466
f 3377//3377 3467//3467 3468//3468
f 3376//3376 3469//3469 3378//3378
f 3379//3379 3468//3468 3470//3470
f 3378//3378 3471//3471 3380//3380
f 3381//3381 3470//3470 3472//3472
f 3382//3382 3471//3471 3473//3473
f 3381//3381 3474//3474 3383//3383
f 3382//3382 3475//3475 3384//3384
f 3383//3383 3476//3476 3385//3385
f 3384//3384 3477//3477 3386//3386
f 3385//3385 3478//3478 3387//3387
f 3386//3386 3479//3479 3388//3388
f 3389//3389 3478//3478 3480//3480
f 3390//3390 3479//3479 3481//3481
f 3389//3389 3482//3482 3391//3391
f 3481//3481 63//63 3390//3390
f 3391//3391 3483//3483 3392//3392
f 3393//3393 3483//3483 3484//3484
f 3393//3393 3485//3485 3394//3394
f 3395//3395 3485//3485 3486//3486
f 3487//3487 3396//3396 73//73
f 3397//3397 3486//3486 3488//3488
f 3396//3396 3489//3489 3398//3398
f 3397//3397 3490//3490 3399//3399
f 3398//3398 3491//3491 3400//3400
f 3401//3401 3490//3490 3492//3492
f 3402//3402 3491//3491 3493//3493
f 3403//3403 3492//3492 3494//3494
f 3402//3402 3495//3495 3404//3404
f 3405//3405 3494//3494 3496//3496
f 3406//3406 3495//3495 3497//3497
f 3405//3405 3498//3498 3407//3407
f 3406//3406 3499//3499 3408//3408
f 3407//3407 3500//3500 3409//3409
f 3410//3410 3499//3499 3501//3501
f 3409//3409 3502//3502 3411//3411
f 3410//3410 3503//3503 3412//3412
f 3411//3411 3504//3504 3413//3413
f 3412//3412 3505//3505 3414//3414
f 3415//3415 3504//3504 3506//3506
f 3416//3416 3505//3505 3507//3507
f 3417//3417 3506//3506 3508//3508
f 3416//3416 3509//3509 3418//3418
f 3417//3417 3510//3510 3419//3419
f 3420//3420 3509//3509 3511//3511
f 3419//3419 3512//3512 3421//3421
f 3420//3420 3513//3513 3422//3422
f 3421//3421 3514//3514 3423//3423
f 3422//3422 3515//3515 3424//3424
f 3423//3423 3516//3516 3425//3425
f 3426//3426 3515//3515 3517//3517
f 3427//3427 3516//3516 3518//3518
f 3426//3426 3519//3519 3428//3428
f 3427//3427 3520//3520 3429//3429
f 3430//3430 3519//3519 3521//3521
f 3431//3431 3520//3520 3522//3522
f 3432//3432 3521//3521 3523//3523
f 3431//3431 3524//3524 3433//3433
f 3434//3434 3523//3523 3525//3525
f 3433//3433 3526//3526 3435//3435
f 3434//3434 3527//3527 3436//3436
f 3437//3437 3526//3526 3528//3528
f 3438//3438 3527//3527 3529//3529
f 3437//3437 3530//3530 3439//3439
f 3438//3438 3531//3531 3440//3440
f 3441//3441 3530//3530 3532//3532
f 3440//3440 3533//3533 3442//3442
f 3441//3441 3534//3534 3443//3443
f 3444//3444 3533//3533 3535//3535
f 3445//3445 3534//3534 3536//3536
f 3444//3444 3537//3537 3446//3446
f 3447//3447 3536//3536 3538//3538
f 3448//3448 3537//3537 3539//3539
f 3447//3447 3540//3540 3449//3449
f 3448//3448 3541//3541 3450//3450
f 3451//3451 3540//3540 3542//3542
f 3452//3452 3541//3541 3543//3543
f 3451//3451 3544//3544 3453//3453
f 3454//3454 3543//3543 3545//3545
f 3453//3453 3546//3546 3455//3455
f 3454//3454 3547//3547 3456//3456
f 3455//3455 3548//3548 3457//3457
f 3458//3458 3547//3547 3549//3549
f 3459//3459 3548//3548 3550//3550
f 3458//3458 3551//3551 3460//3460
f 3459//3459 3552//3552 3461//3461
f 3462//3462 3551//3551 3553//3553
f 3463//3463 3552//3552 3554//3554
f 3366//3366 3553//3553 3555//3555
f 3464//3464 3554//3554 3556//3556
f 3366//3366 3557//3557 3367//3367
f 3464//3464 3558//3558 3368//3368
f 3369//3369 3557//3557 3559//3559
f 3370//3370 3558//3558 3560//3560
f 3369//3369 3561//3561 3371//3371
f 3370//3370 3562//3562 3372//3372
f 3371//3371 3563//3563 3373//3373
f 3374//3374 3562//3562 3465//3465
f 3375//3375 3563//3563 3467//3467
f 3546//3546 3564//3564 3548//3548
f 3549//3549 3565//3565 3566//3566
f 3550//3550 3564//3564 3567//3567
f 3549//3549 3568//3568 3551//3551
f 3552//3552 3567//3567 3569//3569
f 3553//3553 3568//3568 3570//3570
f 3554//3554 3569//3569 3571//3571
f 3555//3555 3570//3570 3572//3572
f 3554//3554 3573//3573 3556//3556
f 3557//3557 3572//3572 3574//3574
f 3556//3556 3575//3575 3558//3558
f 3559//3559 3574//3574 3576//3576
f 3560//3560 3575//3575 3577//3577
f 3559//3559 3578//3578 3561//3561
f 3560//3560 3579//3579 3562//3562
f 3561//3561 3580//3580 3563//3563
f 3465//3465 3579//3579 3581//3581
f 3467//3467 3580//3580 3582//3582
f 3466//3466 3581//3581 3583//3583
f 3468//3468 3582//3582 3584//3584
f 3466//3466 3585//3585 3469//3469
f 3470//3470 3584//3584 3586//3586
f 3469//3469 3587//3587 3471//3471
f 3472//3472 3586//3586 3588//3588
f 3471//3471 3589//3589 3473//3473
f 3472//3472 3590//3590 3474//3474
f 3475//3475 3589//3589 3591//3591
f 3474//3474 3592//3592 3476//3476
f 3475//3475 3593//3593 3477//3477
f 3476//3476 3594//3594 3478//3478
f 3479//3479 3593//3593 3595//3595
f 3480//3480 3594//3594 3596//3596
f 3479//3479 3597//3597 3481//3481
f 3480//3480 3598//3598 3482//3482
f 3597//3597 63//63 3481//3481
f 3482//3482 3599//3599 3483//3483
f 3484//3484 3599//3599 3600//3600
f 3484//3484 3601//3601 3485//3485
f 3486//3486 3601//3601 3602//3602
f 3603//3603 3487//3487 73//73
f 3488//3488 3602//3602 3604//3604
f 3489//3489 3603//3603 3605//3605
f 3488//3488 3606//3606 3490//3490
f 3489//3489 3607//3607 3491//3491
f 3492//3492 3606//3606 3608//3608
f 3491//3491 3609//3609 3493//3493
f 3494//3494 3608//3608 3610//3610
f 3493//3493 3611//3611 3495//3495
f 3496//3496 3610//3610 3612//3612
f 3497//3497 3611//3611 3613//3613
f 3496//3496 3614//3614 3498//3498
f 3499//3499 3613//3613 3615//3615
f 3498//3498 3616//3616 3500//3500
f 3501//3501 3615//3615 3617//3617
f 3500//3500 3618//3618 3502//3502
f 3501//3501 3619//3619 3503//3503
f 3502//3502 3620//3620 3504//3504
f 3503//3503 3621//3621 3505//3505
f 3506//3506 3620//3620 3622//3622
f 3507//3507 3621//3621 3623//3623
f 3508//3508 3622//3622 3624//3624
f 3507//3507 3625//3625 3509//3509
f 3508//3508 3626//3626 3510//3510
f 3511//3511 3625//3625 3627//3627
f 3512//3512 3626//3626 3628//3628
f 3513//3513 3627//3627 3629//3629
f 3512//3512 3630//3630 3514//3514
f 3513//3513 3631//3631 3515//3515
f 3514//3514 3632//3632 3516//3516
f 3515//3515 3633//3633 3517//3517
f 3518//3518 3632//3632 3634//3634
f 3517//3517 3635//3635 3519//3519
f 3518//3518 3636//3636 3520//3520
f 3521//3521 3635//3635 3637//3637
f 3522//3522 3636//3636 3638//3638
f 3523//3523 3637//3637 3639//3639
f 3522//3522 3640//3640 3524//3524
f 3525//3525 3639//3639 3641//3641
f 3524//3524 3642//3642 3526//3526
f 3525//3525 3643//3643 3527//3527
f 3528//3528 3642//3642 3644//3644
f 3529//3529 3643//3643 3645//3645
f 3528//3528 3646//3646 3530//3530
f 3529//3529 3647//3647 3531//3531
f 3532//3532 3646//3646 3648//3648
f 3531//3531 3649//3649 3533//3533
f 3532//3532 3650//3650 3534//3534
f 3535//3535 3649//3649 3651//3651
f 3536//3536 3650//3650 3652//3652
f 3535//3535 3653//3653 3537//3537
f 3538//3538 3652//3652 3654//3654
f 3539//3539 3653//3653 3655//3655
f 3538//3538 3656//3656 3540//3540
f 3539//3539 3657//3657 3541//3541
f 3542//3542 3656//3656 3658//3658
f 3543//3543 3657//3657 3659//3659
f 3542//3542 3660//3660 3544//3544
f 3545//3545 3659//3659 3661//3661
f 3544//3544 3662//3662 3546//3546
f 3545//3545 3565//3565 3547//3547
f 3574//3574 3663//3663 3664//3664
f 3573//3573 3665//3665 3575//3575
f 3576//3576 3664//3664 3666//3666
f 3577//3577 3665//3665 3667//3667
f 3576//3576 3668//3668 3578//3578
f 3577//3577 3669//3669 3579//3579
f 3578//3578 3670//3670 3580//3580
f 3581//3581 3669//3669 3671//3671
f 3582//3582 3670//3670 3672//3672
f 3583//3583 3671//3671 3673//3673
f 3584//3584 3672//3672 3674//3674
f 3583//3583 3675//3675 3585//3585
f 3586//3586 3674//3674 3676//3676
f 3587//3587 3675//3675 3677//3677
f 3588//3588 3676//3676 3678//3678
f 3587//3587 3679//3679 3589//3589
f 3588//3588 3680//3680 3590//3590
f 3591//3591 3679//3679 3681//3681
f 3590//3590 3682//3682 3592//3592
f 3591//3591 3683//3683 3593//3593
f 3592//3592 3684//3684 3594//3594
f 3593//3593 3685//3685 3595//3595
f 3596//3596 3684//3684 3686//3686
f 3595//3595 3687//3687 3597//3597
f 3596//3596 3688//3688 3598//3598
f 3687//3687 63//63 3597//3597
f 3598//3598 3689//3689 3599//3599
f 3600//3600 3689//3689 3690//3690
f 3600//3600 3691//3691 3601//3601
f 3602//3602 3691//3691 3692//3692
f 3693//3693 3603//3603 73//73
f 3604//3604 3692//3692 3694//3694
f 3605//3605 3693//3693 3695//3695
f 3604//3604 3696//3696 3606//3606
f 3605//3605 3697//3697 3607//3607
f 3608//3608 3696//3696 3698//3698
f 3609//3609 3697//3697 3699//3699
f 3610//3610 3698//3698 3700//3700
f 3609//3609 3701//3701 3611//3611
f 3612//3612 3700//3700 3702//3702
f 3613//3613 3701//3701 3703//3703
f 3612//3612 3704//3704 3614//3614
f 3613//3613 3705//3705 3615//3615
f 3614//3614 3706//3706 3616//3616
f 3617//3617 3705//3705 3707//3707
f 3616//3616 3708//3708 3618//3618
f 3617//3617 3709//3709 3619//3619
f 3618//3618 3710//3710 3620//3620
f 3619//3619 3711//3711 3621//3621
f 3622//3622 3710//3710 3712//3712
f 3623//3623 3711//3711 3713//3713
f 3624//3624 3712//3712 3714//3714
f 3623//3623 3715//3715 3625//3625
f 3624//3624 3716//3716 3626//3626
f 3627//3627 3715//3715 3717//3717
f 3626//3626 3718//3718 3628//3628
f 3629//3629 3717//3717 3719//3719
f 3628//3628 3720//3720 3630//3630
f 3629//3629 3721//3721 3631//3631
f 3630//3630 3722//3722 3632//3632
f 3631//3631 3723//3723 3633//3633
f 3634//3634 3722//3722 3724//3724
f 3633//3633 3725//3725 3635//3635
f 3634//3634 3726//3726 3636//3636
f 3637//3637 3725//3725 3727//3727
f 3638//3638 3726//3726 3728//3728
f 3639//3639 3727//3727 3729//3729
f 3638//3638 3730//3730 3640//3640
f 3641//3641 3729//3729 3731//3731
f 3640//3640 3732//3732 3642//3642
f 3641//3641 3733//3733 3643//3643
f 3644//3644 3732//3732 3734//3734
f 3645//3645 3733//3733 3735//3735
f 3644//3644 3736//3736 3646//3646
f 3645//3645 3737//3737 3647//3647
f 3648//3648 3736//3736 3738//3738
f 3647//3647 3739//3739 3649//3649
f 3648//3648 3740//3740 3650//3650
f 3651//3651 3739//3739 3741//3741
f 3652//3652 3740//3740 3742//3742
f 3651//3651 3743//3743 3653//3653
f 3654//3654 3742//3742 3744//3744
f 3655//3655 3743//3743 3745//3745
f 3654//3654 3746//3746 3656//3656
f 3655//3655 3747//3747 3657//3657
f 3658//3658 3746//3746 3748//3748
f 3659//3659 3747//3747 3749//3749
f 3658//3658 3750//3750 3660//3660
f 3661//3661 3749//3749 3751//3751
f 3660//3660 3752//3752 3662//3662
f 3661//3661 3753//3753 3565//3565
f 3662//3662 3754//3754 3564//3564
f 3566//3566 3753//3753 3755//3755
f 3567//3567 3754//3754 3756//3756
f 3566//3566 3757//3757 3568//3568
f 3569//3569 3756//3756 3758//3758
f 3570//3570 3757//3757 3759//3759
f 3571//3571 3758//3758 3760//3760
f 3572//3572 3759//3759 3663//3663
f 3571//3571 3761//3761 3573//3573
f 3673//3673 3762//3762 3763//3763
f 3674//3674 3764//3764 3765//3765
f 3673//3673 3766//3766 3675//3675
f 3676//3676 3765//3765 3767//3767
f 3675//3675 3768//3768 3677//3677
f 3678//3678 3767//3767 3769//3769
f 3677//3677 3770//3770 3679//3679
f 3678//3678 3771//3771 3680//3680
f 3681//3681 3770//3770 3772//3772
f 3680//3680 3773//3773 3682//3682
f 3681//3681 3774//3774 3683//3683
f 3682//3682 3775//3775 3684//3684
f 3685//3685 3774//3774 3776//3776
f 3686//3686 3775//3775 3777//3777
f 3687//3687 3776//3776 3778//3778
f 3686//3686 3779//3779 3688//3688
f 3778//3778 63//63 3687//3687
f 3688//3688 3780//3780 3689//3689
f 3690//3690 3780//3780 3781//3781
f 3690//3690 3782//3782 3691//3691
f 3692//3692 3782//3782 3783//3783
f 3784//3784 3693//3693 73//73
f 3694//3694 3783//3783 3785//3785
f 3693//3693 3786//3786 3695//3695
f 3694//3694 3787//3787 3696//3696
f 3695//3695 3788//3788 3697//3697
f 3698//3698 3787//3787 3789//3789
f 3699//3699 3788//3788 3790//3790
f 3700//3700 3789//3789 3791//3791
f 3699//3699 3792//3792 3701//3701
f 3702//3702 3791//3791 3793//3793
f 3703//3703 3792//3792 3794//3794
f 3702//3702 3795//3795 3704//3704
f 3705//3705 3794//3794 3796//3796
f 3704//3704 3797//3797 3706//3706
f 3707//3707 3796//3796 3798//3798
f 3706//3706 3799//3799 3708//3708
f 3707//3707 3800//3800 3709//3709
f 3710//3710 3799//3799 3801//3801
f 3709//3709 3802//3802 3711//3711
f 3712//3712 3801//3801 3803//3803
f 3713//3713 3802//3802 3804//3804
f 3714//3714 3803//3803 3805//3805
f 3713//3713 3806//3806 3715//3715
f 3714//3714 3807//3807 3716//3716
f 3717//3717 3806//3806 3808//3808
f 3718//3718 3807//3807 3809//3809
f 3719//3719 3808//3808 3810//3810
f 3718//3718 3811//3811 3720//3720
f 3719//3719 3812//3812 3721//3721
f 3720//3720 3813//3813 3722//3722
f 3721//3721 3814//3814 3723//3723
f 3724//3724 3813//3813 3815//3815
f 3723//3723 3816//3816 3725//3725
f 3724//3724 3817//3817 3726//3726
f 3727//3727 3816//3816 3818//3818
f 3728//3728 3817//3817 3819//3819
f 3729//3729 3818//3818 3820//3820
f 3728//3728 3821//3821 3730//3730
f 3731//3731 3820//3820 3822//3822
f 3730//3730 3823//3823 3732//3732
f 3731//3731 3824//3824 3733//3733
f 3734//3734 3823//3823 3825//3825
f 3735//3735 3824//3824 3826//3826
f 3734//3734 3827//3827 3736//3736
f 3735//3735 3828//3828 3737//3737
f 3738//3738 3827//3827 3829//3829
f 3737//3737 3830//3830 3739//3739
f 3738//3738 3831//3831 3740//3740
f 3741//3741 3830//3830 3832//3832
f 3742//3742 3831//3831 3833//3833
f 3741//3741 3834//3834 3743//3743
f 3744//3744 3833//3833 3835//3835
f 3745//3745 3834//3834 3836//3836
f 3744//3744 3837//3837 3746//3746
f 3745//3745 3838//3838 3747//3747
f 3748//3748 3837//3837 3839//3839
f 3749//3749 3838//3838 3840//3840
f 3748//3748 3841//3841 3750//3750
f 3751//3751 3840//3840 3842//3842
f 3750//3750 3843//3843 3752//3752
f 3751//3751 3844//3844 3753//3753
f 3752//3752 3845//3845 3754//3754
f 3755//3755 3844//3844 3846//3846
f 3756//3756 3845//3845 3847//3847
f 3755//3755 3848//3848 3757//3757
f 3758//3758 3847//3847 3849//3849
f 3759//3759 3848//3848 3850//3850
f 3760//3760 3849//3849 3851//3851
f 3663//3663 3850//3850 3852//3852
f 3761//3761 3851//3851 3853//3853
f 3663//3663 3854//3854 3664//3664
f 3761//3761 3855//3855 3665//3665
f 3666//3666 3854//3854 3856//3856
f 3667//3667 3855//3855 3857//3857
f 3666//3666 3858//3858 3668//3668
f 3667//3667 3859//3859 3669//3669
f 3668//3668 3860//3860 3670//3670
f 3671//3671 3859//3859 3762//3762
f 3670//3670 3764//3764 3672//3672
f 3771//3771 3861//3861 3773//3773
f 3772//3772 3862//3862 3774//3774
f 3773//3773 3863//3863 3775//3775
f 3776//3776 3862//3862 3864//3864
f 3777//3777 3863//3863 3865//3865
f 3776//3776 3866//3866 3778//3778
f 3777//3777 3867//3867 3779//3779
f 3866//3866 63//63 3778//3778
f 3779//3779 3868//3868 3780//3780
f 3781//3781 3868//3868 3869//3869
f 3781//3781 3870//3870 3782//3782
f 3783//3783 3870//3870 3871//3871
f 3872//3872 3784//3784 73//73
f 3785//3785 3871//3871 3873//3873
f 3786//3786 3872//3872 3874//3874
f 3785//3785 3875//3875 3787//3787
f 3786//3786 3876//3876 3788//3788
f 3789//3789 3875//3875 3877//3877
f 3790//3790 3876//3876 3878//3878
f 3791//3791 3877//3877 3879//3879
f 3790//3790 3880//3880 3792//3792
f 3793//3793 3879//3879 3881//3881
f 3794//3794 3880//3880 3882//3882
f 3793//3793 3883//3883 3795//3795
f 3796//3796 3882//3882 3884//3884
f 3797//3797 3883//3883 3885//3885
f 3798//3798 3884//3884 3886//3886
f 3797//3797 3887//3887 3799//3799
f 3798//3798 3888//3888 3800//3800
f 3801//3801 3887//3887 3889//3889
f 3800//3800 3890//3890 3802//3802
f 3803//3803 3889//3889 3891//3891
f 3804//3804 3890//3890 3892//3892
f 3805//3805 3891//3891 3893//3893
f 3804//3804 3894//3894 3806//3806
f 3805//3805 3895//3895 3807//3807
f 3808//3808 3894//3894 3896//3896
f 3809//3809 3895//3895 3897//3897
f 3808//3808 3898//3898 3810//3810
f 3809//3809 3899//3899 3811//3811
f 3810//3810 3900//3900 3812//3812
f 3811//3811 3901//3901 3813//3813
f 3812//3812 3902//3902 3814//3814
f 3815//3815 3901//3901 3903//3903
f 3814//3814 3904//3904 3816//3816
f 3815//3815 3905//3905 3817//3817
f 3818//3818 3904//3904 3906//3906
f 3819//3819 3905//3905 3907//3907
f 3818//3818 3908//3908 3820//3820
f 3819//3819 3909//3909 3821//3821
f 3822//3822 3908//3908 3910//3910
f 3821//3821 3911//3911 3823//3823
f 3822//3822 3912//3912 3824//3824
f 3825//3825 3911//3911 3913//3913
f 3826//3826 3912//3912 3914//3914
f 3825//3825 3915//3915 3827//3827
f 3826//3826 3916//3916 3828//3828
f 3829//3829 3915//3915 3917//3917
f 3828//3828 3918//3918 3830//3830
f 3829//3829 3919//3919 3831//3831
f 3832//3832 3918//3918 3920//3920
f 3833//3833 3919//3919 3921//3921
f 3832//3832 3922//3922 3834//3834
f 3835//3835 3921//3921 3923//3923
f 3836//3836 3922//3922 3924//3924
f 3835//3835 3925//3925 3837//3837
f 3836//3836 3926//3926 3838//3838
f 3839//3839 3925//3925 3927//3927
f 3840//3840 3926//3926 3928//3928
f 3839//3839 3929//3929 3841//3841
f 3842//3842 3928//3928 3930//3930
f 3843//3843 3929//3929 3931//3931
f 3842//3842 3932//3932 3844//3844
f 3843//3843 3933//3933 3845//3845
f 3846//3846 3932//3932 3934//3934
f 3847//3847 3933//3933 3935//3935
f 3846//3846 3936//3936 3848//3848
f 3849//3849 3935//3935 3937//3937
f 3850//3850 3936//3936 3938//3938
f 3851//3851 3937//3937 3939//3939
f 3852//3852 3938//3938 3940//3940
f 3851//3851 3941//3941 3853//3853
f 3852//3852 3942//3942 3854//3854
f 3853//3853 3943//3943 3855//3855
f 3856//3856 3942//3942 3944//3944
f 3857//3857 3943//3943 3945//3945
f 3856//3856 3946//3946 3858//3858
f 3857//3857 3947//3947 3859//3859
f 3858//3858 3948//3948 3860//3860
f 3762//3762 3947//3947 3949//3949
f 3860//3860 3950//3950 3764//3764
f 3763//3763 3949//3949 3951//3951
f 3765//3765 3950//3950 3952//3952
f 3763//3763 3953//3953 3766//3766
f 3765//3765 3954//3954 3767//3767
f 3766//3766 3955//3955 3768//3768
f 3769//3769 3954//3954 3956//3956
f 3768//3768 3957//3957 3770//3770
f 3769//3769 3958//3958 3771//3771
f 3772//3772 3957//3957 3959//3959
f 3869//3869 3960//3960 3961//3961
f 3870//3870 3961//3961 3962//3962
f 3871//3871 3962//3962 3963//3963
f 3964//3964 3872//3872 73//73
f 3873//3873 3963//3963 3965//3965
f 3874//3874 3964//3964 3966//3966
f 3873//3873 3967//3967 3875//3875
f 3874//3874 3968//3968 3876//3876
f 3877//3877 3967//3967 3969//3969
f 3878//3878 3968//3968 3970//3970
f 3879//3879 3969//3969 3971//3971
f 3878//3878 3972//3972 3880//3880
f 3881//3881 3971//3971 3973//3973
f 3882//3882 3972//3972 3974//3974
f 3881//3881 3975//3975 3883//3883
f 3882//3882 3976//3976 3884//3884
f 3885//3885 3975//3975 3977//3977
f 3886//3886 3976//3976 3978//3978
f 3885//3885 3979//3979 3887//3887
f 3886//3886 3980//3980 3888//3888
f 3889//3889 3979//3979 3981//3981
f 3888//3888 3982//3982 3890//3890
f 3891//3891 3981//3981 3983//3983
f 3892//3892 3982//3982 3984//3984
f 3893//3893 3983//3983 3985//3985
f 3892//3892 3986//3986 3894//3894
f 3893//3893 3987//3987 3895//3895
f 3896//3896 3986//3986 3988//3988
f 3897//3897 3987//3987 3989//3989
f 3898//3898 3988//3988 3990//3990
f 3897//3897 3991//3991 3899//3899
f 3898//3898 3992//3992 3900//3900
f 3899//3899 3993//3993 3901//3901
f 3902//3902 3992//3992 3994//3994
f 3903//3903 3993//3993 3995//3995
f 3902//3902 3996//3996 3904//3904
f 3903//3903 3997//3997 3905//3905
f 3906//3906 3996//3996 3998//3998
f 3907//3907 3997//3997 3999//3999
f 3908//3908 3998//3998 4000//4000
f 3907//3907 4001//4001 3909//3909
f 3910//3910 4000//4000 4002//4002
f 3909//3909 4003//4003 3911//3911
f 3910//3910 4004//4004 3912//3912
f 3913//3913 4003//4003 4005//4005
f 3914//3914 4004//4004 4006//4006
f 3913//3913 4007//4007 3915//3915
f 3914//3914 4008//4008 3916//3916
f 3917//3917 4007//4007 4009//4009
f 3916//3916 4010//4010 3918//3918
f 3917//3917 4011//4011 3919//3919
f 3920//3920 4010//4010 4012//4012
f 3921//3921 4011//4011 4013//4013
f 3920//3920 4014//4014 3922//3922
f 3923//3923 4013//4013 4015//4015
f 3924//3924 4014//4014 4016//4016
f 3923//3923 4017//4017 3925//3925
f 3924//3924 4018//4018 3926//3926
f 3927//3927 4017//4017 4019//4019
f 3928//3928 4018//4018 4020//4020
f 3927//3927 4021//4021 3929//3929
f 3930//3930 4020//4020 4022//4022
f 3929//3929 4023//4023 3931//3931
f 3930//3930 4024//4024 3932//3932
f 3931//3931 4025//4025 3933//3933
f 3934//3934 4024//4024 4026//4026
f 3935//3935 4025//4025 4027//4027
f 3934//3934 4028//4028 3936//3936
f 3935//3935 4029//4029 3937//3937
f 3938//3938 4028//4028 4030//4030
f 3939//3939 4029//4029 4031//4031
f 3940//3940 4030//4030 4032//4032
f 3939//3939 4033//4033 3941//3941
f 3940//3940 4034//4034 3942//3942
f 3941//3941 4035//4035 3943//3943
f 3944//3944 4034//4034 4036//4036
f 3945//3945 4035//4035 4037//4037
f 3944//3944 4038//4038 3946//3946
f 3945//3945 4039//4039 3947//3947
f 3946//3946 4040//4040 3948//3948
f 3949//3949 4039//4039 4041//4041
f 3948//3948 4042//4042 3950//3950
f 3951//3951 4041//4041 4043//4043
f 3952//3952 4042//4042 4044//4044
f 3951//3951 4045//4045 3953//3953
f 3954//3954 4044//4044 4046//4046
f 3953//3953 4047//4047 3955//3955
f 3956//3956 4046//4046 4048//4048
f 3955//3955 4049//4049 3957//3957
f 3956//3956 4050//4050 3958//3958
f 3959//3959 4049//4049 4051//4051
f 3958//3958 4052//4052 3861//3861
f 3959//3959 4053//4053 3862//3862
f 3861//3861 4054//4054 3863//3863
f 3862//3862 4055//4055 3864//3864
f 3865//3865 4054//4054 4056//4056
f 3864//3864 4057//4057 3866//3866
f 3865//3865 4058//4058 3867//3867
f 4057//4057 63//63 3866//3866
f 3867//3867 3960//3960 3868//3868
f 3966//3966 4059//4059 3968//3968
f 3969//3969 4060//4060 4061//4061
f 3968//3968 4062//4062 3970//3970
f 3971//3971 4061//4061 4063//4063
f 3970//3970 4064//4064 3972//3972
f 3971//3971 4065//4065 3973//3973
f 3974//3974 4064//4064 4066//4066
f 3973//3973 4067//4067 3975//3975
f 3974//3974 4068//4068 3976//3976
f 3975//3975 4069//4069 3977//3977
f 3978//3978 4068//4068 4070//4070
f 3977//3977 4071//4071 3979//3979
f 3978//3978 4072//4072 3980//3980
f 3981//3981 4071//4071 4073//4073
f 3980//3980 4074//4074 3982//3982
f 3983//3983 4073//4073 4075//4075
f 3984//3984 4074//4074 4076//4076
f 3985//3985 4075//4075 4077//4077
f 3984//3984 4078//4078 3986//3986
f 3985//3985 4079//4079 3987//3987
f 3988//3988 4078//4078 4080//4080
f 3989//3989 4079//4079 4081//4081
f 3990//3990 4080//4080 4082//4082
f 3989//3989 4083//4083 3991//3991
f 3990//3990 4084//4084 3992//3992
f 3991//3991 4085//4085 3993//3993
f 3994//3994 4084//4084 4086//4086
f 3995//3995 4085//4085 4087//4087
f 3994//3994 4088//4088 3996//3996
f 3995//3995 4089//4089 3997//3997
f 3998//3998 4088//4088 4090//4090
f 3999//3999 4089//4089 4091//4091
f 4000//4000 4090//4090 4092//4092
f 3999//3999 4093//4093 4001//4001
f 4002//4002 4092//4092 4094//4094
f 4001//4001 4095//4095 4003//4003
f 4002//4002 4096//4096 4004//4004
f 4005//4005 4095//4095 4097//4097
f 4006//4006 4096//4096 4098//4098
f 4005//4005 4099//4099 4007//4007
f 4006//4006 4100//4100 4008//4008
f 4009//4009 4099//4099 4101//4101
f 4008//4008 4102//4102 4010//4010
f 4009//4009 4103//4103 4011//4011
f 4012//4012 4102//4102 4104//4104
f 4013//4013 4103//4103 4105//4105
f 4012//4012 4106//4106 4014//4014
f 4015//4015 4105//4105 4107//4107
f 4016//4016 4106//4106 4108//4108
f 4015//4015 4109//4109 4017//4017
f 4016//4016 4110//4110 4018//4018
f 4019//4019 4109//4109 4111//4111
f 4020//4020 4110//4110 4112//4112
f 4019//4019 4113//4113 4021//4021
f 4022//4022 4112//4112 4114//4114
f 4021//4021 4115//4115 4023//4023
f 4022//4022 4116//4116 4024//4024
f 4023//4023 4117//4117 4025//4025
f 4026//4026 4116//4116 4118//4118
f 4027//4027 4117//4117 4119//4119
f 4026//4026 4120//4120 4028//4028
f 4027//4027 4121//4121 4029//4029
f 4030//4030 4120//4120 4122//4122
f 4031//4031 4121//4121 4123//4123
f 4032//4032 4122//4122 4124//4124
f 4031//4031 4125//4125 4033//4033
f 4032//4032 4126//4126 4034//4034
f 4033//4033 4127//4127 4035//4035
f 4036//4036 4126//4126 4128//4128
f 4037//4037 4127//4127 4129//4129
f 4036//4036 4130//4130 4038//4038
f 4037//4037 4131//4131 4039//4039
f 4038//4038 4132//4132 4040//4040
f 4041//4041 4131//4131 4133//4133
f 4040//4040 4134//4134 4042//4042
f 4043//4043 4133//4133 4135//4135
f 4044//4044 4134//4134 4136//4136
f 4043//4043 4137//4137 4045//4045
f 4044//4044 4138//4138 4046//4046
f 4047//4047 4137//4137 4139//4139
f 4048//4048 4138//4138 4140//4140
f 4047//4047 4141//4141 4049//4049
f 4050//4050 4140//4140 4142//4142
f 4051//4051 4141//4141 4143//4143
f 4050//4050 4144//4144 4052//4052
f 4051//4051 4145//4145 4053//4053
f 4052//4052 4146//4146 4054//4054
f 4055//4055 4145//4145 4147//4147
f 4056//4056 4146//4146 4148//4148
f 4055//4055 4149//4149 4057//4057
f 4056//4056 4150//4150 4058//4058
f 4149//4149 63//63 4057//4057
f 4058//4058 4151//4151 3960//3960
f 3961//3961 4151//4151 4152//4152
f 3961//3961 4153//4153 3962//3962
f 3963//3963 4153//4153 4154//4154
f 4155//4155 3964//3964 73//73
f 3965//3965 4154//4154 4156//4156
f 3966//3966 4155//4155 4157//4157
f 3965//3965 4060//4060 3967//3967
f 4067//4067 4158//4158 4069//4069
f 4070//4070 4159//4159 4160//4160
f 4069//4069 4161//4161 4071//4071
f 4070//4070 4162//4162 4072//4072
f 4073//4073 4161//4161 4163//4163
f 4072//4072 4164//4164 4074//4074
f 4075//4075 4163//4163 4165//4165
f 4076//4076 4164//4164 4166//4166
f 4077//4077 4165//4165 4167//4167
f 4076//4076 4168//4168 4078//4078
f 4077//4077 4169//4169 4079//4079
f 4080//4080 4168//4168 4170//4170
f 4081//4081 4169//4169 4171//4171
f 4082//4082 4170//4170 4172//4172
f 4081//4081 4173//4173 4083//4083
f 4082//4082 4174//4174 4084//4084
f 4083//4083 4175//4175 4085//4085
f 4086//4086 4174//4174 4176//4176
f 4087//4087 4175//4175 4177//4177
f 4086//4086 4178//4178 4088//4088
f 4087//4087 4179//4179 4089//4089
f 4090//4090 4178//4178 4180//4180
f 4091//4091 4179//4179 4181//4181
f 4092//4092 4180//4180 4182//4182
f 4091//4091 4183//4183 4093//4093
f 4094//4094 4182//4182 4184//4184
f 4093//4093 4185//4185 4095//4095
f 4094//4094 4186//4186 4096//4096
f 4097//4097 4185//4185 4187//4187
f 4098//4098 4186//4186 4188//4188
f 4097//4097 4189//4189 4099//4099
f 4098//4098 4190//4190 4100//4100
f 4101//4101 4189//4189 4191//4191
f 4100//4100 4192//4192 4102//4102
f 4101//4101 4193//4193 4103//4103
f 4104//4104 4192//4192 4194//4194
f 4105//4105 4193//4193 4195//4195
f 4104//4104 4196//4196 4106//4106
f 4107//4107 4195//4195 4197//4197
f 4108//4108 4196//4196 4198//4198
f 4107//4107 4199//4199 4109//4109
f 4108//4108 4200//4200 4110//4110
f 4111//4111 4199//4199 4201//4201
f 4112//4112 4200//4200 4202//4202
f 4111//4111 4203//4203 4113//4113
f 4114//4114 4202//4202 4204//4204
f 4113//4113 4205//4205 4115//4115
f 4114//4114 4206//4206 4116//4116
f 4115//4115 4207//4207 4117//4117
f 4118//4118 4206//4206 4208//4208
f 4119//4119 4207//4207 4209//4209
f 4118//4118 4210//4210 4120//4120
f 4119//4119 4211//4211 4121//4121
f 4122//4122 4210//4210 4212//4212
f 4123//4123 4211//4211 4213//4213
f 4124//4124 4212//4212 4214//4214
f 4123//4123 4215//4215 4125//4125
f 4124//4124 4216//4216 4126//4126
f 4125//4125 4217//4217 4127//4127
f 4128//4128 4216//4216 4218//4218
f 4129//4129 4217//4217 4219//4219
f 4128//4128 4220//4220 4130//4130
f 4129//4129 4221//4221 4131//4131
f 4130//4130 4222//4222 4132//4132
f 4133//4133 4221//4221 4223//4223
f 4132//4132 4224//4224 4134//4134
f 4135//4135 4223//4223 4225//4225
f 4136//4136 4224//4224 4226//4226
f 4135//4135 4227//4227 4137//4137
f 4138//4138 4226//4226 4228//4228
f 4137//4137 4229//4229 4139//4139
f 4140//4140 4228//4228 4230//4230
f 4139//4139 4231//4231 4141//4141
f 4140//4140 4232//4232 4142//4142
f 4143//4143 4231//4231 4233//4233
f 4142//4142 4234//4234 4144//4144
f 4143//4143 4235//4235 4145//4145
f 4144//4144 4236//4236 4146//4146
f 4145//4145 4237//4237 4147//4147
f 4148//4148 4236//4236 4238//4238
f 4147//4147 4239//4239 4149//4149
f 4148//4148 4240//4240 4150//4150
f 4239//4239 63//63 4149//4149
f 4150//4150 4241//4241 4151//4151
f 4152//4152 4241//4241 4242//4242
f 4152//4152 4243//4243 4153//4153
f 4154//4154 4243//4243 4244//4244
f 4245//4245 4155//4155 73//73
f 4156//4156 4244//4244 4246//4246
f 4155//4155 4247//4247 4157//4157
f 4156//4156 4248//4248 4060//4060
f 4157//4157 4249//4249 4059//4059
f 4061//4061 4248//4248 4250//4250
f 4062//4062 4249//4249 4251//4251
f 4063//4063 4250//4250 4252//4252
f 4062//4062 4253//4253 4064//4064
f 4063//4063 4254//4254 4065//4065
f 4066//4066 4253//4253 4255//4255
f 4065//4065 4256//4256 4067//4067
f 4068//4068 4255//4255 4159//4159
f 4166//4166 4257//4257 4168//4168
f 4167//4167 4258//4258 4169//4169
f 4170//4170 4257//4257 4259//4259
f 4171//4171 4258//4258 4260//4260
f 4172//4172 4259//4259 4261//4261
f 4171//4171 4262//4262 4173//4173
f 4172//4172 4263//4263 4174//4174
f 4173//4173 4264//4264 4175//4175
f 4176//4176 4263//4263 4265//4265
f 4177//4177 4264//4264 4266//4266
f 4176//4176 4267//4267 4178//4178
f 4177//4177 4268//4268 4179//4179
f 4180//4180 4267//4267 4269//4269
f 4181//4181 4268//4268 4270//4270
f 4182//4182 4269//4269 4271//4271
f 4181//4181 4272//4272 4183//4183
f 4184//4184 4271//4271 4273//4273
f 4183//4183 4274//4274 4185//4185
f 4184//4184 4275//4275 4186//4186
f 4187//4187 4274//4274 4276//4276
f 4188//4188 4275//4275 4277//4277
f 4187//4187 4278//4278 4189//4189
f 4188//4188 4279//4279 4190//4190
f 4191//4191 4278//4278 4280//4280
f 4190//4190 4281//4281 4192//4192
f 4191//4191 4282//4282 4193//4193
f 4194//4194 4281//4281 4283//4283
f 4195//4195 4282//4282 4284//4284
f 4194//4194 4285//4285 4196//4196
f 4197//4197 4284//4284 4286//4286
f 4198//4198 4285//4285 4287//4287
f 4197//4197 4288//4288 4199//4199
f 4198//4198 4289//4289 4200//4200
f 4201//4201 4288//4288 4290//4290
f 4202//4202 4289//4289 4291//4291
f 4201//4201 4292//4292 4203//4203
f 4204//4204 4291//4291 4293//4293
f 4203//4203 4294//4294 4205//4205
f 4204//4204 4295//4295 4206//4206
f 4205//4205 4296//4296 4207//4207
f 4208//4208 4295//4295 4297//4297
f 4209//4209 4296//4296 4298//4298
f 4208//4208 4299//4299 4210//4210
f 4209//4209 4300//4300 4211//4211
f 4212//4212 4299//4299 4301//4301
f 4213//4213 4300//4300 4302//4302
f 4214//4214 4301//4301 4303//4303
f 4213//4213 4304//4304 4215//4215
f 4214//4214 4305//4305 4216//4216
f 4215//4215 4306//4306 4217//4217
f 4218//4218 4305//4305 4307//4307
f 4219//4219 4306//4306 4308//4308
f 4218//4218 4309//4309 4220//4220
f 4219//4219 4310//4310 4221//4221
f 4220//4220 4311//4311 4222//4222
f 4223//4223 4310//4310 4312//4312
f 4222//4222 4313//4313 4224//4224
f 4225//4225 4312//4312 4314//4314
f 4226//4226 4313//4313 4315//4315
f 4225//4225 4316//4316 4227//4227
f 4228//4228 4315//4315 4317//4317
f 4227//4227 4318//4318 4229//4229
f 4230//4230 4317//4317 4319//4319
f 4229//4229 4320//4320 4231//4231
f 4230//4230 4321//4321 4232//4232
f 4233//4233 4320//4320 4322//4322
f 4232//4232 4323//4323 4234//4234
f 4233//4233 4324//4324 4235//4235
f 4234//4234 4325//4325 4236//4236
f 4235//4235 4326//4326 4237//4237
f 4238//4238 4325//4325 4327//4327
f 4237//4237 4328//4328 4239//4239
f 4240//4240 4327//4327 4329//4329
f 4328//4328 63//63 4239//4239
f 4240//4240 4330//4330 4241//4241
f 4242//4242 4330//4330 4331//4331
f 4242//4242 4332//4332 4243//4243
f 4244//4244 4332//4332 4333//4333
f 4334//4334 4245//4245 73//73
f 4244//4244 4335//4335 4246//4246
f 4245//4245 4336//4336 4247//4247
f 4246//4246 4337//4337 4248//4248
f 4247//4247 4338//4338 4249//4249
f 4250//4250 4337//4337 4339//4339
f 4249//4249 4340//4340 4251//4251
f 4252//4252 4339//4339 4341//4341
f 4251//4251 4342//4342 4253//4253
f 4254//4254 4341//4341 4343//4343
f 4255//4255 4342//4342 4344//4344
f 4254//4254 4345//4345 4256//4256
f 4159//4159 4344//4344 4346//4346
f 4256//4256 4347//4347 4158//4158
f 4160//4160 4346//4346 4348//4348
f 4158//4158 4349//4349 4161//4161
f 4160//4160 4350//4350 4162//4162
f 4163//4163 4349//4349 4351//4351
f 4162//4162 4352//4352 4164//4164
f 4165//4165 4351//4351 4353//4353
f 4166//4166 4352//4352 4354//4354
f 4167//4167 4353//4353 4355//4355
f 4321//4321 4356//4356 4323//4323
f 4265//4265 4357//4357 4267//4267
f 4322//4322 4358//4358 4324//4324
f 4323//4323 4359//4359 4325//4325
f 4269//4269 4357//4357 4360//4360
f 4326//4326 4358//4358 4361//4361
f 4327//4327 4359//4359 4362//4362
f 4271//4271 4360//4360 4363//4363
f 4326//4326 4364//4364 4328//4328
f 4329//4329 4362//4362 4365//4365
f 4273//4273 4363//4363 4366//4366
f 4364//4364 63//63 4328//4328
f 4329//4329 4367//4367 4330//4330
f 4273//4273 4368//4368 4275//4275
f 4331//4331 4367//4367 4369//4369
f 4277//4277 4368//4368 4370//4370
f 4331//4331 4371//4371 4332//4332
f 4277//4277 4372//4372 4279//4279
f 4333//4333 4371//4371 4373//4373
f 4279//4279 4374//4374 4281//4281
f 4333//4333 4375//4375 4335//4335
f 4283//4283 4374//4374 4376//4376
f 4335//4335 4377//4377 4337//4337
f 4283//4283 4378//4378 4285//4285
f 4339//4339 4377//4377 4379//4379
f 4287//4287 4378//4378 4380//4380
f 4341//4341 4379//4379 4381//4381
f 4287//4287 4382//4382 4289//4289
f 4343//4343 4381//4381 4383//4383
f 4291//4291 4382//4382 4384//4384
f 4343//4343 4385//4385 4345//4345
f 4345//4345 4386//4386 4347//4347
f 4347//4347 4387//4387 4349//4349
f 4351//4351 4387//4387 4388//4388
f 4353//4353 4388//4388 4389//4389
f 4355//4355 4389//4389 4390//4390
f 4355//4355 4391//4391 4258//4258
f 4260//4260 4391//4391 4392//4392
f 4260//4260 4393//4393 4262//4262
f 4262//4262 4394//4394 4264//4264
f 4266//4266 4394//4394 4395//4395
f 4266//4266 4396//4396 4268//4268
f 4270//4270 4396//4396 4397//4397
f 4270//4270 4398//4398 4272//4272
f 4272//4272 4399//4399 4274//4274
f 4276//4276 4399//4399 4400//4400
f 4276//4276 4401//4401 4278//4278
f 4280//4280 4401//4401 4402//4402
f 4280//4280 4403//4403 4282//4282
f 4284//4284 4403//4403 4404//4404
f 4286//4286 4404//4404 4405//4405
f 4286//4286 4406//4406 4288//4288
f 4290//4290 4406//4406 4407//4407
f 4408//4408 4334//4334 73//73
f 4290//4290 4409//4409 4292//4292
f 4293//4293 4384//4384 4410//4410
f 4334//4334 4411//4411 4336//4336
f 4292//4292 4412//4412 4294//4294
f 4293//4293 4413//4413 4295//4295
f 4336//4336 4414//4414 4338//4338
f 4296//4296 4412//4412 4415//4415
f 4297//4297 4413//4413 4416//4416
f 4340//4340 4414//4414 4417//4417
f 4298//4298 4415//4415 4418//4418
f 4297//4297 4419//4419 4299//4299
f 4340//4340 4420//4420 4342//4342
f 4298//4298 4421//4421 4300//4300
f 4301//4301 4419//4419 4422//4422
f 4344//4344 4420//4420 4423//4423
f 4302//4302 4421//4421 4424//4424
f 4303//4303 4422//4422 4425//4425
f 4344//4344 4426//4426 4346//4346
f 4302//4302 4427//4427 4304//4304
f 4303//4303 4428//4428 4305//4305
f 4348//4348 4426//4426 4429//4429
f 4304//4304 4430//4430 4306//4306
f 4307//4307 4428//4428 4431//4431
f 4348//4348 4432//4432 4350//4350
f 4308//4308 4430//4430 4433//4433
f 4307//4307 4434//4434 4309//4309
f 4350//4350 4435//4435 4352//4352
f 4308//4308 4436//4436 4310//4310
f 4309//4309 4437//4437 4311//4311
f 4354//4354 4435//4435 4438//4438
f 4310//4310 4439//4439 4312//4312
f 4311//4311 4440//4440 4313//4313
f 4354//4354 4441//4441 4257//4257
f 4314//4314 4439//4439 4442//4442
f 4315//4315 4440//4440 4443//4443
f 4259//4259 4441//4441 4444//4444
f 4314//4314 4445//4445 4316//4316
f 4317//4317 4443//4443 4446//4446
f 4261//4261 4444//4444 4447//4447
f 4316//4316 4448//4448 4318//4318
f 4319//4319 4446//4446 4449//4449
f 4261//4261 4450//4450 4263//4263
f 4318//4318 4451//4451 4320//4320
f 4319//4319 4452//4452 4321//4321
f 4263//4263 4453//4453 4265//4265
f 4322//4322 4451//4451 4454//4454
f 4369//4369 4455//4455 4456//4456
f 4369//4369 4457//4457 4371//4371
f 4373//4373 4457//4457 4458//4458
f 4459//4459 4408//4408 73//73
f 4373//4373 4460//4460 4375//4375
f 4408//4408 4461//4461 4411//4411
f 4375//4375 4462//4462 4377//4377
f 4414//4414 4461//4461 4463//4463
f 4379//4379 4462//4462 4464//4464
f 4417//4417 4463//4463 4465//4465
f 4381//4381 4464//4464 4466//4466
f 4417//4417 4467//4467 4420//4420
f 4383//4383 4466//4466 4468//4468
f 4423//4423 4467//4467 4469//4469
f 4383//4383 4470//4470 4385//4385
f 4426//4426 4469//4469 4471//4471
f 4385//4385 4472//4472 4386//4386
f 4429//4429 4471//4471 4473//4473
f 4386//4386 4474//4474 4387//4387
f 4429//4429 4475//4475 4432//4432
f 4388//4388 4474//4474 4476//4476
f 4432//4432 4477//4477 4435//4435
f 4389//4389 4476//4476 4478//4478
f 4438//4438 4477//4477 4479//4479
f 4390//4390 4478//4478 4480//4480
f 4438//4438 4481//4481 4441//4441
f 4390//4390 4482//4482 4391//4391
f 4444//4444 4481//4481 4483//4483
f 4392//4392 4482//4482 4484//4484
f 4447//4447 4483//4483 4485//4485
f 4392//4392 4486//4486 4393//4393
f 4447//4447 4487//4487 4450//4450
f 4393//4393 4488//4488 4394//4394
f 4453//4453 4487//4487 4489//4489
f 4395//4395 4488//4488 4490//4490
f 4453//4453 4491//4491 4357//4357
f 4395//4395 4492//4492 4396//4396
f 4360//4360 4491//4491 4493//4493
f 4397//4397 4492//4492 4494//4494
f 4363//4363 4493//4493 4495//4495
f 4397//4397 4496//4496 4398//4398
f 4366//4366 4495//4495 4497//4497
f 4398//4398 4498//4498 4399//4399
f 4366//4366 4499//4499 4368//4368
f 4400//4400 4498//4498 4500//4500
f 4370//4370 4499//4499 4501//4501
f 4400//4400 4502//4502 4401//4401
f 4370//4370 4503//4503 4372//4372
f 4402//4402 4502//4502 4504//4504
f 4372//4372 4505//4505 4374//4374
f 4402//4402 4506//4506 4403//4403
f 4376//4376 4505//4505 4507//4507
f 4404//4404 4506//4506 4508//4508
f 4376//4376 4509//4509 4378//4378
f 4405//4405 4508//4508 4510//4510
f 4380//4380 4509//4509 4511//4511
f 4405//4405 4512//4512 4406//4406
f 4380//4380 4513//4513 4382//4382
f 4407//4407 4512//4512 4514//4514
f 4384//4384 4513//4513 4515//4515
f 4407//4407 4516//4516 4409//4409
f 4410//4410 4515//4515 4517//4517
f 4409//4409 4518//4518 4412//4412
f 4410//4410 4519//4519 4413//4413
f 4412//4412 4520//4520 4415//4415
f 4416//4416 4519//4519 4521//4521
f 4418//4418 4520//4520 4522//4522
f 4416//4416 4523//4523 4419//4419
f 4418//4418 4524//4524 4421//4421
f 4422//4422 4523//4523 4525//4525
f 4424//4424 4524//4524 4526//4526
f 4425//4425 4525//4525 4527//4527
f 4424//4424 4528//4528 4427//4427
f 4425//4425 4529//4529 4428//4428
f 4427//4427 4530//4530 4430//4430
f 4431//4431 4529//4529 4531//4531
f 4433//4433 4530//4530 4532//4532
f 4431//4431 4533//4533 4434//4434
f 4433//4433 4534//4534 4436//4436
f 4434//4434 4535//4535 4437//4437
f 4439//4439 4534//4534 4536//4536
f 4437//4437 4537//4537 4440//4440
f 4442//4442 4536//4536 4538//4538
f 4443//4443 4537//4537 4539//4539
f 4442//4442 4540//4540 4445//4445
f 4443//4443 4541//4541 4446//4446
f 4445//4445 4542//4542 4448//4448
f 4449//4449 4541//4541 4543//4543
f 4448//4448 4544//4544 4451//4451
f 4449//4449 4545//4545 4452//4452
f 4454//4454 4544//4544 4546//4546
f 4452//4452 4547//4547 4356//4356
f 4454//4454 4548//4548 4358//4358
f 4356//4356 4549//4549 4359//4359
f 4358//4358 4550//4550 4361//4361
f 4362//4362 4549//4549 4551//4551
f 4361//4361 4552//4552 4364//4364
f 4362//4362 4553//4553 4365//4365
f 4552//4552 63//63 4364//4364
f 4365//4365 4455//4455 4367//4367
f 4460//4460 4554//4554 4462//4462
f 4461//4461 4555//4555 4463//4463
f 4464//4464 4554//4554 4556//4556
f 4465//4465 4555//4555 4557//4557
f 4466//4466 4556//4556 4558//4558
f 4465//4465 4559//4559 4467//4467
f 4468//4468 4558//4558 4560//4560
f 4469//4469 4559//4559 4561//4561
f 4468//4468 4562//4562 4470//4470
f 4471//4471 4561//4561 4563//4563
f 4470//4470 4564//4564 4472//4472
f 4473//4473 4563//4563 4565//4565
f 4472//4472 4566//4566 4474//4474
f 4473//4473 4567//4567 4475//4475
f 4476//4476 4566//4566 4568//4568
f 4475//4475 4569//4569 4477//4477
f 4478//4478 4568//4568 4570//4570
f 4479//4479 4569//4569 4571//4571
f 4480//4480 4570//4570 4572//4572
f 4479//4479 4573//4573 4481//4481
f 4480//4480 4574//4574 4482//4482
f 4483//4483 4573//4573 4575//4575
f 4484//4484 4574//4574 4576//4576
f 4485//4485 4575//4575 4577//4577
f 4484//4484 4578//4578 4486//4486
f 4485//4485 4579//4579 4487//4487
f 4486//4486 4580//4580 4488//4488
f 4489//4489 4579//4579 4581//4581
f 4490//4490 4580//4580 4582//4582
f 4489//4489 4583//4583 4491//4491
f 4490//4490 4584//4584 4492//4492
f 4491//4491 4585//4585 4493//4493
f 4494//4494 4584//4584 4586//4586
f 4495//4495 4585//4585 4587//4587
f 4494//4494 4588//4588 4496//4496
f 4497//4497 4587//4587 4589//4589
f 4496//4496 4590//4590 4498//4498
f 4497//4497 4591//4591 4499//4499
f 4500//4500 4590//4590 4592//4592
f 4501//4501 4591//4591 4593//4593
f 4500//4500 4594//4594 4502//4502
f 4501//4501 4595//4595 4503//4503
f 4504//4504 4594//4594 4596//4596
f 4503//4503 4597//4597 4505//4505
f 4504//4504 4598//4598 4506//4506
f 4507//4507 4597//4597 4599//4599
f 4508//4508 4598//4598 4600//4600
f 4507//4507 4601//4601 4509//4509
f 4510//4510 4600//4600 4602//4602
f 4511//4511 4601//4601 4603//4603
f 4510//4510 4604//4604 4512//4512
f 4511//4511 4605//4605 4513//4513
f 4514//4514 4604//4604 4606//4606
f 4515//4515 4605//4605 4607//4607
f 4514//4514 4608//4608 4516//4516
f 4517//4517 4607//4607 4609//4609
f 4516//4516 4610//4610 4518//4518
f 4517//4517 4611//4611 4519//4519
f 4518//4518 4612//4612 4520//4520
f 4521//4521 4611//4611 4613//4613
f 4522//4522 4612//4612 4614//4614
f 4521//4521 4615//4615 4523//4523
f 4522//4522 4616//4616 4524//4524
f 4525//4525 4615//4615 4617//4617
f 4526//4526 4616//4616 4618//4618
f 4527//4527 4617//4617 4619//4619
f 4526//4526 4620//4620 4528//4528
f 4527//4527 4621//4621 4529//4529
f 4528//4528 4622//4622 4530//4530
f 4531//4531 4621//4621 4623//4623
f 4532//4532 4622//4622 4624//4624
f 4531//4531 4625//4625 4533//4533
f 4532//4532 4626//4626 4534//4534
f 4533//4533 4627//4627 4535//4535
f 4534//4534 4628//4628 4536//4536
f 4535//4535 4629//4629 4537//4537
f 4538//4538 4628//4628 4630//4630
f 4539//4539 4629//4629 4631//4631
f 4538//4538 4632//4632 4540//4540
f 4541//4541 4631//4631 4633//4633
f 4540//4540 4634//4634 4542//4542
f 4543//4543 4633//4633 4635//4635
f 4542//4542 4636//4636 4544//4544
f 4543//4543 4637//4637 4545//4545
f 4546//4546 4636//4636 4638//4638
f 4545//4545 4639//4639 4547//4547
f 4546//4546 4640//4640 4548//4548
f 4547//4547 4641//4641 4549//4549
f 4550//4550 4640//4640 4642//4642
f 4551//4551 4641//4641 4643//4643
f 4552//4552 4642//4642 4644//4644
f 4553//4553 4643//4643 4645//4645
f 4644//4644 63//63 4552//4552
f 4553//4553 4646//4646 4455//4455
f 4456//4456 4646//4646 4647//4647
f 4456//4456 4648//4648 4457//4457
f 4458//4458 4648//4648 4649//4649
f 4650//4650 4459//4459 73//73
f 4458//4458 4651//4651 4460//4460
f 4459//4459 4652//4652 4461//4461
f 4562//4562 4653//4653 4564//4564
f 4565//4565 4654//4654 4655//4655
f 4564//4564 4656//4656 4566//4566
f 4565//4565 4657//4657 4567//4567
f 4568//4568 4656//4656 4658//4658
f 4567//4567 4659//4659 4569//4569
f 4570//4570 4658//4658 4660//4660
f 4571//4571 4659//4659 4661//4661
f 4572//4572 4660//4660 4662//4662
f 4571//4571 4663//4663 4573//4573
f 4572//4572 4664//4664 4574//4574
f 4575//4575 4663//4663 4665//4665
f 4576//4576 4664//4664 4666//4666
f 4577//4577 4665//4665 4667//4667
f 4576//4576 4668//4668 4578//4578
f 4577//4577 4669//4669 4579//4579
f 4578//4578 4670//4670 4580//4580
f 4581//4581 4669//4669 4671//4671
f 4582//4582 4670//4670 4672//4672
f 4581//4581 4673//4673 4583//4583
f 4582//4582 4674//4674 4584//4584
f 4585//4585 4673//4673 4675//4675
f 4586//4586 4674//4674 4676//4676
f 4587//4587 4675//4675 4677//4677
f 4586//4586 4678//4678 4588//4588
f 4589//4589 4677//4677 4679//4679
f 4588//4588 4680//4680 4590//4590
f 4589//4589 4681//4681 4591//4591
f 4592//4592 4680//4680 4682//4682
f 4593//4593 4681//4681 4683//4683
f 4592//4592 4684//4684 4594//4594
f 4593//4593 4685//4685 4595//4595
f 4596//4596 4684//4684 4686//4686
f 4595//4595 4687//4687 4597//4597
f 4596//4596 4688//4688 4598//4598
f 4599//4599 4687//4687 4689//4689
f 4600//4600 4688//4688 4690//4690
f 4599//4599 4691//4691 4601//4601
f 4602//4602 4690//4690 4692//4692
f 4603//4603 4691//4691 4693//4693
f 4602//4602 4694//4694 4604//4604
f 4603//4603 4695//4695 4605//4605
f 4606//4606 4694//4694 4696//4696
f 4607//4607 4695//4695 4697//4697
f 4606//4606 4698//4698 4608//4608
f 4609//4609 4697//4697 4699//4699
f 4608//4608 4700//4700 4610//4610
f 4609//4609 4701//4701 4611//4611
f 4610//4610 4702//4702 4612//4612
f 4613//4613 4701//4701 4703//4703
f 4614//4614 4702//4702 4704//4704
f 4613//4613 4705//4705 4615//4615
f 4614//4614 4706//4706 4616//4616
f 4617//4617 4705//4705 4707//4707
f 4618//4618 4706//4706 4708//4708
f 4619//4619 4707//4707 4709//4709
f 4618//4618 4710//4710 4620//4620
f 4619//4619 4711//4711 4621//4621
f 4620//4620 4712//4712 4622//4622
f 4623//4623 4711//4711 4713//4713
f 4624//4624 4712//4712 4714//4714
f 4623//4623 4715//4715 4625//4625
f 4624//4624 4716//4716 4626//4626
f 4625//4625 4717//4717 4627//4627
f 4626//4626 4718//4718 4628//4628
f 4627//4627 4719//4719 4629//4629
f 4630//4630 4718//4718 4720//4720
f 4631//4631 4719//4719 4721//4721
f 4630//4630 4722//4722 4632//4632
f 4633//4633 4721//4721 4723//4723
f 4632//4632 4724//4724 4634//4634
f 4635//4635 4723//4723 4725//4725
f 4634//4634 4726//4726 4636//4636
f 4635//4635 4727//4727 4637//4637
f 4638//4638 4726//4726 4728//4728
f 4637//4637 4729//4729 4639//4639
f 4640//4640 4728//4728 4730//4730
f 4639//4639 4731//4731 4641//4641
f 4640//4640 4732//4732 4642//4642
f 4643//4643 4731//4731 4733//4733
f 4642//4642 4734//4734 4644//4644
f 4645//4645 4733//4733 4735//4735
f 4734//4734 63//63 4644//4644
f 4645//4645 4736//4736 4646//4646
f 4647//4647 4736//4736 4737//4737
f 4647//4647 4738//4738 4648//4648
f 4649//4649 4738//4738 4739//4739
f 4740//4740 4650//4650 73//73
f 4649//4649 4741//4741 4651//4651
f 4650//4650 4742//4742 4652//4652
f 4651//4651 4743//4743 4554//4554
f 4652//4652 4744//4744 4555//4555
f 4556//4556 4743//4743 4745//4745
f 4557//4557 4744//4744 4746//4746
f 4558//4558 4745//4745 4747//4747
f 4557//4557 4748//4748 4559//4559
f 4560//4560 4747//4747 4749//4749
f 4561//4561 4748//4748 4750//4750
f 4560//4560 4751//4751 4562//4562
f 4563//4563 4750//4750 4654//4654
f 4661//4661 4752//4752 4663//4663
f 4662//4662 4753//4753 4664//4664
f 4665//4665 4752//4752 4754//4754
f 4666//4666 4753//4753 4755//4755
f 4667//4667 4754//4754 4756//4756
f 4666//4666 4757//4757 4668//4668
f 4667//4667 4758//4758 4669//4669
f 4668//4668 4759//4759 4670//4670
f 4671//4671 4758//4758 4760//4760
f 4672//4672 4759//4759 4761//4761
f 4671//4671 4762//4762 4673//4673
f 4672//4672 4763//4763 4674//4674
f 4675//4675 4762//4762 4764//4764
f 4676//4676 4763//4763 4765//4765
f 4677//4677 4764//4764 4766//4766
f 4676//4676 4767//4767 4678//4678
f 4679//4679 4766//4766 4768//4768
f 4678//4678 4769//4769 4680//4680
f 4679//4679 4770//4770 4681//4681
f 4682//4682 4769//4769 4771//4771
f 4683//4683 4770//4770 4772//4772
f 4682//4682 4773//4773 4684//4684
f 4683//4683 4774//4774 4685//4685
f 4686//4686 4773//4773 4775//4775
f 4685//4685 4776//4776 4687//4687
f 4686//4686 4777//4777 4688//4688
f 4689//4689 4776//4776 4778//4778
f 4690//4690 4777//4777 4779//4779
f 4689//4689 4780//4780 4691//4691
f 4692//4692 4779//4779 4781//4781
f 4693//4693 4780//4780 4782//4782
f 4692//4692 4783//4783 4694//4694
f 4693//4693 4784//4784 4695//4695
f 4696//4696 4783//4783 4785//4785
f 4697//4697 4784//4784 4786//4786
f 4696//4696 4787//4787 4698//4698
f 4699//4699 4786//4786 4788//4788
f 4698//4698 4789//4789 4700//4700
f 4699//4699 4790//4790 4701//4701
f 4700//4700 4791//4791 4702//4702
f 4703//4703 4790//4790 4792//4792
f 4704//4704 4791//4791 4793//4793
f 4703//4703 4794//4794 4705//4705
f 4704//4704 4795//4795 4706//4706
f 4707//4707 4794//4794 4796//4796
f 4708//4708 4795//4795 4797//4797
f 4709//4709 4796//4796 4798//4798
f 4708//4708 4799//4799 4710//4710
f 4709//4709 4800//4800 4711//4711
f 4710//4710 4801//4801 4712//4712
f 4713//4713 4800//4800 4802//4802
f 4714//4714 4801//4801 4803//4803
f 4713//4713 4804//4804 4715//4715
f 4714//4714 4805//4805 4716//4716
f 4715//4715 4806//4806 4717//4717
f 4718//4718 4805//4805 4807//4807
f 4717//4717 4808//4808 4719//4719
f 4720//4720 4807//4807 4809//4809
f 4721//4721 4808//4808 4810//4810
f 4720//4720 4811//4811 4722//4722
f 4723//4723 4810//4810 4812//4812
f 4722//4722 4813//4813 4724//4724
f 4725//4725 4812//4812 4814//4814
f 4724//4724 4815//4815 4726//4726
f 4725//4725 4816//4816 4727//4727
f 4728//4728 4815//4815 4817//4817
f 4727//4727 4818//4818 4729//4729
f 4728//4728 4819//4819 4730//4730
f 4729//4729 4820//4820 4731//4731
f 4730//4730 4821//4821 4732//4732
f 4733//4733 4820//4820 4822//4822
f 4732//4732 4823//4823 4734//4734
f 4735//4735 4822//4822 4824//4824
f 4823//4823 63//63 4734//4734
f 4735//4735 4825//4825 4736//4736
f 4737//4737 4825//4825 4826//4826
f 4737//4737 4827//4827 4738//4738
f 4739//4739 4827//4827 4828//4828
f 4829//4829 4740//4740 73//73
f 4739//4739 4830//4830 4741//4741
f 4740//4740 4831//4831 4742//4742
f 4741//4741 4832//4832 4743//4743
f 4742//4742 4833//4833 4744//4744
f 4745//4745 4832//4832 4834//4834
f 4744//4744 4835//4835 4746//4746
f 4747//4747 4834//4834 4836//4836
f 4746//4746 4837//4837 4748//4748
f 4749//4749 4836//4836 4838//4838
f 4750//4750 4837//4837 4839//4839
f 4749//4749 4840//4840 4751//4751
f 4750//4750 4841//4841 4654//4654
f 4751//4751 4842//4842 4653//4653
f 4655//4655 4841//4841 4843//4843
f 4653//4653 4844//4844 4656//4656
f 4655//4655 4845//4845 4657//4657
f 4658//4658 4844//4844 4846//4846
f 4657//4657 4847//4847 4659//4659
f 4660//4660 4846//4846 4848//4848
f 4661//4661 4847//4847 4849//4849
f 4662//4662 4848//4848 4850//4850
f 4761//4761 4851//4851 4852//4852
f 4760//4760 4853//4853 4762//4762
f 4761//4761 4854//4854 4763//4763
f 4764//4764 4853//4853 4855//4855
f 4765//4765 4854//4854 4856//4856
f 4766//4766 4855//4855 4857//4857
f 4765//4765 4858//4858 4767//4767
f 4768//4768 4857//4857 4859//4859
f 4767//4767 4860//4860 4769//4769
f 4768//4768 4861//4861 4770//4770
f 4771//4771 4860//4860 4862//4862
f 4772//4772 4861//4861 4863//4863
f 4771//4771 4864//4864 4773//4773
f 4772//4772 4865//4865 4774//4774
f 4775//4775 4864//4864 4866//4866
f 4774//4774 4867//4867 4776//4776
f 4775//4775 4868//4868 4777//4777
f 4778//4778 4867//4867 4869//4869
f 4779//4779 4868//4868 4870//4870
f 4778//4778 4871//4871 4780//4780
f 4781//4781 4870//4870 4872//4872
f 4782//4782 4871//4871 4873//4873
f 4781//4781 4874//4874 4783//4783
f 4782//4782 4875//4875 4784//4784
f 4785//4785 4874//4874 4876//4876
f 4786//4786 4875//4875 4877//4877
f 4785//4785 4878//4878 4787//4787
f 4788//4788 4877//4877 4879//4879
f 4787//4787 4880//4880 4789//4789
f 4788//4788 4881//4881 4790//4790
f 4789//4789 4882//4882 4791//4791
f 4792//4792 4881//4881 4883//4883
f 4793//4793 4882//4882 4884//4884
f 4792//4792 4885//4885 4794//4794
f 4793//4793 4886//4886 4795//4795
f 4796//4796 4885//4885 4887//4887
f 4797//4797 4886//4886 4888//4888
f 4798//4798 4887//4887 4889//4889
f 4797//4797 4890//4890 4799//4799
f 4798//4798 4891//4891 4800//4800
f 4799//4799 4892//4892 4801//4801
f 4802//4802 4891//4891 4893//4893
f 4803//4803 4892//4892 4894//4894
f 4802//4802 4895//4895 4804//4804
f 4803//4803 4896//4896 4805//4805
f 4804//4804 4897//4897 4806//4806
f 4807//4807 4896//4896 4898//4898
f 4806//4806 4899//4899 4808//4808
f 4809//4809 4898//4898 4900//4900
f 4810//4810 4899//4899 4901//4901
f 4809//4809 4902//4902 4811//4811
f 4812//4812 4901//4901 4903//4903
f 4811//4811 4904//4904 4813//4813
f 4814//4814 4903//4903 4905//4905
f 4813//4813 4906//4906 4815//4815
f 4814//4814 4907//4907 4816//4816
f 4817//4817 4906//4906 4908//4908
f 4816//4816 4909//4909 4818//4818
f 4817//4817 4910//4910 4819//4819
f 4818//4818 4911//4911 4820//4820
f 4821//4821 4910//4910 4912//4912
f 4822//4822 4911//4911 4913//4913
f 4823//4823 4912//4912 4914//4914
f 4824//4824 4913//4913 4915//4915
f 4914//4914 63//63 4823//4823
f 4824//4824 4916//4916 4825//4825
f 4826//4826 4916//4916 4917//4917
f 4826//4826 4918//4918 4827//4827
f 4828//4828 4918//4918 4919//4919
f 4920//4920 4829//4829 73//73
f 4828//4828 4921//4921 4830//4830
f 4831//4831 4920//4920 4922//4922
f 4830//4830 4923//4923 4832//4832
f 4831//4831 4924//4924 4833//4833
f 4834//4834 4923//4923 4925//4925
f 4835//4835 4924//4924 4926//4926
f 4836//4836 4925//4925 4927//4927
f 4835//4835 4928//4928 4837//4837
f 4838//4838 4927//4927 4929//4929
f 4839//4839 4928//4928 4930//4930
f 4838//4838 4931//4931 4840//4840
f 4839//4839 4932//4932 4841//4841
f 4840//4840 4933//4933 4842//4842
f 4843//4843 4932//4932 4934//4934
f 4842//4842 4935//4935 4844//4844
f 4843//4843 4936//4936 4845//4845
f 4846//4846 4935//4935 4937//4937
f 4845//4845 4938//4938 4847//4847
f 4848//4848 4937//4937 4939//4939
f 4849//4849 4938//4938 4940//4940
f 4850//4850 4939//4939 4941//4941
f 4849//4849 4942//4942 4752//4752
f 4850//4850 4943//4943 4753//4753
f 4754//4754 4942//4942 4944//4944
f 4755//4755 4943//4943 4945//4945
f 4754//4754 4946//4946 4756//4756
f 4755//4755 4947//4947 4757//4757
f 4756//4756 4948//4948 4758//4758
f 4757//4757 4851//4851 4759//4759
f 4760//4760 4948//4948 4949//4949
f 4859//4859 4950//4950 4861//4861
f 4862//4862 4951//4951 4952//4952
f 4863//4863 4950//4950 4953//4953
f 4862//4862 4954//4954 4864//4864
f 4863//4863 4955//4955 4865//4865
f 4866//4866 4954//4954 4956//4956
f 4865//4865 4957//4957 4867//4867
f 4866//4866 4958//4958 4868//4868
f 4869//4869 4957//4957 4959//4959
f 4870//4870 4958//4958 4960//4960
f 4869//4869 4961//4961 4871//4871
f 4872//4872 4960//4960 4962//4962
f 4873//4873 4961//4961 4963//4963
f 4872//4872 4964//4964 4874//4874
f 4873//4873 4965//4965 4875//4875
f 4876//4876 4964//4964 4966//4966
f 4877//4877 4965//4965 4967//4967
f 4876//4876 4968//4968 4878//4878
f 4879//4879 4967//4967 4969//4969
f 4878//4878 4970//4970 4880//4880
f 4879//4879 4971//4971 4881//4881
f 4880//4880 4972//4972 4882//4882
f 4883//4883 4971//4971 4973//4973
f 4884//4884 4972//4972 4974//4974
f 4883//4883 4975//4975 4885//4885
f 4884//4884 4976//4976 4886//4886
f 4887//4887 4975//4975 4977//4977
f 4888//4888 4976//4976 4978//4978
f 4889//4889 4977//4977 4979//4979
f 4888//4888 4980//4980 4890//4890
f 4889//4889 4981//4981 4891//4891
f 4890//4890 4982//4982 4892//4892
f 4893//4893 4981//4981 4983//4983
f 4894//4894 4982//4982 4984//4984
f 4893//4893 4985//4985 4895//4895
f 4894//4894 4986//4986 4896//4896
f 4895//4895 4987//4987 4897//4897
f 4898//4898 4986//4986 4988//4988
f 4897//4897 4989//4989 4899//4899
f 4900//4900 4988//4988 4990//4990
f 4901//4901 4989//4989 4991//4991
f 4900//4900 4992//4992 4902//4902
f 4903//4903 4991//4991 4993//4993
f 4902//4902 4994//4994 4904//4904
f 4905//4905 4993//4993 4995//4995
f 4904//4904 4996//4996 4906//4906
f 4905//4905 4997//4997 4907//4907
f 4908//4908 4996//4996 4998//4998
f 4907//4907 4999//4999 4909//4909
f 4908//4908 5000//5000 4910//4910
f 4909//4909 5001//5001 4911//4911
f 4912//4912 5000//5000 5002//5002
f 4913//4913 5001//5001 5003//5003
f 4912//4912 5004//5004 4914//4914
f 4915//4915 5003//5003 5005//5005
f 5004//5004 63//63 4914//4914
f 4915//4915 5006//5006 4916//4916
f 4917//4917 5006//5006 5007//5007
f 4917//4917 5008//5008 4918//4918
f 4919//4919 5008//5008 5009//5009
f 5010//5010 4920//4920 73//73
f 4919//4919 5011//5011 4921//4921
f 4920//4920 5012//5012 4922//4922
f 4921//4921 5013//5013 4923//4923
f 4922//4922 5014//5014 4924//4924
f 4925//4925 5013//5013 5015//5015
f 4924//4924 5016//5016 4926//4926
f 4927//4927 5015//5015 5017//5017
f 4926//4926 5018//5018 4928//4928
f 4929//4929 5017//5017 5019//5019
f 4930//4930 5018//5018 5020//5020
f 4929//4929 5021//5021 4931//4931
f 4932//4932 5020//5020 5022//5022
f 4931//4931 5023//5023 4933//4933
f 4934//4934 5022//5022 5024//5024
f 4933//4933 5025//5025 4935//4935
f 4934//4934 5026//5026 4936//4936
f 4937//4937 5025//5025 5027//5027
f 4936//4936 5028//5028 4938//4938
f 4939//4939 5027//5027 5029//5029
f 4940//4940 5028//5028 5030//5030
f 4941//4941 5029//5029 5031//5031
f 4940//4940 5032//5032 4942//4942
f 4941//4941 5033//5033 4943//4943
f 4944//4944 5032//5032 5034//5034
f 4945//4945 5033//5033 5035//5035
f 4946//4946 5034//5034 5036//5036
f 4945//4945 5037//5037 4947//4947
f 4946//4946 5038//5038 4948//4948
f 4947//4947 5039//5039 4851//4851
f 4949//4949 5038//5038 5040//5040
f 4852//4852 5039//5039 5041//5041
f 4949//4949 5042//5042 4853//4853
f 4852//4852 5043//5043 4854//4854
f 4855//4855 5042//5042 5044//5044
f 4856//4856 5043//5043 5045//5045
f 4857//4857 5044//5044 5046//5046
f 4856//4856 5047//5047 4858//4858
f 4859//4859 5046//5046 5048//5048
f 4858//4858 4951//4951 4860//4860
f 4960//4960 5049//5049 5050//5050
f 4959//4959 5051//5051 4961//4961
f 4962//4962 5050//5050 5052//5052
f 4963//4963 5051//5051 5053//5053
f 4962//4962 5054//5054 4964//4964
f 4963//4963 5055//5055 4965//4965
f 4966//4966 5054//5054 5056//5056
f 4967//4967 5055//5055 5057//5057
f 4966//4966 5058//5058 4968//4968
f 4969//4969 5057//5057 5059//5059
f 4968//4968 5060//5060 4970//4970
f 4969//4969 5061//5061 4971//4971
f 4970//4970 5062//5062 4972//4972
f 4973//4973 5061//5061 5063//5063
f 4974//4974 5062//5062 5064//5064
f 4973//4973 5065//5065 4975//4975
f 4974//4974 5066//5066 4976//4976
f 4977//4977 5065//5065 5067//5067
f 4978//4978 5066//5066 5068//5068
f 4979//4979 5067//5067 5069//5069
f 4978//4978 5070//5070 4980//4980
f 4979//4979 5071//5071 4981//4981
f 4980//4980 5072//5072 4982//4982
f 4983//4983 5071//5071 5073//5073
f 4984//4984 5072//5072 5074//5074
f 4983//4983 5075//5075 4985//4985
f 4984//4984 5076//5076 4986//4986
f 4985//4985 5077//5077 4987//4987
f 4988//4988 5076//5076 5078//5078
f 4987//4987 5079//5079 4989//4989
f 4988//4988 5080//5080 4990//4990
f 4991//4991 5079//5079 5081//5081
f 4990//4990 5082//5082 4992//4992
f 4993//4993 5081//5081 5083//5083
f 4992//4992 5084//5084 4994//4994
f 4995//4995 5083//5083 5085//5085
f 4994//4994 5086//5086 4996//4996
f 4995//4995 5087//5087 4997//4997
f 4998//4998 5086//5086 5088//5088
f 4997//4997 5089//5089 4999//4999
f 4998//4998 5090//5090 5000//5000
f 4999//4999 5091//5091 5001//5001
f 5002//5002 5090//5090 5092//5092
f 5003//5003 5091//5091 5093//5093
f 5002//5002 5094//5094 5004//5004
f 5005//5005 5093//5093 5095//5095
f 5094//5094 63//63 5004//5004
f 5005//5005 5096//5096 5006//5006
f 5007//5007 5096//5096 5097//5097
f 5007//5007 5098//5098 5008//5008
f 5009//5009 5098//5098 5099//5099
f 5100//5100 5010//5010 73//73
f 5009//5009 5101//5101 5011//5011
f 5010//5010 5102//5102 5012//5012
f 5011//5011 5103//5103 5013//5013
f 5012//5012 5104//5104 5014//5014
f 5015//5015 5103//5103 5105//5105
f 5016//5016 5104//5104 5106//5106
f 5017//5017 5105//5105 5107//5107
f 5016//5016 5108//5108 5018//5018
f 5019//5019 5107//5107 5109//5109
f 5020//5020 5108//5108 5110//5110
f 5019//5019 5111//5111 5021//5021
f 5022//5022 5110//5110 5112//5112
f 5021//5021 5113//5113 5023//5023
f 5024//5024 5112//5112 5114//5114
f 5023//5023 5115//5115 5025//5025
f 5024//5024 5116//5116 5026//5026
f 5027//5027 5115//5115 5117//5117
f 5026//5026 5118//5118 5028//5028
f 5029//5029 5117//5117 5119//5119
f 5030//5030 5118//5118 5120//5120
f 5031//5031 5119//5119 5121//5121
f 5030//5030 5122//5122 5032//5032
f 5031//5031 5123//5123 5033//5033
f 5034//5034 5122//5122 5124//5124
f 5035//5035 5123//5123 5125//5125
f 5036//5036 5124//5124 5126//5126
f 5035//5035 5127//5127 5037//5037
f 5036//5036 5128//5128 5038//5038
f 5037//5037 5129//5129 5039//5039
f 5040//5040 5128//5128 5130//5130
f 5041//5041 5129//5129 5131//5131
f 5040//5040 5132//5132 5042//5042
f 5041//5041 5133//5133 5043//5043
f 5044//5044 5132//5132 5134//5134
f 5045//5045 5133//5133 5135//5135
f 5046//5046 5134//5134 5136//5136
f 5045//5045 5137//5137 5047//5047
f 5048//5048 5136//5136 5138//5138
f 5047//5047 5139//5139 4951//4951
f 5048//5048 5140//5140 4950//4950
f 4952//4952 5139//5139 5141//5141
f 4953//4953 5140//5140 5142//5142
f 4952//4952 5143//5143 4954//4954
f 4953//4953 5144//5144 4955//4955
f 4956//4956 5143//5143 5145//5145
f 4955//4955 5146//5146 4957//4957
f 4956//4956 5049//5049 4958//4958
f 4959//4959 5146//5146 5147//5147
f 5090//5090 5148//5148 5149//5149
f 5059//5059 5150//5150 5061//5061
f 5092//5092 5149//5149 5151//5151
f 5063//5063 5150//5150 5152//5152
f 5094//5094 5151//5151 5153//5153
f 5063//5063 5154//5154 5065//5065
f 5153//5153 63//63 5094//5094
f 5067//5067 5154//5154 5155//5155
f 5069//5069 5155//5155 5156//5156
f 5069//5069 5157//5157 5071//5071
f 5073//5073 5157//5157 5158//5158
f 5073//5073 5159//5159 5075//5075
f 5075//5075 5160//5160 5077//5077
f 5077//5077 5161//5161 5079//5079
f 5081//5081 5161//5161 5162//5162
f 5083//5083 5162//5162 5163//5163
f 5085//5085 5163//5163 5164//5164
f 5085//5085 5165//5165 5087//5087
f 5113//5113 5166//5166 5115//5115
f 5087//5087 5167//5167 5089//5089
f 5117//5117 5166//5166 5168//5168
f 5089//5089 5169//5169 5091//5091
f 5119//5119 5168//5168 5170//5170
f 5093//5093 5169//5169 5171//5171
f 5121//5121 5170//5170 5172//5172
f 5095//5095 5171//5171 5173//5173
f 5121//5121 5174//5174 5123//5123
f 5095//5095 5175//5175 5096//5096
f 5125//5125 5174//5174 5176//5176
f 5097//5097 5175//5175 5177//5177
f 5125//5125 5178//5178 5127//5127
f 5097//5097 5179//5179 5098//5098
f 5127//5127 5180//5180 5129//5129
f 5099//5099 5179//5179 5181//5181
f 5182//5182 5100//5100 73//73
f 5131//5131 5180//5180 5183//5183
f 5099//5099 5184//5184 5101//5101
f 5100//5100 5185//5185 5102//5102
f 5131//5131 5186//5186 5133//5133
f 5101//5101 5187//5187 5103//5103
f 5102//5102 5188//5188 5104//5104
f 5135//5135 5186//5186 5189//5189
f 5105//5105 5187//5187 5190//5190
f 5104//5104 5191//5191 5106//5106
f 5135//5135 5192//5192 5137//5137
f 5107//5107 5190//5190 5193//5193
f 5106//5106 5194//5194 5108//5108
f 5137//5137 5195//5195 5139//5139
f 5109//5109 5193//5193 5196//5196
f 5110//5110 5194//5194 5197//5197
f 5141//5141 5195//5195 5198//5198
f 5109//5109 5199//5199 5111//5111
f 5110//5110 5200//5200 5112//5112
f 5141//5141 5201//5201 5143//5143
f 5111//5111 5202//5202 5113//5113
f 5112//5112 5203//5203 5114//5114
f 5145//5145 5201//5201 5204//5204
f 5114//5114 5205//5205 5116//5116
f 5145//5145 5206//5206 5049//5049
f 5116//5116 5207//5207 5118//5118
f 5050//5050 5206//5206 5208//5208
f 5120//5120 5207//5207 5209//5209
f 5052//5052 5208//5208 5210//5210
f 5120//5120 5211//5211 5122//5122
f 5052//5052 5212//5212 5054//5054
f 5124//5124 5211//5211 5213//5213
f 5056//5056 5212//5212 5214//5214
f 5126//5126 5213//5213 5215//5215
f 5056//5056 5216//5216 5058//5058
f 5126//5126 5217//5217 5128//5128
f 5058//5058 5218//5218 5060//5060
f 5130//5130 5217//5217 5219//5219
f 5060//5060 5220//5220 5062//5062
f 5130//5130 5221//5221 5132//5132
f 5064//5064 5220//5220 5222//5222
f 5134//5134 5221//5221 5223//5223
f 5064//5064 5224//5224 5066//5066
f 5136//5136 5223//5223 5225//5225
f 5068//5068 5224//5224 5226//5226
f 5138//5138 5225//5225 5227//5227
f 5068//5068 5228//5228 5070//5070
f 5138//5138 5229//5229 5140//5140
f 5070//5070 5230//5230 5072//5072
f 5142//5142 5229//5229 5231//5231
f 5074//5074 5230//5230 5232//5232
f 5142//5142 5233//5233 5144//5144
f 5074//5074 5234//5234 5076//5076
f 5144//5144 5235//5235 5146//5146
f 5076//5076 5236//5236 5078//5078
f 5147//5147 5235//5235 5237//5237
f 5080//5080 5236//5236 5238//5238
f 5147//5147 5239//5239 5051//5051
f 5082//5082 5238//5238 5240//5240
f 5053//5053 5239//5239 5241//5241
f 5084//5084 5240//5240 5242//5242
f 5053//5053 5243//5243 5055//5055
f 5084//5084 5244//5244 5086//5086
f 5057//5057 5243//5243 5245//5245
f 5088//5088 5244//5244 5148//5148
f 5059//5059 5245//5245 5246//5246
f 5177//5177 64//64 67//67
f 5177//5177 69//69 5179//5179
f 5181//5181 69//69 71//71
f 5182//5182 73//73 72//72
f 5181//5181 76//76 5184//5184
f 5182//5182 77//77 5185//5185
f 5184//5184 80//80 5187//5187
f 5185//5185 82//82 5188//5188
f 5190//5190 80//80 83//83
f 5188//5188 86//86 5191//5191
f 5193//5193 83//83 87//87
f 5191//5191 89//89 5194//5194
f 5196//5196 87//87 91//91
f 5194//5194 93//93 5197//5197
f 5196//5196 96//96 5199//5199
f 5197//5197 98//98 5200//5200
f 5199//5199 100//100 5202//5202
f 5203//5203 98//98 102//102
f 5202//5202 104//104 5166//5166
f 5203//5203 106//106 5205//5205
f 5168//5168 104//104 107//107
f 5205//5205 110//110 5207//5207
f 5170//5170 107//107 111//111
f 5209//5209 110//110 114//114
f 5172//5172 111//111 116//116
f 5209//5209 117//117 5211//5211
f 5172//5172 120//120 5174//5174
f 5213//5213 117//117 121//121
f 5176//5176 120//120 123//123
f 5213//5213 126//126 5215//5215
f 5176//5176 127//127 5178//5178
f 5215//5215 130//130 5217//5217
f 5178//5178 132//132 5180//5180
f 5219//5219 130//130 133//133
f 5183//5183 132//132 135//135
f 5219//5219 137//137 5221//5221
f 5186//5186 135//135 140//140
f 5223//5223 137//137 141//141
f 5189//5189 140//140 143//143
f 5225//5225 141//141 145//145
f 5189//5189 147//147 5192//5192
f 5227//5227 145//145 149//149
f 5192//5192 152//152 5195//5195
f 5229//5229 149//149 154//154
f 5198//5198 152//152 155//155
f 5231//5231 154//154 158//158
f 5201//5201 155//155 159//159
f 5233//5233 158//158 161//161
f 5201//5201 164//164 5204//5204
f 5233//5233 166//166 5235//5235
f 5204//5204 167//167 5206//5206
f 5237//5237 166//166 170//170
f 5208//5208 167//167 172//172
f 5239//5239 170//170 174//174
f 5208//5208 176//176 5210//5210
f 5239//5239 178//178 5241//5241
f 5210//5210 179//179 5212//5212
f 5241//5241 182//182 5243//5243
f 5212//5212 183//183 5214//5214
f 5245//5245 182//182 185//185
f 5214//5214 187//187 5216//5216
f 5245//5245 189//189 5246//5246
f 5216//5216 191//191 5218//5218
f 5246//5246 194//194 5150//5150
f 5218//5218 196//196 5220//5220
f 5150//5150 198//198 5152//5152
f 5222//5222 196//196 199//199
f 5152//5152 200//200 5154//5154
f 5222//5222 1//1 5224//5224
f 5155//5155 200//200 4//4
f 5226//5226 1//1 7//7
f 5156//5156 4//4 10//10
f 5228//5228 7//7 11//11
f 5156//5156 14//14 5157//5157
f 5228//5228 16//16 5230//5230
f 5158//5158 14//14 18//18
f 5230//5230 19//19 5232//5232
f 5158//5158 22//22 5159//5159
f 5234//5234 19//19 23//23
f 5159//5159 26//26 5160//5160
f 5236//5236 23//23 27//27
f 5161//5161 26//26 29//29
f 5238//5238 27//27 32//32
f 5162//5162 29//29 33//33
f 5238//5238 36//36 5240//5240
f 5163//5163 33//33 37//37
f 5242//5242 36//36 39//39
f 5164//5164 37//37 42//42
f 5244//5244 39//39 44//44
f 5164//5164 46//46 5165//5165
f 5148//5148 44//44 48//48
f 5165//5165 50//50 5167//5167
f 5148//5148 51//51 5149//5149
f 5167//5167 54//54 5169//5169
f 5149//5149 55//55 5151//5151
f 5171//5171 54//54 57//57
f 5153//5153 55//55 60//60
f 5171//5171 62//62 5173//5173
f 5153//5153 60//60 63//63
f 5173//5173 64//64 5175//5175
f 2796//2796 2801//2801 2618//2618
f 1//1 199//199 2//2
f 4//4 200//200 5//5
f 7//7 1//1 3//3
f 4//4 6//6 9//9
f 11//11 7//7 8//8
f 10//10 9//9 13//13
f 11//11 12//12 15//15
f 14//14 13//13 17//17
f 19//19 16//16 15//15
f 18//18 17//17 21//21
f 23//23 19//19 20//20
f 22//22 21//21 25//25
f 27//27 23//23 24//24
f 29//29 26//26 25//25
f 27//27 28//28 31//31
f 33//33 29//29 30//30
f 32//32 31//31 35//35
f 37//37 33//33 34//34
f 39//39 36//36 35//35
f 37//37 38//38 41//41
f 39//39 40//40 43//43
f 42//42 41//41 45//45
f 44//44 43//43 47//47
f 46//46 45//45 49//49
f 51//51 48//48 47//47
f 50//50 49//49 53//53
f 55//55 51//51 52//52
f 57//57 54//54 53//53
f 55//55 56//56 59//59
f 57//57 58//58 61//61
f 64//64 62//62 61//61
f 64//64 65//65 66//66
f 67//67 66//66 68//68
f 69//69 68//68 70//70
f 71//71 70//70 75//75
f 77//77 72//72 74//74
f 76//76 75//75 79//79
f 77//77 78//78 81//81
f 83//83 80//80 79//79
f 82//82 81//81 85//85
f 87//87 83//83 84//84
f 89//89 86//86 85//85
f 91//91 87//87 88//88
f 93//93 89//89 90//90
f 91//91 92//92 95//95
f 93//93 94//94 97//97
f 96//96 95//95 99//99
f 98//98 97//97 101//101
f 100//100 99//99 103//103
f 102//102 101//101 105//105
f 107//107 104//104 103//103
f 106//106 105//105 109//109
f 111//111 107//107 108//108
f 110//110 109//109 113//113
f 111//111 112//112 115//115
f 117//117 114//114 113//113
f 116//116 115//115 119//119
f 121//121 117//117 118//118
f 123//123 120//120 119//119
f 121//121 122//122 125//125
f 127//127 123//123 124//124
f 126//126 125//125 129//129
f 127//127 128//128 131//131
f 133//133 130//130 129//129
f 135//135 132//132 131//131
f 137//137 133//133 134//134
f 135//135 136//136 139//139
f 141//141 137//137 138//138
f 143//143 140//140 139//139
f 145//145 141//141 142//142
f 147//147 143//143 144//144
f 149//149 145//145 146//146
f 147//147 148//148 151//151
f 149//149 150//150 153//153
f 155//155 152//152 151//151
f 154//154 153//153 157//157
f 159//159 155//155 156//156
f 161//161 158//158 157//157
f 159//159 160//160 163//163
f 161//161 162//162 165//165
f 167//167 164//164 163//163
f 166//166 165//165 169//169
f 167//167 168//168 171//171
f 170//170 169//169 173//173
f 172//172 171//171 175//175
f 174//174 173//173 177//177
f 179//179 176//176 175//175
f 178//178 177//177 181//181
f 183//183 179//179 180//180
f 185//185 182//182 181//181
f 187//187 183//183 184//184
f 189//189 185//185 186//186
f 191//191 187//187 188//188
f 189//189 190//190 193//193
f 191//191 192//192 195//195
f 194//194 193//193 197//197
f 196//196 195//195 2//2
f 198//198 197//197 5//5
f 9//9 298//298 201//201
f 12//12 299//299 202//202
f 17//17 13//13 201//201
f 15//15 202//202 204//204
f 21//21 17//17 203//203
f 20//20 204//204 206//206
f 21//21 205//205 207//207
f 24//24 206//206 208//208
f 25//25 207//207 209//209
f 31//31 28//28 208//208
f 30//30 209//209 211//211
f 35//35 31//31 210//210
f 34//34 211//211 213//213
f 35//35 212//212 214//214
f 38//38 213//213 215//215
f 43//43 40//40 214//214
f 45//45 41//41 215//215
f 43//43 216//216 218//218
f 45//45 217//217 219//219
f 47//47 218//218 220//220
f 49//49 219//219 221//221
f 56//56 52//52 220//220
f 58//58 53//53 221//221
f 56//56 222//222 224//224
f 58//58 223//223 225//225
f 65//65 61//61 225//225
f 66//66 65//65 226//226
f 66//66 227//227 228//228
f 70//70 68//68 228//228
f 70//70 229//229 231//231
f 74//74 230//230 232//232
f 75//75 231//231 233//233
f 81//81 78//78 232//232
f 79//79 233//233 235//235
f 85//85 81//81 234//234
f 84//84 235//235 237//237
f 90//90 85//85 236//236
f 88//88 237//237 239//239
f 90//90 238//238 240//240
f 92//92 239//239 241//241
f 97//97 94//94 240//240
f 95//95 241//241 243//243
f 97//97 242//242 244//244
f 103//103 99//99 243//243
f 101//101 244//244 246//246
f 108//108 103//103 245//245
f 105//105 246//246 248//248
f 108//108 247//247 249//249
f 113//113 109//109 248//248
f 112//112 249//249 251//251
f 113//113 250//250 252//252
f 119//119 115//115 251//251
f 122//122 118//118 252//252
f 119//119 253//253 255//255
f 125//125 122//122 254//254
f 124//124 255//255 257//257
f 129//129 125//125 256//256
f 128//128 257//257 259//259
f 134//134 129//129 258//258
f 136//136 131//131 259//259
f 138//138 134//134 260//260
f 139//139 136//136 261//261
f 142//142 138//138 262//262
f 144//144 139//139 263//263
f 142//142 264//264 266//266
f 148//148 144//144 265//265
f 146//146 266//266 268//268
f 148//148 267//267 269//269
f 150//150 268//268 270//270
f 151//151 269//269 271//271
f 157//157 153//153 270//270
f 156//156 271//271 273//273
f 157//157 272//272 274//274
f 160//160 273//273 275//275
f 162//162 274//274 276//276
f 168//168 163//163 275//275
f 165//165 276//276 278//278
f 171//171 168//168 277//277
f 173//173 169//169 278//278
f 175//175 171//171 279//279
f 173//173 280//280 282//282
f 180//180 175//175 281//281
f 181//181 177//177 282//282
f 180//180 283//283 285//285
f 186//186 181//181 284//284
f 184//184 285//285 287//287
f 186//186 286//286 288//288
f 192//192 188//188 287//287
f 190//190 288//288 290//290
f 192//192 289//289 291//291
f 193//193 290//290 292//292
f 195//195 291//291 293//293
f 197//197 292//292 294//294
f 2//2 293//293 295//295
f 6//6 5//5 294//294
f 3//3 295//295 297//297
f 6//6 296//296 298//298
f 8//8 297//297 299//299
f 208//208 397//397 300//300
f 209//209 398//398 301//301
f 212//212 210//210 300//300
f 211//211 301//301 303//303
f 214//214 212//212 302//302
f 215//215 213//213 303//303
f 214//214 304//304 306//306
f 215//215 305//305 307//307
f 216//216 306//306 308//308
f 217//217 307//307 309//309
f 218//218 308//308 310//310
f 219//219 309//309 311//311
f 220//220 310//310 312//312
f 223//223 221//221 311//311
f 222//222 312//312 314//314
f 225//225 223//223 313//313
f 225//225 315//315 316//316
f 226//226 316//316 317//317
f 227//227 317//317 318//318
f 228//228 318//318 319//319
f 229//229 319//319 321//321
f 230//230 320//320 322//322
f 231//231 321//321 323//323
f 232//232 322//322 324//324
f 233//233 323//323 325//325
f 234//234 324//324 326//326
f 235//235 325//325 327//327
f 238//238 236//236 326//326
f 239//239 237//237 327//327
f 238//238 328//328 330//330
f 239//239 329//329 331//331
f 240//240 330//330 332//332
f 241//241 331//331 333//333
f 244//244 242//242 332//332
f 245//245 243//243 333//333
f 246//246 244//244 334//334
f 245//245 335//335 337//337
f 246//246 336//336 338//338
f 247//247 337//337 339//339
f 250//250 248//248 338//338
f 251//251 249//249 339//339
f 250//250 340//340 342//342
f 251//251 341//341 343//343
f 254//254 252//252 342//342
f 253//253 343//343 345//345
f 256//256 254//254 344//344
f 255//255 345//345 347//347
f 256//256 346//346 348//348
f 257//257 347//347 349//349
f 258//258 348//348 350//350
f 259//259 349//349 351//351
f 262//262 260//260 350//350
f 261//261 351//351 353//353
f 264//264 262//262 352//352
f 263//263 353//353 355//355
f 266//266 264//264 354//354
f 267//267 265//265 355//355
f 266//266 356//356 358//358
f 269//269 267//267 357//357
f 268//268 358//358 360//360
f 269//269 359//359 361//361
f 270//270 360//360 362//362
f 271//271 361//361 363//363
f 274//274 272//272 362//362
f 273//273 363//363 365//365
f 274//274 364//364 366//366
f 277//277 275//275 365//365
f 276//276 366//366 368//368
f 279//279 277//277 367//367
f 278//278 368//368 370//370
f 281//281 279//279 369//369
f 280//280 370//370 372//372
f 283//283 281//281 371//371
f 282//282 372//372 374//374
f 283//283 373//373 375//375
f 284//284 374//374 376//376
f 287//287 285//285 375//375
f 288//288 286//286 376//376
f 287//287 377//377 379//379
f 288//288 378//378 380//380
f 289//289 379//379 381//381
f 290//290 380//380 382//382
f 291//291 381//381 383//383
f 292//292 382//382 384//384
f 295//295 293//293 383//383
f 296//296 294//294 384//384
f 295//295 385//385 387//387
f 298//298 296//296 386//386
f 297//297 387//387 389//389
f 201//201 298//298 388//388
f 202//202 299//299 389//389
f 203//203 201//201 390//390
f 204//204 202//202 391//391
f 203//203 392//392 394//394
f 204//204 393//393 395//395
f 207//207 205//205 394//394
f 206//206 395//395 397//397
f 209//209 207//207 396//396
f 308//308 497//497 399//399
f 311//311 309//309 400//400
f 310//310 399//399 402//402
f 313//313 311//311 401//401
f 312//312 402//402 404//404
f 313//313 403//403 405//405
f 315//315 405//405 406//406
f 316//316 406//406 407//407
f 318//318 317//317 407//407
f 318//318 408//408 409//409
f 319//319 409//409 411//411
f 320//320 410//410 412//412
f 321//321 411//411 413//413
f 322//322 412//412 414//414
f 325//325 323//323 413//413
f 326//326 324//324 414//414
f 325//325 415//415 417//417
f 328//328 326//326 416//416
f 329//329 327//327 417//417
f 328//328 418//418 420//420
f 329//329 419//419 421//421
f 332//332 330//330 420//420
f 331//331 421//421 423//423
f 334//334 332//332 422//422
f 335//335 333//333 423//423
f 336//336 334//334 424//424
f 335//335 425//425 427//427
f 336//336 426//426 428//428
f 337//337 427//427 429//429
f 340//340 338//338 428//428
f 341//341 339//339 429//429
f 340//340 430//430 432//432
f 343//343 341//341 431//431
f 342//342 432//432 434//434
f 345//345 343//343 433//433
f 344//344 434//434 436//436
f 347//347 345//345 435//435
f 348//348 346//346 436//436
f 347//347 437//437 439//439
f 350//350 348//348 438//438
f 351//351 349//349 439//439
f 350//350 440//440 442//442
f 351//351 441//441 443//443
f 352//352 442//442 444//444
f 353//353 443//443 445//445
f 354//354 444//444 446//446
f 357//357 355//355 445//445
f 356//356 446//446 448//448
f 357//357 447//447 449//449
f 360//360 358//358 448//448
f 361//361 359//359 449//449
f 360//360 450//450 452//452
f 363//363 361//361 451//451
f 362//362 452//452 454//454
f 365//365 363//363 453//453
f 364//364 454//454 456//456
f 365//365 455//455 457//457
f 366//366 456//456 458//458
f 367//367 457//457 459//459
f 370//370 368//368 458//458
f 371//371 369//369 459//459
f 370//370 460//460 462//462
f 373//373 371//371 461//461
f 372//372 462//462 464//464
f 373//373 463//463 465//465
f 374//374 464//464 466//466
f 377//377 375//375 465//465
f 378//378 376//376 466//466
f 377//377 467//467 469//469
f 380//380 378//378 468//468
f 381//381 379//379 469//469
f 382//382 380//380 470//470
f 381//381 471//471 473//473
f 382//382 472//472 474//474
f 385//385 383//383 473//473
f 386//386 384//384 474//474
f 387//387 385//385 475//475
f 386//386 476//476 478//478
f 389//389 387//387 477//477
f 388//388 478//478 480//480
f 391//391 389//389 479//479
f 390//390 480//480 482//482
f 393//393 391//391 481//481
f 392//392 482//482 484//484
f 393//393 483//483 485//485
f 396//396 394//394 484//484
f 397//397 395//395 485//485
f 398//398 396//396 486//486
f 397//397 487//487 489//489
f 398//398 488//488 490//490
f 300//300 489//489 491//491
f 303//303 301//301 490//490
f 304//304 302//302 491//491
f 305//305 303//303 492//492
f 306//306 304//304 493//493
f 305//305 494//494 496//496
f 306//306 495//495 497//497
f 307//307 496//496 400//400
f 407//407 406//406 498//498
f 407//407 499//499 500//500
f 408//408 500//500 501//501
f 411//411 409//409 501//501
f 410//410 502//502 504//504
f 411//411 503//503 505//505
f 412//412 504//504 506//506
f 415//415 413//413 505//505
f 414//414 506//506 508//508
f 415//415 507//507 509//509
f 416//416 508//508 510//510
f 419//419 417//417 509//509
f 418//418 510//510 512//512
f 419//419 511//511 513//513
f 420//420 512//512 514//514
f 421//421 513//513 515//515
f 422//422 514//514 516//516
f 425//425 423//423 515//515
f 424//424 516//516 518//518
f 425//425 517//517 519//519
f 426//426 518//518 520//520
f 427//427 519//519 521//521
f 430//430 428//428 520//520
f 429//429 521//521 523//523
f 430//430 522//522 524//524
f 431//431 523//523 525//525
f 432//432 524//524 526//526
f 433//433 525//525 527//527
f 434//434 526//526 528//528
f 437//437 435//435 527//527
f 438//438 436//436 528//528
f 437//437 529//529 531//531
f 438//438 530//530 532//532
f 439//439 531//531 533//533
f 440//440 532//532 534//534
f 443//443 441//441 533//533
f 444//444 442//442 534//534
f 445//445 443//443 535//535
f 444//444 536//536 538//538
f 447//447 445//445 537//537
f 446//446 538//538 540//540
f 449//449 447//447 539//539
f 448//448 540//540 542//542
f 451//451 449//449 541//541
f 450//450 542//542 544//544
f 453//453 451//451 543//543
f 452//452 544//544 546//546
f 455//455 453//453 545//545
f 454//454 546//546 548//548
f 455//455 547//547 549//549
f 456//456 548//548 550//550
f 457//457 549//549 551//551
f 458//458 550//550 552//552
f 459//459 551//551 553//553
f 460//460 552//552 554//554
f 463//463 461//461 553//553
f 464//464 462//462 554//554
f 463//463 555//555 557//557
f 464//464 556//556 558//558
f 465//465 557//557 559//559
f 466//466 558//558 560//560
f 467//467 559//559 561//561
f 470//470 468//468 560//560
f 471//471 469//469 561//561
f 472//472 470//470 562//562
f 473//473 471//471 563//563
f 472//472 564//564 566//566
f 475//475 473//473 565//565
f 476//476 474//474 566//566
f 475//475 567//567 569//569
f 476//476 568//568 570//570
f 477//477 569//569 571//571
f 478//478 570//570 572//572
f 479//479 571//571 573//573
f 480//480 572//572 574//574
f 483//483 481//481 573//573
f 482//482 574//574 576//576
f 485//485 483//483 575//575
f 484//484 576//576 578//578
f 487//487 485//485 577//577
f 488//488 486//486 578//578
f 489//489 487//487 579//579
f 488//488 580//580 582//582
f 489//489 581//581 583//583
f 492//492 490//490 582//582
f 493//493 491//491 583//583
f 494//494 492//492 584//584
f 493//493 585//585 587//587
f 494//494 586//586 588//588
f 497//497 495//495 587//587
f 400//400 496//496 588//588
f 399//399 497//497 589//589
f 400//400 590//590 592//592
f 399//399 591//591 593//593
f 403//403 401//401 592//592
f 402//402 593//593 595//595
f 403//403 594//594 596//596
f 405//405 596//596 498//498
f 504//504 695//695 597//597
f 507//507 505//505 598//598
f 506//506 597//597 600//600
f 509//509 507//507 599//599
f 508//508 600//600 602//602
f 511//511 509//509 601//601
f 510//510 602//602 604//604
f 511//511 603//603 605//605
f 514//514 512//512 604//604
f 513//513 605//605 607//607
f 514//514 606//606 608//608
f 515//515 607//607 609//609
f 518//518 516//516 608//608
f 517//517 609//609 611//611
f 520//520 518//518 610//610
f 521//521 519//519 611//611
f 522//522 520//520 612//612
f 523//523 521//521 613//613
f 522//522 614//614 616//616
f 525//525 523//523 615//615
f 526//526 524//524 616//616
f 527//527 525//525 617//617
f 526//526 618//618 620//620
f 529//529 527//527 619//619
f 528//528 620//620 622//622
f 529//529 621//621 623//623
f 530//530 622//622 624//624
f 533//533 531//531 623//623
f 532//532 624//624 626//626
f 533//533 625//625 627//627
f 534//534 626//626 628//628
f 537//537 535//535 627//627
f 538//538 536//536 628//628
f 537//537 629//629 631//631
f 538//538 630//630 632//632
f 539//539 631//631 633//633
f 540//540 632//632 634//634
f 543//543 541//541 633//633
f 542//542 634//634 636//636
f 545//545 543//543 635//635
f 544//544 636//636 638//638
f 547//547 545//545 637//637
f 546//546 638//638 640//640
f 547//547 639//639 641//641
f 550//550 548//548 640//640
f 549//549 641//641 643//643
f 550//550 642//642 644//644
f 553//553 551//551 643//643
f 552//552 644//644 646//646
f 555//555 553//553 645//645
f 554//554 646//646 648//648
f 557//557 555//555 647//647
f 558//558 556//556 648//648
f 557//557 649//649 651//651
f 558//558 650//650 652//652
f 559//559 651//651 653//653
f 562//562 560//560 652//652
f 563//563 561//561 653//653
f 564//564 562//562 654//654
f 565//565 563//563 655//655
f 564//564 656//656 658//658
f 567//567 565//565 657//657
f 568//568 566//566 658//658
f 567//567 659//659 661//661
f 568//568 660//660 662//662
f 571//571 569//569 661//661
f 572//572 570//570 662//662
f 571//571 663//663 665//665
f 572//572 664//664 666//666
f 575//575 573//573 665//665
f 574//574 666//666 668//668
f 575//575 667//667 669//669
f 576//576 668//668 670//670
f 577//577 669//669 671//671
f 580//580 578//578 670//670
f 581//581 579//579 671//671
f 580//580 672//672 674//674
f 583//583 581//581 673//673
f 584//584 582//582 674//674
f 583//583 675//675 677//677
f 586//586 584//584 676//676
f 587//587 585//585 677//677
f 586//586 678//678 680//680
f 587//587 679//679 681//681
f 588//588 680//680 682//682
f 591//591 589//589 681//681
f 590//590 682//682 684//684
f 593//593 591//591 683//683
f 594//594 592//592 684//684
f 593//593 685//685 687//687
f 594//594 686//686 688//688
f 596//596 688//688 689//689
f 499//499 498//498 689//689
f 499//499 690//690 691//691
f 501//501 500//500 691//691
f 503//503 501//501 692//692
f 502//502 693//693 695//695
f 503//503 694//694 598//598
f 607//607 605//605 696//696
f 606//606 794//794 698//698
f 609//609 607//607 697//697
f 608//608 698//698 700//700
f 609//609 699//699 701//701
f 610//610 700//700 702//702
f 611//611 701//701 703//703
f 614//614 612//612 702//702
f 613//613 703//703 705//705
f 614//614 704//704 706//706
f 617//617 615//615 705//705
f 618//618 616//616 706//706
f 617//617 707//707 709//709
f 620//620 618//618 708//708
f 621//621 619//619 709//709
f 622//622 620//620 710//710
f 621//621 711//711 713//713
f 622//622 712//712 714//714
f 623//623 713//713 715//715
f 624//624 714//714 716//716
f 625//625 715//715 717//717
f 626//626 716//716 718//718
f 629//629 627//627 717//717
f 628//628 718//718 720//720
f 631//631 629//629 719//719
f 630//630 720//720 722//722
f 631//631 721//721 723//723
f 632//632 722//722 724//724
f 635//635 633//633 723//723
f 634//634 724//724 726//726
f 637//637 635//635 725//725
f 636//636 726//726 728//728
f 639//639 637//637 727//727
f 638//638 728//728 730//730
f 639//639 729//729 731//731
f 642//642 640//640 730//730
f 643//643 641//641 731//731
f 642//642 732//732 734//734
f 645//645 643//643 733//733
f 644//644 734//734 736//736
f 645//645 735//735 737//737
f 646//646 736//736 738//738
f 649//649 647//647 737//737
f 650//650 648//648 738//738
f 651//651 649//649 739//739
f 650//650 740//740 742//742
f 651//651 741//741 743//743
f 654//654 652//652 742//742
f 653//653 743//743 745//745
f 656//656 654//654 744//744
f 657//657 655//655 745//745
f 658//658 656//656 746//746
f 659//659 657//657 747//747
f 660//660 658//658 748//748
f 661//661 659//659 749//749
f 660//660 750//750 752//752
f 663//663 661//661 751//751
f 664//664 662//662 752//752
f 663//663 753//753 755//755
f 664//664 754//754 756//756
f 667//667 665//665 755//755
f 668//668 666//666 756//756
f 667//667 757//757 759//759
f 668//668 758//758 760//760
f 671//671 669//669 759//759
f 670//670 760//760 762//762
f 673//673 671//671 761//761
f 672//672 762//762 764//764
f 675//675 673//673 763//763
f 674//674 764//764 766//766
f 677//677 675//675 765//765
f 678//678 676//676 766//766
f 677//677 767//767 769//769
f 678//678 768//768 770//770
f 679//679 769//769 771//771
f 680//680 770//770 772//772
f 681//681 771//771 773//773
f 682//682 772//772 774//774
f 683//683 773//773 775//775
f 686//686 684//684 774//774
f 687//687 685//685 775//775
f 686//686 776//776 778//778
f 688//688 778//778 779//779
f 690//690 689//689 779//779
f 690//690 780//780 781//781
f 692//692 691//691 781//781
f 694//694 692//692 782//782
f 695//695 693//693 783//783
f 694//694 784//784 786//786
f 597//597 695//695 785//785
f 599//599 598//598 786//786
f 600//600 597//597 787//787
f 601//601 599//599 788//788
f 600//600 789//789 791//791
f 603//603 601//601 790//790
f 602//602 791//791 793//793
f 603//603 792//792 696//696
f 604//604 793//793 794//794
f 707//707 705//705 795//795
f 708//708 706//706 797//797
f 707//707 796//796 799//799
f 708//708 798//798 800//800
f 711//711 709//709 799//799
f 712//712 710//710 800//800
f 713//713 711//711 801//801
f 714//714 712//712 802//802
f 713//713 803//803 805//805
f 716//716 714//714 804//804
f 715//715 805//805 807//807
f 718//718 716//716 806//806
f 717//717 807//807 809//809
f 718//718 808//808 810//810
f 719//719 809//809 811//811
f 722//722 720//720 810//810
f 723//723 721//721 811//811
f 722//722 812//812 814//814
f 725//725 723//723 813//813
f 724//724 814//814 816//816
f 725//725 815//815 817//817
f 726//726 816//816 818//818
f 729//729 727//727 817//817
f 728//728 818//818 820//820
f 729//729 819//819 821//821
f 732//732 730//730 820//820
f 731//731 821//821 823//823
f 732//732 822//822 824//824
f 735//735 733//733 823//823
f 736//736 734//734 824//824
f 735//735 825//825 827//827
f 736//736 826//826 828//828
f 739//739 737//737 827//827
f 738//738 828//828 830//830
f 739//739 829//829 831//831
f 740//740 830//830 832//832
f 741//741 831//831 833//833
f 742//742 832//832 834//834
f 743//743 833//833 835//835
f 744//744 834//834 836//836
f 745//745 835//835 837//837
f 748//748 746//746 836//836
f 747//747 837//837 839//839
f 750//750 748//748 838//838
f 751//751 749//749 839//839
f 750//750 840//840 842//842
f 753//753 751//751 841//841
f 754//754 752//752 842//842
f 753//753 843//843 845//845
f 754//754 844//844 846//846
f 757//757 755//755 845//845
f 756//756 846//846 848//848
f 757//757 847//847 849//849
f 758//758 848//848 850//850
f 759//759 849//849 851//851
f 762//762 760//760 850//850
f 761//761 851//851 853//853
f 764//764 762//762 852//852
f 765//765 763//763 853//853
f 764//764 854//854 856//856
f 767//767 765//765 855//855
f 768//768 766//766 856//856
f 767//767 857//857 859//859
f 770//770 768//768 858//858
f 771//771 769//769 859//859
f 770//770 860//860 862//862
f 773//773 771//771 861//861
f 772//772 862//862 864//864
f 773//773 863//863 865//865
f 776//776 774//774 864//864
f 775//775 865//865 867//867
f 776//776 866//866 868//868
f 778//778 868//868 869//869
f 780//780 779//779 869//869
f 780//780 870//870 871//871
f 782//782 781//781 871//871
f 784//784 782//782 872//872
f 785//785 783//783 873//873
f 784//784 874//874 876//876
f 787//787 785//785 875//875
f 786//786 876//876 878//878
f 787//787 877//877 879//879
f 790//790 788//788 878//878
f 789//789 879//879 881//881
f 792//792 790//790 880//880
f 791//791 881//881 883//883
f 792//792 882//882 884//884
f 794//794 793//793 883//883
f 697//697 696//696 884//884
f 698//698 794//794 885//885
f 697//697 886//886 888//888
f 698//698 887//887 889//889
f 699//699 888//888 890//890
f 700//700 889//889 891//891
f 701//701 890//890 892//892
f 704//704 702//702 891//891
f 703//703 892//892 795//795
f 704//704 893//893 797//797
f 804//804 991//991 894//894
f 805//805 992//992 895//895
f 808//808 806//806 894//894
f 809//809 807//807 895//895
f 810//810 808//808 896//896
f 809//809 897//897 899//899
f 812//812 810//810 898//898
f 811//811 899//899 901//901
f 812//812 900//900 902//902
f 813//813 901//901 903//903
f 816//816 814//814 902//902
f 815//815 903//903 905//905
f 818//818 816//816 904//904
f 819//819 817//817 905//905
f 818//818 906//906 908//908
f 819//819 907//907 909//909
f 822//822 820//820 908//908
f 821//821 909//909 911//911
f 822//822 910//910 912//912
f 825//825 823//823 911//911
f 826//826 824//824 912//912
f 825//825 913//913 915//915
f 826//826 914//914 916//916
f 829//829 827//827 915//915
f 830//830 828//828 916//916
f 829//829 917//917 919//919
f 830//830 918//918 920//920
f 831//831 919//919 921//921
f 832//832 920//920 922//922
f 833//833 921//921 923//923
f 836//836 834//834 922//922
f 837//837 835//835 923//923
f 838//838 836//836 924//924
f 837//837 925//925 927//927
f 838//838 926//926 928//928
f 841//841 839//839 927//927
f 840//840 928//928 930//930
f 841//841 929//929 931//931
f 844//844 842//842 930//930
f 843//843 931//931 933//933
f 844//844 932//932 934//934
f 847//847 845//845 933//933
f 846//846 934//934 936//936
f 847//847 935//935 937//937
f 848//848 936//936 938//938
f 851//851 849//849 937//937
f 852//852 850//850 938//938
f 851//851 939//939 941//941
f 854//854 852//852 940//940
f 853//853 941//941 943//943
f 854//854 942//942 944//944
f 857//857 855//855 943//943
f 856//856 944//944 946//946
f 857//857 945//945 947//947
f 858//858 946//946 948//948
f 859//859 947//947 949//949
f 860//860 948//948 950//950
f 861//861 949//949 951//951
f 862//862 950//950 952//952
f 863//863 951//951 953//953
f 866//866 864//864 952//952
f 867//867 865//865 953//953
f 866//866 954//954 956//956
f 868//868 956//956 957//957
f 870//870 869//869 957//957
f 870//870 958//958 959//959
f 872//872 871//871 959//959
f 874//874 872//872 960//960
f 873//873 961//961 963//963
f 874//874 962//962 964//964
f 875//875 963//963 965//965
f 876//876 964//964 966//966
f 879//879 877//877 965//965
f 880//880 878//878 966//966
f 881//881 879//879 967//967
f 880//880 968//968 970//970
f 881//881 969//969 971//971
f 884//884 882//882 970//970
f 885//885 883//883 971//971
f 886//886 884//884 972//972
f 885//885 973//973 975//975
f 886//886 974//974 976//976
f 889//889 887//887 975//975
f 888//888 976//976 978//978
f 889//889 977//977 979//979
f 892//892 890//890 978//978
f 893//893 891//891 979//979
f 795//795 892//892 980//980
f 893//893 981//981 983//983
f 796//796 795//795 982//982
f 798//798 797//797 983//983
f 796//796 984//984 986//986
f 800//800 798//798 985//985
f 801//801 799//799 986//986
f 802//802 800//800 987//987
f 803//803 801//801 988//988
f 802//802 989//989 991//991
f 803//803 990//990 992//992
f 894//894 1091//1091 993//993
f 897//897 895//895 994//994
f 896//896 993//993 996//996
f 899//899 897//897 995//995
f 900//900 898//898 996//996
f 899//899 997//997 999//999
f 900//900 998//998 1000//1000
f 901//901 999//999 1001//1001
f 904//904 902//902 1000//1000
f 903//903 1001//1001 1003//1003
f 904//904 1002//1002 1004//1004
f 907//907 905//905 1003//1003
f 906//906 1004//1004 1006//1006
f 907//907 1005//1005 1007//1007
f 910//910 908//908 1006//1006
f 911//911 909//909 1007//1007
f 910//910 1008//1008 1010//1010
f 911//911 1009//1009 1011//1011
f 914//914 912//912 1010//1010
f 913//913 1011//1011 1013//1013
f 914//914 1012//1012 1014//1014
f 917//917 915//915 1013//1013
f 916//916 1014//1014 1016//1016
f 919//919 917//917 1015//1015
f 918//918 1016//1016 1018//1018
f 921//921 919//919 1017//1017
f 920//920 1018//1018 1020//1020
f 923//923 921//921 1019//1019
f 924//924 922//922 1020//1020
f 925//925 923//923 1021//1021
f 926//926 924//924 1022//1022
f 927//927 925//925 1023//1023
f 928//928 926//926 1024//1024
f 929//929 927//927 1025//1025
f 928//928 1026//1026 1028//1028
f 931//931 929//929 1027//1027
f 932//932 930//930 1028//1028
f 931//931 1029//1029 1031//1031
f 932//932 1030//1030 1032//1032
f 935//935 933//933 1031//1031
f 934//934 1032//1032 1034//1034
f 935//935 1033//1033 1035//1035
f 936//936 1034//1034 1036//1036
f 937//937 1035//1035 1037//1037
f 938//938 1036//1036 1038//1038
f 939//939 1037//1037 1039//1039
f 942//942 940//940 1038//1038
f 941//941 1039//1039 1041//1041
f 942//942 1040//1040 1042//1042
f 943//943 1041//1041 1043//1043
f 946//946 944//944 1042//1042
f 945//945 1043//1043 1045//1045
f 948//948 946//946 1044//1044
f 949//949 947//947 1045//1045
f 948//948 1046//1046 1048//1048
f 949//949 1047//1047 1049//1049
f 952//952 950//950 1048//1048
f 951//951 1049//1049 1051//1051
f 954//954 952//952 1050//1050
f 953//953 1051//1051 1053//1053
f 954//954 1052//1052 1054//1054
f 957//957 956//956 1054//1054
f 957//957 1055//1055 1056//1056
f 959//959 958//958 1056//1056
f 960//960 959//959 1057//1057
f 962//962 960//960 1058//1058
f 961//961 1059//1059 1061//1061
f 962//962 1060//1060 1062//1062
f 963//963 1061//1061 1063//1063
f 964//964 1062//1062 1064//1064
f 967//967 965//965 1063//1063
f 968//968 966//966 1064//1064
f 967//967 1065//1065 1067//1067
f 968//968 1066//1066 1068//1068
f 971//971 969//969 1067//1067
f 970//970 1068//1068 1070//1070
f 973//973 971//971 1069//1069
f 974//974 972//972 1070//1070
f 975//975 973//973 1071//1071
f 974//974 1072//1072 1074//1074
f 977//977 975//975 1073//1073
f 976//976 1074//1074 1076//1076
f 979//979 977//977 1075//1075
f 980//980 978//978 1076//1076
f 981//981 979//979 1077//1077
f 980//980 1078//1078 1080//1080
f 981//981 1079//1079 1081//1081
f 984//984 982//982 1080//1080
f 985//985 983//983 1081//1081
f 984//984 1082//1082 1084//1084
f 985//985 1083//1083 1085//1085
f 988//988 986//986 1084//1084
f 987//987 1085//1085 1087//1087
f 988//988 1086//1086 1088//1088
f 991//991 989//989 1087//1087
f 990//990 1088//1088 1090//1090
f 894//894 991//991 1089//1089
f 992//992 1090//1090 994//994
f 1001//1001 1189//1189 1092//1092
f 1002//1002 1190//1190 1093//1093
f 1003//1003 1092//1092 1094//1094
f 1004//1004 1093//1093 1095//1095
f 1005//1005 1094//1094 1096//1096
f 1008//1008 1006//1006 1095//1095
f 1009//1009 1007//1007 1096//1096
f 1008//1008 1097//1097 1099//1099
f 1011//1011 1009//1009 1098//1098
f 1012//1012 1010//1010 1099//1099
f 1011//1011 1100//1100 1102//1102
f 1012//1012 1101//1101 1103//1103
f 1015//1015 1013//1013 1102//1102
f 1014//1014 1103//1103 1105//1105
f 1015//1015 1104//1104 1106//1106
f 1016//1016 1105//1105 1107//1107
f 1017//1017 1106//1106 1108//1108
f 1018//1018 1107//1107 1109//1109
f 1019//1019 1108//1108 1110//1110
f 1022//1022 1020//1020 1109//1109
f 1023//1023 1021//1021 1110//1110
f 1024//1024 1022//1022 1111//1111
f 1025//1025 1023//1023 1112//1112
f 1024//1024 1113//1113 1115//1115
f 1027//1027 1025//1025 1114//1114
f 1026//1026 1115//1115 1117//1117
f 1027//1027 1116//1116 1118//1118
f 1030//1030 1028//1028 1117//1117
f 1029//1029 1118//1118 1120//1120
f 1030//1030 1119//1119 1121//1121
f 1033//1033 1031//1031 1120//1120
f 1032//1032 1121//1121 1123//1123
f 1033//1033 1122//1122 1124//1124
f 1034//1034 1123//1123 1125//1125
f 1037//1037 1035//1035 1124//1124
f 1038//1038 1036//1036 1125//1125
f 1039//1039 1037//1037 1126//1126
f 1040//1040 1038//1038 1127//1127
f 1039//1039 1128//1128 1130//1130
f 1040//1040 1129//1129 1131//1131
f 1043//1043 1041//1041 1130//1130
f 1044//1044 1042//1042 1131//1131
f 1043//1043 1132//1132 1134//1134
f 1046//1046 1044//1044 1133//1133
f 1047//1047 1045//1045 1134//1134
f 1046//1046 1135//1135 1137//1137
f 1047//1047 1136//1136 1138//1138
f 1050//1050 1048//1048 1137//1137
f 1051//1051 1049//1049 1138//1138
f 1052//1052 1050//1050 1139//1139
f 1053//1053 1051//1051 1140//1140
f 1052//1052 1141//1141 1143//1143
f 1054//1054 1143//1143 1144//1144
f 1055//1055 1144//1144 1145//1145
f 1057//1057 1056//1056 1145//1145
f 1058//1058 1057//1057 1146//1146
f 1060//1060 1058//1058 1147//1147
f 1061//1061 1059//1059 1148//1148
f 1060//1060 1149//1149 1151//1151
f 1061//1061 1150//1150 1152//1152
f 1062//1062 1151//1151 1153//1153
f 1065//1065 1063//1063 1152//1152
f 1066//1066 1064//1064 1153//1153
f 1065//1065 1154//1154 1156//1156
f 1066//1066 1155//1155 1157//1157
f 1067//1067 1156//1156 1158//1158
f 1068//1068 1157//1157 1159//1159
f 1069//1069 1158//1158 1160//1160
f 1072//1072 1070//1070 1159//1159
f 1073//1073 1071//1071 1160//1160
f 1072//1072 1161//1161 1163//1163
f 1073//1073 1162//1162 1164//1164
f 1076//1076 1074//1074 1163//1163
f 1075//1075 1164//1164 1166//1166
f 1078//1078 1076//1076 1165//1165
f 1079//1079 1077//1077 1166//1166
f 1080//1080 1078//1078 1167//1167
f 1079//1079 1168//1168 1170//1170
f 1082//1082 1080//1080 1169//1169
f 1083//1083 1081//1081 1170//1170
f 1082//1082 1171//1171 1173//1173
f 1085//1085 1083//1083 1172//1172
f 1086//1086 1084//1084 1173//1173
f 1085//1085 1174//1174 1176//1176
f 1086//1086 1175//1175 1177//1177
f 1087//1087 1176//1176 1178//1178
f 1088//1088 1177//1177 1179//1179
f 1091//1091 1089//1089 1178//1178
f 1090//1090 1179//1179 1181//1181
f 993//993 1091//1091 1180//1180
f 994//994 1181//1181 1183//1183
f 993//993 1182//1182 1184//1184
f 997//997 995//995 1183//1183
f 996//996 1184//1184 1186//1186
f 997//997 1185//1185 1187//1187
f 998//998 1186//1186 1188//1188
f 999//999 1187//1187 1189//1189
f 1002//1002 1000//1000 1188//1188
f 1100//1100 1289//1289 1191//1191
f 1103//1103 1101//1101 1192//1192
f 1104//1104 1102//1102 1191//1191
f 1105//1105 1103//1103 1193//1193
f 1104//1104 1194//1194 1196//1196
f 1105//1105 1195//1195 1197//1197
f 1106//1106 1196//1196 1198//1198
f 1107//1107 1197//1197 1199//1199
f 1110//1110 1108//1108 1198//1198
f 1111//1111 1109//1109 1199//1199
f 1110//1110 1200//1200 1202//1202
f 1113//1113 1111//1111 1201//1201
f 1112//1112 1202//1202 1204//1204
f 1115//1115 1113//1113 1203//1203
f 1116//1116 1114//1114 1204//1204
f 1115//1115 1205//1205 1207//1207
f 1116//1116 1206//1206 1208//1208
f 1119//1119 1117//1117 1207//1207
f 1118//1118 1208//1208 1210//1210
f 1119//1119 1209//1209 1211//1211
f 1122//1122 1120//1120 1210//1210
f 1121//1121 1211//1211 1213//1213
f 1122//1122 1212//1212 1214//1214
f 1123//1123 1213//1213 1215//1215
f 1126//1126 1124//1124 1214//1214
f 1125//1125 1215//1215 1217//1217
f 1128//1128 1126//1126 1216//1216
f 1129//1129 1127//1127 1217//1217
f 1128//1128 1218//1218 1220//1220
f 1131//1131 1129//1129 1219//1219
f 1132//1132 1130//1130 1220//1220
f 1133//1133 1131//1131 1221//1221
f 1132//1132 1222//1222 1224//1224
f 1135//1135 1133//1133 1223//1223
f 1136//1136 1134//1134 1224//1224
f 1135//1135 1225//1225 1227//1227
f 1138//1138 1136//1136 1226//1226
f 1139//1139 1137//1137 1227//1227
f 1140//1140 1138//1138 1228//1228
f 1141//1141 1139//1139 1229//1229
f 1142//1142 1140//1140 1230//1230
f 1141//1141 1231//1231 1233//1233
f 1144//1144 1143//1143 1233//1233
f 1144//1144 1234//1234 1235//1235
f 1146//1146 1145//1145 1235//1235
f 1146//1146 1236//1236 1237//1237
f 1149//1149 1147//1147 1237//1237
f 1150//1150 1148//1148 1238//1238
f 1149//1149 1239//1239 1241//1241
f 1150//1150 1240//1240 1242//1242
f 1151//1151 1241//1241 1243//1243
f 1152//1152 1242//1242 1244//1244
f 1155//1155 1153//1153 1243//1243
f 1154//1154 1244//1244 1246//1246
f 1155//1155 1245//1245 1247//1247
f 1158//1158 1156//1156 1246//1246
f 1157//1157 1247//1247 1249//1249
f 1158//1158 1248//1248 1250//1250
f 1161//1161 1159//1159 1249//1249
f 1162//1162 1160//1160 1250//1250
f 1163//1163 1161//1161 1251//1251
f 1162//1162 1252//1252 1254//1254
f 1165//1165 1163//1163 1253//1253
f 1164//1164 1254//1254 1256//1256
f 1165//1165 1255//1255 1257//1257
f 1168//1168 1166//1166 1256//1256
f 1169//1169 1167//1167 1257//1257
f 1168//1168 1258//1258 1260//1260
f 1171//1171 1169//1169 1259//1259
f 1172//1172 1170//1170 1260//1260
f 1171//1171 1261//1261 1263//1263
f 1174//1174 1172//1172 1262//1262
f 1175//1175 1173//1173 1263//1263
f 1174//1174 1264//1264 1266//1266
f 1177//1177 1175//1175 1265//1265
f 1178//1178 1176//1176 1266//1266
f 1177//1177 1267//1267 1269//1269
f 1180//1180 1178//1178 1268//1268
f 1179//1179 1269//1269 1271//1271
f 1182//1182 1180//1180 1270//1270
f 1183//1183 1181//1181 1271//1271
f 1184//1184 1182//1182 1272//1272
f 1185//1185 1183//1183 1273//1273
f 1186//1186 1184//1184 1274//1274
f 1185//1185 1275//1275 1277//1277
f 1186//1186 1276//1276 1278//1278
f 1187//1187 1277//1277 1279//1279
f 1188//1188 1278//1278 1280//1280
f 1092//1092 1189//1189 1279//1279
f 1190//1190 1280//1280 1282//1282
f 1094//1094 1092//1092 1281//1281
f 1093//1093 1282//1282 1284//1284
f 1094//1094 1283//1283 1285//1285
f 1097//1097 1095//1095 1284//1284
f 1098//1098 1096//1096 1285//1285
f 1097//1097 1286//1286 1288//1288
f 1098//1098 1287//1287 1289//1289
f 1099//1099 1288//1288 1192//1192
f 1201//1201 1199//1199 1290//1290
f 1200//1200 1388//1388 1292//1292
f 1203//1203 1201//1201 1291//1291
f 1202//1202 1292//1292 1294//1294
f 1203//1203 1293//1293 1295//1295
f 1206//1206 1204//1204 1294//1294
f 1205//1205 1295//1295 1297//1297
f 1206//1206 1296//1296 1298//1298
f 1209//1209 1207//1207 1297//1297
f 1208//1208 1298//1298 1300//1300
f 1209//1209 1299//1299 1301//1301
f 1212//1212 1210//1210 1300//1300
f 1211//1211 1301//1301 1303//1303
f 1212//1212 1302//1302 1304//1304
f 1213//1213 1303//1303 1305//1305
f 1216//1216 1214//1214 1304//1304
f 1215//1215 1305//1305 1307//1307
f 1218//1218 1216//1216 1306//1306
f 1219//1219 1217//1217 1307//1307
f 1218//1218 1308//1308 1310//1310
f 1219//1219 1309//1309 1311//1311
f 1222//1222 1220//1220 1310//1310
f 1223//1223 1221//1221 1311//1311
f 1222//1222 1312//1312 1314//1314
f 1225//1225 1223//1223 1313//1313
f 1226//1226 1224//1224 1314//1314
f 1225//1225 1315//1315 1317//1317
f 1226//1226 1316//1316 1318//1318
f 1229//1229 1227//1227 1317//1317
f 1228//1228 1318//1318 1320//1320
f 1229//1229 1319//1319 1321//1321
f 1230//1230 1320//1320 1322//1322
f 1231//1231 1321//1321 1323//1323
f 1234//1234 1233//1233 1323//1323
f 1234//1234 1324//1324 1325//1325
f 1236//1236 1235//1235 1325//1325
f 1236//1236 1326//1326 1327//1327
f 1239//1239 1237//1237 1327//1327
f 1238//1238 1328//1328 1330//1330
f 1241//1241 1239//1239 1329//1329
f 1242//1242 1240//1240 1330//1330
f 1241//1241 1331//1331 1333//1333
f 1244//1244 1242//1242 1332//1332
f 1245//1245 1243//1243 1333//1333
f 1244//1244 1334//1334 1336//1336
f 1245//1245 1335//1335 1337//1337
f 1248//1248 1246//1246 1336//1336
f 1247//1247 1337//1337 1339//1339
f 1248//1248 1338//1338 1340//1340
f 1251//1251 1249//1249 1339//1339
f 1252//1252 1250//1250 1340//1340
f 1251//1251 1341//1341 1343//1343
f 1252//1252 1342//1342 1344//1344
f 1255//1255 1253//1253 1343//1343
f 1254//1254 1344//1344 1346//1346
f 1257//1257 1255//1255 1345//1345
f 1258//1258 1256//1256 1346//1346
f 1259//1259 1257//1257 1347//1347
f 1258//1258 1348//1348 1350//1350
f 1261//1261 1259//1259 1349//1349
f 1262//1262 1260//1260 1350//1350
f 1261//1261 1351//1351 1353//1353
f 1264//1264 1262//1262 1352//1352
f 1265//1265 1263//1263 1353//1353
f 1264//1264 1354//1354 1356//1356
f 1265//1265 1355//1355 1357//1357
f 1266//1266 1356//1356 1358//1358
f 1267//1267 1357//1357 1359//1359
f 1270//1270 1268//1268 1358//1358
f 1269//1269 1359//1359 1361//1361
f 1270//1270 1360//1360 1362//1362
f 1273//1273 1271//1271 1361//1361
f 1274//1274 1272//1272 1362//1362
f 1275//1275 1273//1273 1363//1363
f 1276//1276 1274//1274 1364//1364
f 1275//1275 1365//1365 1367//1367
f 1276//1276 1366//1366 1368//1368
f 1277//1277 1367//1367 1369//1369
f 1280//1280 1278//1278 1368//1368
f 1279//1279 1369//1369 1371//1371
f 1280//1280 1370//1370 1372//1372
f 1281//1281 1371//1371 1373//1373
f 1282//1282 1372//1372 1374//1374
f 1283//1283 1373//1373 1375//1375
f 1286//1286 1284//1284 1374//1374
f 1287//1287 1285//1285 1375//1375
f 1286//1286 1376//1376 1378//1378
f 1287//1287 1377//1377 1379//1379
f 1192//1192 1288//1288 1378//1378
f 1289//1289 1379//1379 1381//1381
f 1192//1192 1380//1380 1382//1382
f 1194//1194 1191//1191 1381//1381
f 1195//1195 1193//1193 1382//1382
f 1196//1196 1194//1194 1383//1383
f 1195//1195 1384//1384 1386//1386
f 1196//1196 1385//1385 1387//1387
f 1197//1197 1386//1386 1290//1290
f 1200//1200 1198//1198 1387//1387
f 1298//1298 1486//1486 1389//1389
f 1299//1299 1487//1487 1390//1390
f 1302//1302 1300//1300 1389//1389
f 1301//1301 1390//1390 1392//1392
f 1302//1302 1391//1391 1393//1393
f 1303//1303 1392//1392 1394//1394
f 1306//1306 1304//1304 1393//1393
f 1305//1305 1394//1394 1396//1396
f 1308//1308 1306//1306 1395//1395
f 1309//1309 1307//1307 1396//1396
f 1308//1308 1397//1397 1399//1399
f 1309//1309 1398//1398 1400//1400
f 1310//1310 1399//1399 1401//1401
f 1313//1313 1311//1311 1400//1400
f 1312//1312 1401//1401 1403//1403
f 1315//1315 1313//1313 1402//1402
f 1316//1316 1314//1314 1403//1403
f 1315//1315 1404//1404 1406//1406
f 1316//1316 1405//1405 1407//1407
f 1319//1319 1317//1317 1406//1406
f 1320//1320 1318//1318 1407//1407
f 1319//1319 1408//1408 1410//1410
f 1322//1322 1320//1320 1409//1409
f 1321//1321 1410//1410 1412//1412
f 1324//1324 1323//1323 1412//1412
f 1324//1324 1413//1413 1414//1414
f 1326//1326 1325//1325 1414//1414
f 1326//1326 1415//1415 1416//1416
f 1329//1329 1327//1327 1416//1416
f 1328//1328 1417//1417 1419//1419
f 1331//1331 1329//1329 1418//1418
f 1330//1330 1419//1419 1421//1421
f 1331//1331 1420//1420 1422//1422
f 1334//1334 1332//1332 1421//1421
f 1335//1335 1333//1333 1422//1422
f 1334//1334 1423//1423 1425//1425
f 1335//1335 1424//1424 1426//1426
f 1338//1338 1336//1336 1425//1425
f 1337//1337 1426//1426 1428//1428
f 1338//1338 1427//1427 1429//1429
f 1341//1341 1339//1339 1428//1428
f 1342//1342 1340//1340 1429//1429
f 1341//1341 1430//1430 1432//1432
f 1342//1342 1431//1431 1433//1433
f 1345//1345 1343//1343 1432//1432
f 1344//1344 1433//1433 1435//1435
f 1347//1347 1345//1345 1434//1434
f 1348//1348 1346//1346 1435//1435
f 1349//1349 1347//1347 1436//1436
f 1348//1348 1437//1437 1439//1439
f 1351//1351 1349//1349 1438//1438
f 1352//1352 1350//1350 1439//1439
f 1351//1351 1440//1440 1442//1442
f 1354//1354 1352//1352 1441//1441
f 1355//1355 1353//1353 1442//1442
f 1354//1354 1443//1443 1445//1445
f 1355//1355 1444//1444 1446//1446
f 1358//1358 1356//1356 1445//1445
f 1357//1357 1446//1446 1448//1448
f 1360//1360 1358//1358 1447//1447
f 1359//1359 1448//1448 1450//1450
f 1360//1360 1449//1449 1451//1451
f 1361//1361 1450//1450 1452//1452
f 1364//1364 1362//1362 1451//1451
f 1365//1365 1363//1363 1452//1452
f 1364//1364 1453//1453 1455//1455
f 1365//1365 1454//1454 1456//1456
f 1366//1366 1455//1455 1457//1457
f 1367//1367 1456//1456 1458//1458
f 1368//1368 1457//1457 1459//1459
f 1371//1371 1369//1369 1458//1458
f 1370//1370 1459//1459 1461//1461
f 1373//1373 1371//1371 1460//1460
f 1372//1372 1461//1461 1463//1463
f 1373//1373 1462//1462 1464//1464
f 1376//1376 1374//1374 1463//1463
f 1377//1377 1375//1375 1464//1464
f 1378//1378 1376//1376 1465//1465
f 1379//1379 1377//1377 1466//1466
f 1378//1378 1467//1467 1469//1469
f 1379//1379 1468//1468 1470//1470
f 1380//1380 1469//1469 1471//1471
f 1383//1383 1381//1381 1470//1470
f 1382//1382 1471//1471 1473//1473
f 1385//1385 1383//1383 1472//1472
f 1384//1384 1473//1473 1475//1475
f 1385//1385 1474//1474 1476//1476
f 1386//1386 1475//1475 1477//1477
f 1388//1388 1387//1387 1476//1476
f 1291//1291 1290//1290 1477//1477
f 1388//1388 1478//1478 1480//1480
f 1291//1291 1479//1479 1481//1481
f 1292//1292 1480//1480 1482//1482
f 1293//1293 1481//1481 1483//1483
f 1296//1296 1294//1294 1482//1482
f 1295//1295 1483//1483 1485//1485
f 1296//1296 1484//1484 1486//1486
f 1299//1299 1297//1297 1485//1485
f 1398//1398 1396//1396 1488//1488
f 1397//1397 1586//1586 1490//1490
f 1398//1398 1489//1489 1491//1491
f 1399//1399 1490//1490 1492//1492
f 1402//1402 1400//1400 1491//1491
f 1401//1401 1492//1492 1494//1494
f 1402//1402 1493//1493 1495//1495
f 1405//1405 1403//1403 1494//1494
f 1404//1404 1495//1495 1497//1497
f 1405//1405 1496//1496 1498//1498
f 1408//1408 1406//1406 1497//1497
f 1407//1407 1498//1498 1500//1500
f 1408//1408 1499//1499 1501//1501
f 1409//1409 1500//1500 1502//1502
f 1410//1410 1501//1501 1503//1503
f 1412//1412 1503//1503 1504//1504
f 1413//1413 1504//1504 1505//1505
f 1415//1415 1414//1414 1505//1505
f 1416//1416 1415//1415 1506//1506
f 1418//1418 1416//1416 1507//1507
f 1417//1417 1508//1508 1510//1510
f 1420//1420 1418//1418 1509//1509
f 1419//1419 1510//1510 1512//1512
f 1420//1420 1511//1511 1513//1513
f 1421//1421 1512//1512 1514//1514
f 1424//1424 1422//1422 1513//1513
f 1423//1423 1514//1514 1516//1516
f 1426//1426 1424//1424 1515//1515
f 1427//1427 1425//1425 1516//1516
f 1426//1426 1517//1517 1519//1519
f 1427//1427 1518//1518 1520//1520
f 1430//1430 1428//1428 1519//1519
f 1429//1429 1520//1520 1522//1522
f 1430//1430 1521//1521 1523//1523
f 1431//1431 1522//1522 1524//1524
f 1434//1434 1432//1432 1523//1523
f 1435//1435 1433//1433 1524//1524
f 1436//1436 1434//1434 1525//1525
f 1437//1437 1435//1435 1526//1526
f 1438//1438 1436//1436 1527//1527
f 1437//1437 1528//1528 1530//1530
f 1440//1440 1438//1438 1529//1529
f 1441//1441 1439//1439 1530//1530
f 1440//1440 1531//1531 1533//1533
f 1443//1443 1441//1441 1532//1532
f 1444//1444 1442//1442 1533//1533
f 1443//1443 1534//1534 1536//1536
f 1446//1446 1444//1444 1535//1535
f 1445//1445 1536//1536 1538//1538
f 1448//1448 1446//1446 1537//1537
f 1447//1447 1538//1538 1540//1540
f 1448//1448 1539//1539 1541//1541
f 1449//1449 1540//1540 1542//1542
f 1450//1450 1541//1541 1543//1543
f 1453//1453 1451//1451 1542//1542
f 1454//1454 1452//1452 1543//1543
f 1453//1453 1544//1544 1546//1546
f 1456//1456 1454//1454 1545//1545
f 1455//1455 1546//1546 1548//1548
f 1456//1456 1547//1547 1549//1549
f 1459//1459 1457//1457 1548//1548
f 1460//1460 1458//1458 1549//1549
f 1459//1459 1550//1550 1552//1552
f 1460//1460 1551//1551 1553//1553
f 1461//1461 1552//1552 1554//1554
f 1462//1462 1553//1553 1555//1555
f 1465//1465 1463//1463 1554//1554
f 1466//1466 1464//1464 1555//1555
f 1467//1467 1465//1465 1556//1556
f 1468//1468 1466//1466 1557//1557
f 1467//1467 1558//1558 1560//1560
f 1468//1468 1559//1559 1561//1561
f 1471//1471 1469//1469 1560//1560
f 1472//1472 1470//1470 1561//1561
f 1471//1471 1562//1562 1564//1564
f 1474//1474 1472//1472 1563//1563
f 1473//1473 1564//1564 1566//1566
f 1474//1474 1565//1565 1567//1567
f 1477//1477 1475//1475 1566//1566
f 1478//1478 1476//1476 1567//1567
f 1479//1479 1477//1477 1568//1568
f 1478//1478 1569//1569 1571//1571
f 1479//1479 1570//1570 1572//1572
f 1482//1482 1480//1480 1571//1571
f 1483//1483 1481//1481 1572//1572
f 1484//1484 1482//1482 1573//1573
f 1483//1483 1574//1574 1576//1576
f 1484//1484 1575//1575 1577//1577
f 1487//1487 1485//1485 1576//1576
f 1486//1486 1577//1577 1579//1579
f 1487//1487 1578//1578 1580//1580
f 1391//1391 1389//1389 1579//1579
f 1390//1390 1580//1580 1582//1582
f 1391//1391 1581//1581 1583//1583
f 1392//1392 1582//1582 1584//1584
f 1393//1393 1583//1583 1585//1585
f 1394//1394 1584//1584 1488//1488
f 1397//1397 1395//1395 1585//1585
f 1496//1496 1685//1685 1587//1587
f 1499//1499 1497//1497 1588//1588
f 1500//1500 1498//1498 1587//1587
f 1499//1499 1589//1589 1591//1591
f 1500//1500 1590//1590 1592//1592
f 1501//1501 1591//1591 1593//1593
f 1503//1503 1593//1593 1594//1594
f 1504//1504 1594//1594 1595//1595
f 1506//1506 1505//1505 1595//1595
f 1506//1506 1596//1596 1597//1597
f 1509//1509 1507//1507 1597//1597
f 1508//1508 1598//1598 1600//1600
f 1511//1511 1509//1509 1599//1599
f 1510//1510 1600//1600 1602//1602
f 1511//1511 1601//1601 1603//1603
f 1512//1512 1602//1602 1604//1604
f 1515//1515 1513//1513 1603//1603
f 1514//1514 1604//1604 1606//1606
f 1515//1515 1605//1605 1607//1607
f 1518//1518 1516//1516 1606//1606
f 1517//1517 1607//1607 1609//1609
f 1518//1518 1608//1608 1610//1610
f 1521//1521 1519//1519 1609//1609
f 1522//1522 1520//1520 1610//1610
f 1521//1521 1611//1611 1613//1613
f 1522//1522 1612//1612 1614//1614
f 1525//1525 1523//1523 1613//1613
f 1524//1524 1614//1614 1616//1616
f 1527//1527 1525//1525 1615//1615
f 1528//1528 1526//1526 1616//1616
f 1529//1529 1527//1527 1617//1617
f 1528//1528 1618//1618 1620//1620
f 1531//1531 1529//1529 1619//1619
f 1532//1532 1530//1530 1620//1620
f 1531//1531 1621//1621 1623//1623
f 1534//1534 1532//1532 1622//1622
f 1535//1535 1533//1533 1623//1623
f 1534//1534 1624//1624 1626//1626
f 1535//1535 1625//1625 1627//1627
f 1536//1536 1626//1626 1628//1628
f 1539//1539 1537//1537 1627//1627
f 1540//1540 1538//1538 1628//1628
f 1539//1539 1629//1629 1631//1631
f 1540//1540 1630//1630 1632//1632
f 1541//1541 1631//1631 1633//1633
f 1544//1544 1542//1542 1632//1632
f 1545//1545 1543//1543 1633//1633
f 1544//1544 1634//1634 1636//1636
f 1547//1547 1545//1545 1635//1635
f 1546//1546 1636//1636 1638//1638
f 1547//1547 1637//1637 1639//1639
f 1550//1550 1548//1548 1638//1638
f 1551//1551 1549//1549 1639//1639
f 1550//1550 1640//1640 1642//1642
f 1551//1551 1641//1641 1643//1643
f 1552//1552 1642//1642 1644//1644
f 1553//1553 1643//1643 1645//1645
f 1556//1556 1554//1554 1644//1644
f 1557//1557 1555//1555 1645//1645
f 1556//1556 1646//1646 1648//1648
f 1559//1559 1557//1557 1647//1647
f 1558//1558 1648//1648 1650//1650
f 1559//1559 1649//1649 1651//1651
f 1562//1562 1560//1560 1650//1650
f 1563//1563 1561//1561 1651//1651
f 1562//1562 1652//1652 1654//1654
f 1565//1565 1563//1563 1653//1653
f 1564//1564 1654//1654 1656//1656
f 1565//1565 1655//1655 1657//1657
f 1568//1568 1566//1566 1656//1656
f 1567//1567 1657//1657 1659//1659
f 1570//1570 1568//1568 1658//1658
f 1569//1569 1659//1659 1661//1661
f 1572//1572 1570//1570 1660//1660
f 1573//1573 1571//1571 1661//1661
f 1574//1574 1572//1572 1662//1662
f 1575//1575 1573//1573 1663//1663
f 1574//1574 1664//1664 1666//1666
f 1575//1575 1665//1665 1667//1667
f 1578//1578 1576//1576 1666//1666
f 1577//1577 1667//1667 1669//1669
f 1578//1578 1668//1668 1670//1670
f 1581//1581 1579//1579 1669//1669
f 1580//1580 1670//1670 1672//1672
f 1581//1581 1671//1671 1673//1673
f 1582//1582 1672//1672 1674//1674
f 1585//1585 1583//1583 1673//1673
f 1584//1584 1674//1674 1676//1676
f 1586//1586 1585//1585 1675//1675
f 1489//1489 1488//1488 1676//1676
f 1586//1586 1677//1677 1679//1679
f 1489//1489 1678//1678 1680//1680
f 1492//1492 1490//1490 1679//1679
f 1493//1493 1491//1491 1680//1680
f 1492//1492 1681//1681 1683//1683
f 1495//1495 1493//1493 1682//1682
f 1496//1496 1494//1494 1683//1683
f 1495//1495 1684//1684 1588//1588
f 1596//1596 1595//1595 1686//1686
f 1597//1597 1596//1596 1687//1687
f 1599//1599 1597//1597 1688//1688
f 1598//1598 1689//1689 1691//1691
f 1601//1601 1599//1599 1690//1690
f 1602//1602 1600//1600 1691//1691
f 1601//1601 1692//1692 1694//1694
f 1602//1602 1693//1693 1695//1695
f 1605//1605 1603//1603 1694//1694
f 1604//1604 1695//1695 1697//1697
f 1605//1605 1696//1696 1698//1698
f 1606//1606 1697//1697 1699//1699
f 1607//1607 1698//1698 1700//1700
f 1608//1608 1699//1699 1701//1701
f 1611//1611 1609//1609 1700//1700
f 1612//1612 1610//1610 1701//1701
f 1611//1611 1702//1702 1704//1704
f 1612//1612 1703//1703 1705//1705
f 1615//1615 1613//1613 1704//1704
f 1614//1614 1705//1705 1707//1707
f 1617//1617 1615//1615 1706//1706
f 1618//1618 1616//1616 1707//1707
f 1617//1617 1708//1708 1710//1710
f 1618//1618 1709//1709 1711//1711
f 1621//1621 1619//1619 1710//1710
f 1622//1622 1620//1620 1711//1711
f 1621//1621 1712//1712 1714//1714
f 1624//1624 1622//1622 1713//1713
f 1625//1625 1623//1623 1714//1714
f 1624//1624 1715//1715 1717//1717
f 1625//1625 1716//1716 1718//1718
f 1626//1626 1717//1717 1719//1719
f 1629//1629 1627//1627 1718//1718
f 1628//1628 1719//1719 1721//1721
f 1629//1629 1720//1720 1722//1722
f 1632//1632 1630//1630 1721//1721
f 1631//1631 1722//1722 1724//1724
f 1634//1634 1632//1632 1723//1723
f 1635//1635 1633//1633 1724//1724
f 1636//1636 1634//1634 1725//1725
f 1637//1637 1635//1635 1726//1726
f 1636//1636 1727//1727 1729//1729
f 1637//1637 1728//1728 1730//1730
f 1640//1640 1638//1638 1729//1729
f 1639//1639 1730//1730 1732//1732
f 1640//1640 1731//1731 1733//1733
f 1641//1641 1732//1732 1734//1734
f 1642//1642 1733//1733 1735//1735
f 1643//1643 1734//1734 1736//1736
f 1646//1646 1644//1644 1735//1735
f 1647//1647 1645//1645 1736//1736
f 1648//1648 1646//1646 1737//1737
f 1649//1649 1647//1647 1738//1738
f 1650//1650 1648//1648 1739//1739
f 1649//1649 1740//1740 1742//1742
f 1650//1650 1741//1741 1743//1743
f 1653//1653 1651//1651 1742//1742
f 1652//1652 1743//1743 1745//1745
f 1653//1653 1744//1744 1746//1746
f 1654//1654 1745//1745 1747//1747
f 1655//1655 1746//1746 1748//1748
f 1658//1658 1656//1656 1747//1747
f 1657//1657 1748//1748 1750//1750
f 1660//1660 1658//1658 1749//1749
f 1659//1659 1750//1750 1752//1752
f 1660//1660 1751//1751 1753//1753
f 1663//1663 1661//1661 1752//1752
f 1664//1664 1662//1662 1753//1753
f 1665//1665 1663//1663 1754//1754
f 1664//1664 1755//1755 1757//1757
f 1665//1665 1756//1756 1758//1758
f 1668//1668 1666//1666 1757//1757
f 1667//1667 1758//1758 1760//1760
f 1668//1668 1759//1759 1761//1761
f 1671//1671 1669//1669 1760//1760
f 1672//1672 1670//1670 1761//1761
f 1671//1671 1762//1762 1764//1764
f 1672//1672 1763//1763 1765//1765
f 1675//1675 1673//1673 1764//1764
f 1674//1674 1765//1765 1767//1767
f 1675//1675 1766//1766 1768//1768
f 1678//1678 1676//1676 1767//1767
f 1677//1677 1768//1768 1770//1770
f 1678//1678 1769//1769 1771//1771
f 1681//1681 1679//1679 1770//1770
f 1682//1682 1680//1680 1771//1771
f 1683//1683 1681//1681 1772//1772
f 1684//1684 1682//1682 1773//1773
f 1685//1685 1683//1683 1774//1774
f 1684//1684 1775//1775 1777//1777
f 1685//1685 1776//1776 1778//1778
f 1589//1589 1588//1588 1777//1777
f 1587//1587 1778//1778 1780//1780
f 1589//1589 1779//1779 1781//1781
f 1590//1590 1780//1780 1782//1782
f 1591//1591 1781//1781 1783//1783
f 1593//1593 1783//1783 1784//1784
f 1594//1594 1784//1784 1686//1686
f 1715//1715 1713//1713 1785//1785
f 1716//1716 1714//1714 1787//1787
f 1715//1715 1786//1786 1789//1789
f 1716//1716 1788//1788 1790//1790
f 1717//1717 1789//1789 1791//1791
f 1718//1718 1790//1790 1792//1792
f 1719//1719 1791//1791 1793//1793
f 1720//1720 1792//1792 1794//1794
f 1723//1723 1721//1721 1793//1793
f 1722//1722 1794//1794 1796//1796
f 1725//1725 1723//1723 1795//1795
f 1726//1726 1724//1724 1796//1796
f 1727//1727 1725//1725 1797//1797
f 1728//1728 1726//1726 1798//1798
f 1727//1727 1799//1799 1801//1801
f 1728//1728 1800//1800 1802//1802
f 1731//1731 1729//1729 1801//1801
f 1730//1730 1802//1802 1804//1804
f 1731//1731 1803//1803 1805//1805
f 1732//1732 1804//1804 1806//1806
f 1733//1733 1805//1805 1807//1807
f 1734//1734 1806//1806 1808//1808
f 1735//1735 1807//1807 1809//1809
f 1738//1738 1736//1736 1808//1808
f 1739//1739 1737//1737 1809//1809
f 1740//1740 1738//1738 1810//1810
f 1741//1741 1739//1739 1811//1811
f 1740//1740 1812//1812 1814//1814
f 1741//1741 1813//1813 1815//1815
f 1744//1744 1742//1742 1814//1814
f 1743//1743 1815//1815 1817//1817
f 1744//1744 1816//1816 1818//1818
f 1745//1745 1817//1817 1819//1819
f 1746//1746 1818//1818 1820//1820
f 1749//1749 1747//1747 1819//1819
f 1748//1748 1820//1820 1822//1822
f 1751//1751 1749//1749 1821//1821
f 1750//1750 1822//1822 1824//1824
f 1751//1751 1823//1823 1825//1825
f 1752//1752 1824//1824 1826//1826
f 1755//1755 1753//1753 1825//1825
f 1756//1756 1754//1754 1826//1826
f 1755//1755 1827//1827 1829//1829
f 1756//1756 1828//1828 1830//1830
f 1759//1759 1757//1757 1829//1829
f 1758//1758 1830//1830 1832//1832
f 1759//1759 1831//1831 1833//1833
f 1762//1762 1760//1760 1832//1832
f 1763//1763 1761//1761 1833//1833
f 1762//1762 1834//1834 1836//1836
f 1763//1763 1835//1835 1837//1837
f 1766//1766 1764//1764 1836//1836
f 1765//1765 1837//1837 1839//1839
f 1768//1768 1766//1766 1838//1838
f 1769//1769 1767//1767 1839//1839
f 1768//1768 1840//1840 1842//1842
f 1769//1769 1841//1841 1843//1843
f 1772//1772 1770//1770 1842//1842
f 1773//1773 1771//1771 1843//1843
f 1772//1772 1844//1844 1846//1846
f 1773//1773 1845//1845 1847//1847
f 1776//1776 1774//1774 1846//1846
f 1775//1775 1847//1847 1849//1849
f 1776//1776 1848//1848 1850//1850
f 1779//1779 1777//1777 1849//1849
f 1780//1780 1778//1778 1850//1850
f 1779//1779 1851//1851 1853//1853
f 1780//1780 1852//1852 1854//1854
f 1781//1781 1853//1853 1855//1855
f 1783//1783 1855//1855 1856//1856
f 1784//1784 1856//1856 1857//1857
f 1687//1687 1686//1686 1857//1857
f 1688//1688 1687//1687 1858//1858
f 1690//1690 1688//1688 1859//1859
f 1689//1689 1860//1860 1862//1862
f 1690//1690 1861//1861 1863//1863
f 1691//1691 1862//1862 1864//1864
f 1692//1692 1863//1863 1865//1865
f 1695//1695 1693//1693 1864//1864
f 1696//1696 1694//1694 1865//1865
f 1695//1695 1866//1866 1868//1868
f 1698//1698 1696//1696 1867//1867
f 1699//1699 1697//1697 1868//1868
f 1698//1698 1869//1869 1871//1871
f 1701//1701 1699//1699 1870//1870
f 1702//1702 1700//1700 1871//1871
f 1703//1703 1701//1701 1872//1872
f 1702//1702 1873//1873 1875//1875
f 1703//1703 1874//1874 1876//1876
f 1706//1706 1704//1704 1875//1875
f 1705//1705 1876//1876 1878//1878
f 1708//1708 1706//1706 1877//1877
f 1709//1709 1707//1707 1878//1878
f 1708//1708 1879//1879 1881//1881
f 1709//1709 1880//1880 1882//1882
f 1712//1712 1710//1710 1881//1881
f 1713//1713 1711//1711 1882//1882
f 1712//1712 1883//1883 1787//1787
f 1794//1794 1982//1982 1884//1884
f 1797//1797 1795//1795 1885//1885
f 1796//1796 1884//1884 1887//1887
f 1799//1799 1797//1797 1886//1886
f 1800//1800 1798//1798 1887//1887
f 1799//1799 1888//1888 1890//1890
f 1800//1800 1889//1889 1891//1891
f 1803//1803 1801//1801 1890//1890
f 1802//1802 1891//1891 1893//1893
f 1803//1803 1892//1892 1894//1894
f 1804//1804 1893//1893 1895//1895
f 1805//1805 1894//1894 1896//1896
f 1808//1808 1806//1806 1895//1895
f 1807//1807 1896//1896 1898//1898
f 1810//1810 1808//1808 1897//1897
f 1811//1811 1809//1809 1898//1898
f 1812//1812 1810//1810 1899//1899
f 1813//1813 1811//1811 1900//1900
f 1812//1812 1901//1901 1903//1903
f 1813//1813 1902//1902 1904//1904
f 1816//1816 1814//1814 1903//1903
f 1815//1815 1904//1904 1906//1906
f 1816//1816 1905//1905 1907//1907
f 1817//1817 1906//1906 1908//1908
f 1818//1818 1907//1907 1909//1909
f 1821//1821 1819//1819 1908//1908
f 1820//1820 1909//1909 1911//1911
f 1823//1823 1821//1821 1910//1910
f 1824//1824 1822//1822 1911//1911
f 1823//1823 1912//1912 1914//1914
f 1826//1826 1824//1824 1913//1913
f 1827//1827 1825//1825 1914//1914
f 1828//1828 1826//1826 1915//1915
f 1827//1827 1916//1916 1918//1918
f 1828//1828 1917//1917 1919//1919
f 1831//1831 1829//1829 1918//1918
f 1830//1830 1919//1919 1921//1921
f 1831//1831 1920//1920 1922//1922
f 1834//1834 1832//1832 1921//1921
f 1835//1835 1833//1833 1922//1922
f 1834//1834 1923//1923 1925//1925
f 1835//1835 1924//1924 1926//1926
f 1836//1836 1925//1925 1927//1927
f 1839//1839 1837//1837 1926//1926
f 1840//1840 1838//1838 1927//1927
f 1841//1841 1839//1839 1928//1928
f 1840//1840 1929//1929 1931//1931
f 1841//1841 1930//1930 1932//1932
f 1842//1842 1931//1931 1933//1933
f 1845//1845 1843//1843 1932//1932
f 1844//1844 1933//1933 1935//1935
f 1845//1845 1934//1934 1936//1936
f 1848//1848 1846//1846 1935//1935
f 1847//1847 1936//1936 1938//1938
f 1850//1850 1848//1848 1937//1937
f 1851//1851 1849//1849 1938//1938
f 1850//1850 1939//1939 1941//1941
f 1851//1851 1940//1940 1942//1942
f 1854//1854 1852//1852 1941//1941
f 1853//1853 1942//1942 1944//1944
f 1855//1855 1944//1944 1945//1945
f 1856//1856 1945//1945 1946//1946
f 1858//1858 1857//1857 1946//1946
f 1859//1859 1858//1858 1947//1947
f 1861//1861 1859//1859 1948//1948
f 1860//1860 1949//1949 1951//1951
f 1861//1861 1950//1950 1952//1952
f 1862//1862 1951//1951 1953//1953
f 1863//1863 1952//1952 1954//1954
f 1864//1864 1953//1953 1955//1955
f 1867//1867 1865//1865 1954//1954
f 1866//1866 1955//1955 1957//1957
f 1869//1869 1867//1867 1956//1956
f 1870//1870 1868//1868 1957//1957
f 1869//1869 1958//1958 1960//1960
f 1872//1872 1870//1870 1959//1959
f 1873//1873 1871//1871 1960//1960
f 1874//1874 1872//1872 1961//1961
f 1873//1873 1962//1962 1964//1964
f 1876//1876 1874//1874 1963//1963
f 1875//1875 1964//1964 1966//1966
f 1878//1878 1876//1876 1965//1965
f 1879//1879 1877//1877 1966//1966
f 1880//1880 1878//1878 1967//1967
f 1879//1879 1968//1968 1970//1970
f 1880//1880 1969//1969 1971//1971
f 1883//1883 1881//1881 1970//1970
f 1785//1785 1882//1882 1971//1971
f 1883//1883 1972//1972 1974//1974
f 1786//1786 1785//1785 1973//1973
f 1788//1788 1787//1787 1974//1974
f 1786//1786 1975//1975 1977//1977
f 1788//1788 1976//1976 1978//1978
f 1789//1789 1977//1977 1979//1979
f 1792//1792 1790//1790 1978//1978
f 1791//1791 1979//1979 1981//1981
f 1792//1792 1980//1980 1982//1982
f 1793//1793 1981//1981 1885//1885
f 1892//1892 2080//2080 1983//1983
f 1893//1893 2081//2081 1984//1984
f 1894//1894 1983//1983 1985//1985
f 1897//1897 1895//1895 1984//1984
f 1896//1896 1985//1985 1987//1987
f 1899//1899 1897//1897 1986//1986
f 1900//1900 1898//1898 1987//1987
f 1901//1901 1899//1899 1988//1988
f 1900//1900 1989//1989 1991//1991
f 1901//1901 1990//1990 1992//1992
f 1904//1904 1902//1902 1991//1991
f 1905//1905 1903//1903 1992//1992
f 1904//1904 1993//1993 1995//1995
f 1905//1905 1994//1994 1996//1996
f 1906//1906 1995//1995 1997//1997
f 1907//1907 1996//1996 1998//1998
f 1910//1910 1908//1908 1997//1997
f 1909//1909 1998//1998 2000//2000
f 1912//1912 1910//1910 1999//1999
f 1911//1911 2000//2000 2002//2002
f 1912//1912 2001//2001 2003//2003
f 1915//1915 1913//1913 2002//2002
f 1916//1916 1914//1914 2003//2003
f 1917//1917 1915//1915 2004//2004
f 1916//1916 2005//2005 2007//2007
f 1917//1917 2006//2006 2008//2008
f 1920//1920 1918//1918 2007//2007
f 1919//1919 2008//2008 2010//2010
f 1920//1920 2009//2009 2011//2011
f 1923//1923 1921//1921 2010//2010
f 1924//1924 1922//1922 2011//2011
f 1923//1923 2012//2012 2014//2014
f 1924//1924 2013//2013 2015//2015
f 1927//1927 1925//1925 2014//2014
f 1928//1928 1926//1926 2015//2015
f 1927//1927 2016//2016 2018//2018
f 1930//1930 1928//1928 2017//2017
f 1929//1929 2018//2018 2020//2020
f 1930//1930 2019//2019 2021//2021
f 1931//1931 2020//2020 2022//2022
f 1934//1934 1932//1932 2021//2021
f 1933//1933 2022//2022 2024//2024
f 1934//1934 2023//2023 2025//2025
f 1937//1937 1935//1935 2024//2024
f 1936//1936 2025//2025 2027//2027
f 1937//1937 2026//2026 2028//2028
f 1940//1940 1938//1938 2027//2027
f 1941//1941 1939//1939 2028//2028
f 1942//1942 1940//1940 2029//2029
f 1941//1941 2030//2030 2032//2032
f 1942//1942 2031//2031 2033//2033
f 1944//1944 2033//2033 2034//2034
f 1945//1945 2034//2034 2035//2035
f 1947//1947 1946//1946 2035//2035
f 1948//1948 1947//1947 2036//2036
f 1950//1950 1948//1948 2037//2037
f 1949//1949 2038//2038 2040//2040
f 1950//1950 2039//2039 2041//2041
f 1951//1951 2040//2040 2042//2042
f 1952//1952 2041//2041 2043//2043
f 1955//1955 1953//1953 2042//2042
f 1956//1956 1954//1954 2043//2043
f 1955//1955 2044//2044 2046//2046
f 1958//1958 1956//1956 2045//2045
f 1959//1959 1957//1957 2046//2046
f 1958//1958 2047//2047 2049//2049
f 1961//1961 1959//1959 2048//2048
f 1962//1962 1960//1960 2049//2049
f 1963//1963 1961//1961 2050//2050
f 1962//1962 2051//2051 2053//2053
f 1963//1963 2052//2052 2054//2054
f 1964//1964 2053//2053 2055//2055
f 1965//1965 2054//2054 2056//2056
f 1968//1968 1966//1966 2055//2055
f 1969//1969 1967//1967 2056//2056
f 1968//1968 2057//2057 2059//2059
f 1969//1969 2058//2058 2060//2060
f 1972//1972 1970//1970 2059//2059
f 1973//1973 1971//1971 2060//2060
f 1972//1972 2061//2061 2063//2063
f 1975//1975 1973//1973 2062//2062
f 1976//1976 1974//1974 2063//2063
f 1975//1975 2064//2064 2066//2066
f 1976//1976 2065//2065 2067//2067
f 1977//1977 2066//2066 2068//2068
f 1980//1980 1978//1978 2067//2067
f 1981//1981 1979//1979 2068//2068
f 1980//1980 2069//2069 2071//2071
f 1885//1885 1981//1981 2070//2070
f 1982//1982 2071//2071 2073//2073
f 1886//1886 1885//1885 2072//2072
f 1887//1887 1884//1884 2073//2073
f 1888//1888 1886//1886 2074//2074
f 1889//1889 1887//1887 2075//2075
f 1888//1888 2076//2076 2078//2078
f 1889//1889 2077//2077 2079//2079
f 1892//1892 1890//1890 2078//2078
f 1893//1893 1891//1891 2079//2079
f 1990//1990 2179//2179 2082//2082
f 1991//1991 2180//2180 2083//2083
f 1994//1994 1992//1992 2082//2082
f 1993//1993 2083//2083 2085//2085
f 1994//1994 2084//2084 2086//2086
f 1995//1995 2085//2085 2087//2087
f 1996//1996 2086//2086 2088//2088
f 1999//1999 1997//1997 2087//2087
f 1998//1998 2088//2088 2090//2090
f 2001//2001 1999//1999 2089//2089
f 2002//2002 2000//2000 2090//2090
f 2001//2001 2091//2091 2093//2093
f 2004//2004 2002//2002 2092//2092
f 2005//2005 2003//2003 2093//2093
f 2006//2006 2004//2004 2094//2094
f 2005//2005 2095//2095 2097//2097
f 2006//2006 2096//2096 2098//2098
f 2009//2009 2007//2007 2097//2097
f 2008//2008 2098//2098 2100//2100
f 2009//2009 2099//2099 2101//2101
f 2012//2012 2010//2010 2100//2100
f 2013//2013 2011//2011 2101//2101
f 2012//2012 2102//2102 2104//2104
f 2013//2013 2103//2103 2105//2105
f 2016//2016 2014//2014 2104//2104
f 2017//2017 2015//2015 2105//2105
f 2018//2018 2016//2016 2106//2106
f 2019//2019 2017//2017 2107//2107
f 2018//2018 2108//2108 2110//2110
f 2019//2019 2109//2109 2111//2111
f 2022//2022 2020//2020 2110//2110
f 2023//2023 2021//2021 2111//2111
f 2022//2022 2112//2112 2114//2114
f 2023//2023 2113//2113 2115//2115
f 2026//2026 2024//2024 2114//2114
f 2025//2025 2115//2115 2117//2117
f 2026//2026 2116//2116 2118//2118
f 2029//2029 2027//2027 2117//2117
f 2028//2028 2118//2118 2120//2120
f 2031//2031 2029//2029 2119//2119
f 2030//2030 2120//2120 2122//2122
f 2031//2031 2121//2121 2123//2123
f 2033//2033 2123//2123 2124//2124
f 2034//2034 2124//2124 2125//2125
f 2036//2036 2035//2035 2125//2125
f 2037//2037 2036//2036 2126//2126
f 2039//2039 2037//2037 2127//2127
f 2040//2040 2038//2038 2128//2128
f 2039//2039 2129//2129 2131//2131
f 2042//2042 2040//2040 2130//2130
f 2041//2041 2131//2131 2133//2133
f 2044//2044 2042//2042 2132//2132
f 2045//2045 2043//2043 2133//2133
f 2044//2044 2134//2134 2136//2136
f 2047//2047 2045//2045 2135//2135
f 2048//2048 2046//2046 2136//2136
f 2047//2047 2137//2137 2139//2139
f 2048//2048 2138//2138 2140//2140
f 2049//2049 2139//2139 2141//2141
f 2052//2052 2050//2050 2140//2140
f 2051//2051 2141//2141 2143//2143
f 2052//2052 2142//2142 2144//2144
f 2053//2053 2143//2143 2145//2145
f 2054//2054 2144//2144 2146//2146
f 2057//2057 2055//2055 2145//2145
f 2058//2058 2056//2056 2146//2146
f 2057//2057 2147//2147 2149//2149
f 2058//2058 2148//2148 2150//2150
f 2061//2061 2059//2059 2149//2149
f 2062//2062 2060//2060 2150//2150
f 2061//2061 2151//2151 2153//2153
f 2064//2064 2062//2062 2152//2152
f 2065//2065 2063//2063 2153//2153
f 2064//2064 2154//2154 2156//2156
f 2065//2065 2155//2155 2157//2157
f 2066//2066 2156//2156 2158//2158
f 2069//2069 2067//2067 2157//2157
f 2068//2068 2158//2158 2160//2160
f 2069//2069 2159//2159 2161//2161
f 2072//2072 2070//2070 2160//2160
f 2071//2071 2161//2161 2163//2163
f 2074//2074 2072//2072 2162//2162
f 2075//2075 2073//2073 2163//2163
f 2076//2076 2074//2074 2164//2164
f 2077//2077 2075//2075 2165//2165
f 2076//2076 2166//2166 2168//2168
f 2079//2079 2077//2077 2167//2167
f 2080//2080 2078//2078 2168//2168
f 2081//2081 2079//2079 2169//2169
f 2080//2080 2170//2170 2172//2172
f 2081//2081 2171//2171 2173//2173
f 1983//1983 2172//2172 2174//2174
f 1986//1986 1984//1984 2173//2173
f 1985//1985 2174//2174 2176//2176
f 1988//1988 1986//1986 2175//2175
f 1989//1989 1987//1987 2176//2176
f 1990//1990 1988//1988 2177//2177
f 1989//1989 2178//2178 2180//2180
f 2090//2090 2278//2278 2181//2181
f 2091//2091 2279//2279 2182//2182
f 2094//2094 2092//2092 2181//2181
f 2095//2095 2093//2093 2182//2182
f 2096//2096 2094//2094 2183//2183
f 2095//2095 2184//2184 2186//2186
f 2096//2096 2185//2185 2187//2187
f 2099//2099 2097//2097 2186//2186
f 2098//2098 2187//2187 2189//2189
f 2099//2099 2188//2188 2190//2190
f 2102//2102 2100//2100 2189//2189
f 2103//2103 2101//2101 2190//2190
f 2102//2102 2191//2191 2193//2193
f 2103//2103 2192//2192 2194//2194
f 2106//2106 2104//2104 2193//2193
f 2105//2105 2194//2194 2196//2196
f 2108//2108 2106//2106 2195//2195
f 2109//2109 2107//2107 2196//2196
f 2108//2108 2197//2197 2199//2199
f 2111//2111 2109//2109 2198//2198
f 2112//2112 2110//2110 2199//2199
f 2113//2113 2111//2111 2200//2200
f 2112//2112 2201//2201 2203//2203
f 2113//2113 2202//2202 2204//2204
f 2116//2116 2114//2114 2203//2203
f 2115//2115 2204//2204 2206//2206
f 2116//2116 2205//2205 2207//2207
f 2119//2119 2117//2117 2206//2206
f 2118//2118 2207//2207 2209//2209
f 2121//2121 2119//2119 2208//2208
f 2120//2120 2209//2209 2211//2211
f 2121//2121 2210//2210 2212//2212
f 2123//2123 2212//2212 2213//2213
f 2124//2124 2213//2213 2214//2214
f 2126//2126 2125//2125 2214//2214
f 2127//2127 2126//2126 2215//2215
f 2129//2129 2127//2127 2216//2216
f 2128//2128 2217//2217 2219//2219
f 2129//2129 2218//2218 2220//2220
f 2130//2130 2219//2219 2221//2221
f 2131//2131 2220//2220 2222//2222
f 2134//2134 2132//2132 2221//2221
f 2135//2135 2133//2133 2222//2222
f 2134//2134 2223//2223 2225//2225
f 2137//2137 2135//2135 2224//2224
f 2138//2138 2136//2136 2225//2225
f 2137//2137 2226//2226 2228//2228
f 2138//2138 2227//2227 2229//2229
f 2139//2139 2228//2228 2230//2230
f 2142//2142 2140//2140 2229//2229
f 2141//2141 2230//2230 2232//2232
f 2142//2142 2231//2231 2233//2233
f 2145//2145 2143//2143 2232//2232
f 2144//2144 2233//2233 2235//2235
f 2147//2147 2145//2145 2234//2234
f 2148//2148 2146//2146 2235//2235
f 2147//2147 2236//2236 2238//2238
f 2148//2148 2237//2237 2239//2239
f 2151//2151 2149//2149 2238//2238
f 2152//2152 2150//2150 2239//2239
f 2151//2151 2240//2240 2242//2242
f 2154//2154 2152//2152 2241//2241
f 2155//2155 2153//2153 2242//2242
f 2154//2154 2243//2243 2245//2245
f 2155//2155 2244//2244 2246//2246
f 2156//2156 2245//2245 2247//2247
f 2159//2159 2157//2157 2246//2246
f 2158//2158 2247//2247 2249//2249
f 2159//2159 2248//2248 2250//2250
f 2162//2162 2160//2160 2249//2249
f 2161//2161 2250//2250 2252//2252
f 2164//2164 2162//2162 2251//2251
f 2165//2165 2163//2163 2252//2252
f 2166//2166 2164//2164 2253//2253
f 2167//2167 2165//2165 2254//2254
f 2166//2166 2255//2255 2257//2257
f 2167//2167 2256//2256 2258//2258
f 2170//2170 2168//2168 2257//2257
f 2169//2169 2258//2258 2260//2260
f 2170//2170 2259//2259 2261//2261
f 2171//2171 2260//2260 2262//2262
f 2172//2172 2261//2261 2263//2263
f 2173//2173 2262//2262 2264//2264
f 2176//2176 2174//2174 2263//2263
f 2177//2177 2175//2175 2264//2264
f 2178//2178 2176//2176 2265//2265
f 2179//2179 2177//2177 2266//2266
f 2178//2178 2267//2267 2269//2269
f 2179//2179 2268//2268 2270//2270
f 2180//2180 2269//2269 2271//2271
f 2084//2084 2082//2082 2270//2270
f 2083//2083 2271//2271 2273//2273
f 2084//2084 2272//2272 2274//2274
f 2085//2085 2273//2273 2275//2275
f 2086//2086 2274//2274 2276//2276
f 2089//2089 2087//2087 2275//2275
f 2088//2088 2276//2276 2278//2278
f 2091//2091 2089//2089 2277//2277
f 2188//2188 2378//2378 2280//2280
f 2191//2191 2189//2189 2281//2281
f 2192//2192 2190//2190 2280//2280
f 2191//2191 2282//2282 2284//2284
f 2192//2192 2283//2283 2285//2285
f 2195//2195 2193//2193 2284//2284
f 2196//2196 2194//2194 2285//2285
f 2195//2195 2286//2286 2288//2288
f 2198//2198 2196//2196 2287//2287
f 2197//2197 2288//2288 2290//2290
f 2200//2200 2198//2198 2289//2289
f 2201//2201 2199//2199 2290//2290
f 2202//2202 2200//2200 2291//2291
f 2201//2201 2292//2292 2294//2294
f 2202//2202 2293//2293 2295//2295
f 2205//2205 2203//2203 2294//2294
f 2204//2204 2295//2295 2297//2297
f 2205//2205 2296//2296 2298//2298
f 2208//2208 2206//2206 2297//2297
f 2207//2207 2298//2298 2300//2300
f 2210//2210 2208//2208 2299//2299
f 2211//2211 2209//2209 2300//2300
f 2210//2210 2301//2301 2303//2303
f 2212//2212 2303//2303 2304//2304
f 2213//2213 2304//2304 2305//2305
f 2215//2215 2214//2214 2305//2305
f 2216//2216 2215//2215 2306//2306
f 2218//2218 2216//2216 2307//2307
f 2217//2217 2308//2308 2310//2310
f 2218//2218 2309//2309 2311//2311
f 2221//2221 2219//2219 2310//2310
f 2220//2220 2311//2311 2313//2313
f 2223//2223 2221//2221 2312//2312
f 2224//2224 2222//2222 2313//2313
f 2223//2223 2314//2314 2316//2316
f 2226//2226 2224//2224 2315//2315
f 2227//2227 2225//2225 2316//2316
f 2226//2226 2317//2317 2319//2319
f 2227//2227 2318//2318 2320//2320
f 2228//2228 2319//2319 2321//2321
f 2231//2231 2229//2229 2320//2320
f 2230//2230 2321//2321 2323//2323
f 2233//2233 2231//2231 2322//2322
f 2232//2232 2323//2323 2325//2325
f 2233//2233 2324//2324 2326//2326
f 2236//2236 2234//2234 2325//2325
f 2237//2237 2235//2235 2326//2326
f 2236//2236 2327//2327 2329//2329
f 2237//2237 2328//2328 2330//2330
f 2240//2240 2238//2238 2329//2329
f 2241//2241 2239//2239 2330//2330
f 2240//2240 2331//2331 2333//2333
f 2243//2243 2241//2241 2332//2332
f 2244//2244 2242//2242 2333//2333
f 2243//2243 2334//2334 2336//2336
f 2244//2244 2335//2335 2337//2337
f 2245//2245 2336//2336 2338//2338
f 2248//2248 2246//2246 2337//2337
f 2247//2247 2338//2338 2340//2340
f 2248//2248 2339//2339 2341//2341
f 2251//2251 2249//2249 2340//2340
f 2250//2250 2341//2341 2343//2343
f 2253//2253 2251//2251 2342//2342
f 2254//2254 2252//2252 2343//2343
f 2253//2253 2344//2344 2346//2346
f 2256//2256 2254//2254 2345//2345
f 2255//2255 2346//2346 2348//2348
f 2258//2258 2256//2256 2347//2347
f 2259//2259 2257//2257 2348//2348
f 2258//2258 2349//2349 2351//2351
f 2259//2259 2350//2350 2352//2352
f 2260//2260 2351//2351 2353//2353
f 2261//2261 2352//2352 2354//2354
f 2262//2262 2353//2353 2355//2355
f 2265//2265 2263//2263 2354//2354
f 2266//2266 2264//2264 2355//2355
f 2267//2267 2265//2265 2356//2356
f 2268//2268 2266//2266 2357//2357
f 2267//2267 2358//2358 2360//2360
f 2268//2268 2359//2359 2361//2361
f 2271//2271 2269//2269 2360//2360
f 2272//2272 2270//2270 2361//2361
f 2271//2271 2362//2362 2364//2364
f 2274//2274 2272//2272 2363//2363
f 2273//2273 2364//2364 2366//2366
f 2274//2274 2365//2365 2367//2367
f 2277//2277 2275//2275 2366//2366
f 2276//2276 2367//2367 2369//2369
f 2279//2279 2277//2277 2368//2368
f 2181//2181 2278//2278 2369//2369
f 2279//2279 2370//2370 2372//2372
f 2183//2183 2181//2181 2371//2371
f 2184//2184 2182//2182 2372//2372
f 2185//2185 2183//2183 2373//2373
f 2184//2184 2374//2374 2376//2376
f 2185//2185 2375//2375 2377//2377
f 2188//2188 2186//2186 2376//2376
f 2187//2187 2377//2377 2281//2281
f 2288//2288 2477//2477 2379//2379
f 2291//2291 2289//2289 2380//2380
f 2290//2290 2379//2379 2382//2382
f 2293//2293 2291//2291 2381//2381
f 2292//2292 2382//2382 2384//2384
f 2293//2293 2383//2383 2385//2385
f 2296//2296 2294//2294 2384//2384
f 2295//2295 2385//2385 2387//2387
f 2296//2296 2386//2386 2388//2388
f 2299//2299 2297//2297 2387//2387
f 2298//2298 2388//2388 2390//2390
f 2301//2301 2299//2299 2389//2389
f 2300//2300 2390//2390 2392//2392
f 2301//2301 2391//2391 2393//2393
f 2303//2303 2393//2393 2394//2394
f 2304//2304 2394//2394 2395//2395
f 2306//2306 2305//2305 2395//2395
f 2307//2307 2306//2306 2396//2396
f 2309//2309 2307//2307 2397//2397
f 2308//2308 2398//2398 2400//2400
f 2309//2309 2399//2399 2401//2401
f 2310//2310 2400//2400 2402//2402
f 2311//2311 2401//2401 2403//2403
f 2312//2312 2402//2402 2404//2404
f 2315//2315 2313//2313 2403//2403
f 2314//2314 2404//2404 2406//2406
f 2317//2317 2315//2315 2405//2405
f 2318//2318 2316//2316 2406//2406
f 2317//2317 2407//2407 2409//2409
f 2320//2320 2318//2318 2408//2408
f 2319//2319 2409//2409 2411//2411
f 2322//2322 2320//2320 2410//2410
f 2321//2321 2411//2411 2413//2413
f 2322//2322 2412//2412 2414//2414
f 2323//2323 2413//2413 2415//2415
f 2324//2324 2414//2414 2416//2416
f 2327//2327 2325//2325 2415//2415
f 2328//2328 2326//2326 2416//2416
f 2327//2327 2417//2417 2419//2419
f 2328//2328 2418//2418 2420//2420
f 2331//2331 2329//2329 2419//2419
f 2332//2332 2330//2330 2420//2420
f 2331//2331 2421//2421 2423//2423
f 2334//2334 2332//2332 2422//2422
f 2335//2335 2333//2333 2423//2423
f 2334//2334 2424//2424 2426//2426
f 2335//2335 2425//2425 2427//2427
f 2336//2336 2426//2426 2428//2428
f 2339//2339 2337//2337 2427//2427
f 2340//2340 2338//2338 2428//2428
f 2339//2339 2429//2429 2431//2431
f 2342//2342 2340//2340 2430//2430
f 2341//2341 2431//2431 2433//2433
f 2344//2344 2342//2342 2432//2432
f 2345//2345 2343//2343 2433//2433
f 2346//2346 2344//2344 2434//2434
f 2347//2347 2345//2345 2435//2435
f 2346//2346 2436//2436 2438//2438
f 2347//2347 2437//2437 2439//2439
f 2350//2350 2348//2348 2438//2438
f 2349//2349 2439//2439 2441//2441
f 2350//2350 2440//2440 2442//2442
f 2351//2351 2441//2441 2443//2443
f 2352//2352 2442//2442 2444//2444
f 2353//2353 2443//2443 2445//2445
f 2356//2356 2354//2354 2444//2444
f 2357//2357 2355//2355 2445//2445
f 2358//2358 2356//2356 2446//2446
f 2359//2359 2357//2357 2447//2447
f 2360//2360 2358//2358 2448//2448
f 2359//2359 2449//2449 2451//2451
f 2362//2362 2360//2360 2450//2450
f 2363//2363 2361//2361 2451//2451
f 2362//2362 2452//2452 2454//2454
f 2363//2363 2453//2453 2455//2455
f 2364//2364 2454//2454 2456//2456
f 2365//2365 2455//2455 2457//2457
f 2368//2368 2366//2366 2456//2456
f 2367//2367 2457//2457 2459//2459
f 2370//2370 2368//2368 2458//2458
f 2369//2369 2459//2459 2461//2461
f 2370//2370 2460//2460 2462//2462
f 2373//2373 2371//2371 2461//2461
f 2374//2374 2372//2372 2462//2462
f 2375//2375 2373//2373 2463//2463
f 2374//2374 2464//2464 2466//2466
f 2375//2375 2465//2465 2467//2467
f 2378//2378 2376//2376 2466//2466
f 2377//2377 2467//2467 2469//2469
f 2378//2378 2468//2468 2470//2470
f 2282//2282 2281//2281 2469//2469
f 2283//2283 2280//2280 2470//2470
f 2282//2282 2471//2471 2473//2473
f 2283//2283 2472//2472 2474//2474
f 2286//2286 2284//2284 2473//2473
f 2287//2287 2285//2285 2474//2474
f 2288//2288 2286//2286 2475//2475
f 2289//2289 2287//2287 2476//2476
f 2482//2482 2389//2389 2479//2479
f 2389//2389 2387//2387 2479//2479
f 2484//2484 2390//2390 2481//2481
f 2390//2390 2388//2388 2481//2481
f 2391//2391 2389//2389 2482//2482
f 2392//2392 2390//2390 2484//2484
f 2486//2486 2393//2393 2391//2391
f 2487//2487 2394//2394 2393//2393
f 2488//2488 2489//2489 2395//2395
f 2395//2395 2394//2394 2488//2488
f 2491//2491 2396//2396 2490//2490
f 2396//2396 2395//2395 2490//2490
f 2397//2397 2396//2396 2491//2491
f 2399//2399 2397//2397 2492//2492
f 2495//2495 2400//2400 2398//2398
f 2496//2496 2401//2401 2399//2399
f 2499//2499 2402//2402 2497//2497
f 2402//2402 2400//2400 2497//2497
f 2498//2498 2501//2501 2403//2403
f 2403//2403 2401//2401 2498//2498
f 2500//2500 2503//2503 2404//2404
f 2404//2404 2402//2402 2500//2500
f 2505//2505 2405//2405 2502//2502
f 2405//2405 2403//2403 2502//2502
f 2507//2507 2406//2406 2504//2504
f 2406//2406 2404//2404 2504//2504
f 2407//2407 2405//2405 2505//2505
f 2508//2508 2510//2510 2408//2408
f 2408//2408 2406//2406 2508//2508
f 2509//2509 2512//2512 2409//2409
f 2409//2409 2407//2407 2509//2509
f 2514//2514 2410//2410 2511//2511
f 2410//2410 2408//2408 2511//2511
f 2411//2411 2409//2409 2512//2512
f 2515//2515 2517//2517 2412//2412
f 2412//2412 2410//2410 2515//2515
f 2411//2411 2513//2513 2516//2516
f 2414//2414 2412//2412 2517//2517
f 2415//2415 2413//2413 2516//2516
f 2522//2522 2416//2416 2520//2520
f 2416//2416 2414//2414 2520//2520
f 5247//5247 2417//2417 2521//2521
f 2417//2417 2415//2415 2521//2521
f 2523//2523 2525//2525 2418//2418
f 2418//2418 2416//2416 2523//2523
f 2417//2417 5247//5247 2524//2524
f 2528//2528 2420//2420 2526//2526
f 2420//2420 2418//2418 2526//2526
f 2421//2421 2419//2419 2524//2524
f 2529//2529 2532//2532 2422//2422
f 2422//2422 2420//2420 2529//2529
f 2530//2530 2533//2533 2423//2423
f 2423//2423 2421//2421 2530//2530
f 2531//2531 2424//2424 2422//2422
f 2536//2536 2425//2425 2534//2534
f 2425//2425 2423//2423 2534//2534
f 2535//2535 2426//2426 2424//2424
f 2537//2537 2539//2539 2427//2427
f 2427//2427 2425//2425 2537//2537
f 2656//2656 2428//2428 2538//2538
f 2428//2428 2426//2426 2538//2538
f 2542//2542 2429//2429 2540//2540
f 2429//2429 2427//2427 2540//2540
f 2428//2428 2656//2656 2541//2541
f 2543//2543 2659//2659 2431//2431
f 2431//2431 2429//2429 2543//2543
f 2432//2432 2430//2430 2541//2541
f 2431//2431 2659//2659 2545//2545
f 2546//2546 2549//2549 2434//2434
f 2434//2434 2432//2432 2546//2546
f 2435//2435 2433//2433 2545//2545
f 2548//2548 2436//2436 2434//2434
f 2552//2552 2437//2437 2550//2550
f 2437//2437 2435//2435 2550//2550
f 2554//2554 2438//2438 2551//2551
f 2438//2438 2436//2436 2551//2551
f 2439//2439 2437//2437 2552//2552
f 2555//2555 2558//2558 2440//2440
f 2440//2440 2438//2438 2555//2555
f 2441//2441 2439//2439 2553//2553
f 2557//2557 2442//2442 2440//2440
f 2559//2559 2665//2665 2443//2443
f 2443//2443 2441//2441 2559//2559
f 2442//2442 2557//2557 2560//2560
f 2443//2443 2665//2665 2561//2561
f 2446//2446 2444//2444 2560//2560
f 2447//2447 2445//2445 2561//2561
f 2566//2566 2448//2448 2564//2564
f 2448//2448 2446//2446 2564//2564
f 2449//2449 2447//2447 2563//2563
f 2450//2450 2448//2448 2566//2566
f 2570//2570 2451//2451 2568//2568
f 2451//2451 2449//2449 2568//2568
f 2569//2569 2452//2452 2450//2450
f 2573//2573 2453//2453 2571//2571
f 2453//2453 2451//2451 2571//2571
f 2572//2572 2622//2622 2454//2454
f 2454//2454 2452//2452 2572//2572
f 2455//2455 2453//2453 2573//2573
f 2454//2454 2622//2622 2575//2575
f 2625//2625 2457//2457 2576//2576
f 2457//2457 2455//2455 2576//2576
f 2458//2458 2456//2456 2575//2575
f 2457//2457 2625//2625 2578//2578
f 2581//2581 2460//2460 2579//2579
f 2460//2460 2458//2458 2579//2579
f 2459//2459 2578//2578 2580//2580
f 2582//2582 2584//2584 2462//2462
f 2462//2462 2460//2460 2582//2582
f 2586//2586 2463//2463 2583//2583
f 2463//2463 2461//2461 2583//2583
f 2588//2588 2464//2464 2585//2585
f 2464//2464 2462//2462 2585//2585
f 2465//2465 2463//2463 2586//2586
f 2589//2589 2591//2591 2466//2466
f 2466//2466 2464//2464 2589//2589
f 2467//2467 2465//2465 2587//2587
f 5248//5248 2468//2468 2592//2592
f 2468//2468 2466//2466 2592//2592
f 2595//2595 2469//2469 2593//2593
f 2469//2469 2467//2467 2593//2593
f 2468//2468 5248//5248 2594//2594
f 2598//2598 2471//2471 2596//2596
f 2471//2471 2469//2469 2596//2596
f 2472//2472 2470//2470 2594//2594
f 2601//2601 2473//2473 2599//2599
f 2473//2473 2471//2471 2599//2599
f 2600//2600 2634//2634 2474//2474
f 2474//2474 2472//2472 2600//2600
f 5249//5249 2475//2475 2602//2602
f 2475//2475 2473//2473 2602//2602
f 2474//2474 2634//2634 2603//2603
f 2475//2475 5249//5249 2604//2604
f 2380//2380 2476//2476 2603//2603
f 2608//2608 2379//2379 2606//2606
f 2379//2379 2477//2477 2606//2606
f 2381//2381 2380//2380 2605//2605
f 2611//2611 2382//2382 2609//2609
f 2382//2382 2379//2379 2609//2609
f 2614//2614 2383//2383 2610//2610
f 2383//2383 2381//2381 2610//2610
f 2615//2615 2384//2384 2612//2612
f 2384//2384 2382//2382 2612//2612
f 2613//2613 2385//2385 2383//2383
f 2618//2618 2386//2386 2616//2616
f 2386//2386 2384//2384 2616//2616
f 2617//2617 2478//2478 2387//2387
f 2387//2387 2385//2385 2617//2617
f 2480//2480 2388//2388 2619//2619
f 2388//2388 2386//2386 2619//2619
f 2623//2623 2575//2575 2622//2622
f 2626//2626 2577//2577 2575//2575
f 2627//2627 2578//2578 2625//2625
f 2628//2628 2580//2580 2578//2578
f 2635//2635 2603//2603 2634//2634
f 2636//2636 2605//2605 2603//2603
f 2638//2638 2607//2607 2605//2605
f 2648//2648 2513//2513 2512//2512
f 2649//2649 2516//2516 2513//2513
f 2650//2650 2519//2519 2516//2516
f 2657//2657 2541//2541 2656//2656
f 2660//2660 2544//2544 2541//2541
f 2661//2661 2545//2545 2659//2659
f 2662//2662 2547//2547 2545//2545
f 2667//2667 2561//2561 2665//2665
f 2668//2668 2562//2562 2560//2560
f 2669//2669 2833//2833 2670//2670
f 2675//2675 2674//2674 2679//2679
f 2680//2680 2679//2679 2682//2682
f 2683//2683 2682//2682 2687//2687
f 2685//2685 2684//2684 2689//2689
f 2688//2688 2687//2687 2691//2691
f 2690//2690 2689//2689 2693//2693
f 2694//2694 2693//2693 2696//2696
f 2700//2700 2699//2699 2702//2702
f 2703//2703 2702//2702 2704//2704
f 2707//2707 2706//2706 2710//2710
f 2739//2739 2744//2744 2740//2740
f 2743//2743 2742//2742 2746//2746
f 2747//2747 2746//2746 2748//2748
f 2752//2752 2758//2758 2754//2754
f 2758//2758 2762//2762 2759//2759
f 2757//2757 2756//2756 2760//2760
f 2762//2762 2766//2766 2763//2763
f 2761//2761 2760//2760 2764//2764
f 2765//2765 2764//2764 2768//2768
f 2769//2769 2768//2768 2773//2773
f 2779//2779 2781//2781 2780//2780
f 2785//2785 2784//2784 2786//2786
f 2787//2787 2786//2786 2788//2788
f 2797//2797 2804//2804 2801//2801
f 2800//2800 2799//2799 2802//2802
f 2812//2812 2811//2811 2815//2815
f 2814//2814 2813//2813 2817//2817
f 2826//2826 2825//2825 2828//2828
f 2829//2829 2828//2828 2830//2830
f 2686//2686 5250//5250 2964//2964
f 2964//2964 2835//2835 2686//2686
f 2687//2687 2682//2682 2836//2836
f 2684//2684 2835//2835 2838//2838
f 2687//2687 2837//2837 2839//2839
f 2689//2689 2838//2838 2840//2840
f 2695//2695 2691//2691 2839//2839
f 2839//2839 2841//2841 2695//2695
f 2693//2693 2840//2840 2843//2843
f 2842//2842 2841//2841 2698//2698
f 2841//2841 2844//2844 2698//2698
f 2848//2848 2701//2701 2845//2845
f 2701//2701 2696//2696 2843//2843
f 2699//2699 2844//2844 2846//2846
f 2845//2845 2966//2966 2847//2847
f 2704//2704 2702//2702 2846//2846
f 2708//2708 2847//2847 2966//2966
f 2966//2966 2850//2850 2708//2708
f 2709//2709 2704//2704 2849//2849
f 2849//2849 2851//2851 2709//2709
f 2710//2710 2706//2706 2850//2850
f 2852//2852 2851//2851 2854//2854
f 5251//5251 2712//2712 2856//2856
f 2712//2712 2710//2710 2853//2853
f 2855//2855 2854//2854 2713//2713
f 2854//2854 2857//2857 2713//2713
f 2718//2718 5251//5251 2856//2856
f 2856//2856 2858//2858 2718//2718
f 2719//2719 2714//2714 2857//2857
f 2857//2857 2859//2859 2719//2719
f 2716//2716 2858//2858 2861//2861
f 2860//2860 2859//2859 2721//2721
f 2859//2859 2862//2862 2721//2721
f 2720//2720 2861//2861 2863//2863
f 2722//2722 2862//2862 2724//2724
f 2862//2862 2865//2865 2724//2724
f 2727//2727 2864//2864 2863//2863
f 2863//2863 2867//2867 2727//2727
f 2865//2865 2870//2870 2731//2731
f 2728//2728 2725//2725 2867//2867
f 2867//2867 2868//2868 2728//2728
f 2729//2729 2731//2731 2870//2870
f 2869//2869 2868//2868 2732//2732
f 2868//2868 2872//2872 2732//2732
f 2729//2729 2871//2871 2735//2735
f 2871//2871 2873//2873 2735//2735
f 2736//2736 2733//2733 2872//2872
f 2872//2872 2875//2875 2736//2736
f 2739//2739 2738//2738 2877//2877
f 2738//2738 2874//2874 2873//2873
f 2875//2875 2990//2990 2878//2878
f 2739//2739 2877//2877 2879//2879
f 2878//2878 2990//2990 2741//2741
f 2990//2990 2880//2880 2741//2741
f 2744//2744 2879//2879 2745//2745
f 2879//2879 2881//2881 2745//2745
f 2742//2742 2880//2880 2883//2883
f 2882//2882 2881//2881 2884//2884
f 2748//2748 2746//2746 2883//2883
f 2752//2752 2751//2751 2887//2887
f 2751//2751 2885//2885 2884//2884
f 2753//2753 2748//2748 2886//2886
f 2886//2886 2888//2888 2753//2753
f 2758//2758 2752//2752 2887//2887
f 2889//2889 2888//2888 2755//2755
f 2888//2888 2891//2891 2755//2755
f 2762//2762 2758//2758 2890//2890
f 2760//2760 2756//2756 2891//2891
f 2762//2762 2892//2892 2894//2894
f 2760//2760 2893//2893 2895//2895
f 2766//2766 2894//2894 2767//2767
f 2894//2894 2896//2896 2767//2767
f 2768//2768 2764//2764 2895//2895
f 2772//2772 2771//2771 2899//2899
f 2771//2771 2897//2897 2896//2896
f 2768//2768 2898//2898 2900//2900
f 2772//2772 2899//2899 2775//2775
f 2899//2899 2901//2901 2775//2775
f 2776//2776 2773//2773 2900//2900
f 2900//2900 2903//2903 2776//2776
f 2779//2779 2778//2778 2905//2905
f 2778//2778 2902//2902 2901//2901
f 2904//2904 2903//2903 2906//2906
f 2781//2781 2779//2779 2905//2905
f 2906//2906 3015//3015 2909//2909
f 2781//2781 2908//2908 2782//2782
f 2908//2908 2910//2910 2782//2782
f 2909//2909 3015//3015 2783//2783
f 3015//3015 2912//2912 2783//2783
f 2910//2910 2915//2915 2913//2913
f 2786//2786 2784//2784 2912//2912
f 2915//2915 2919//2919 2916//2916
f 2786//2786 2914//2914 2917//2917
f 2792//2792 2791//2791 2918//2918
f 2791//2791 2916//2916 2919//2919
f 2793//2793 2788//2788 2917//2917
f 2917//2917 2920//2920 2793//2793
f 2792//2792 2918//2918 2794//2794
f 2918//2918 2922//2922 2794//2794
f 2921//2921 2920//2920 2924//2924
f 2797//2797 2796//2796 2926//2926
f 2796//2796 2923//2923 2922//2922
f 2925//2925 2924//2924 2798//2798
f 2924//2924 2927//2927 2798//2798
f 2804//2804 2797//2797 2926//2926
f 2799//2799 2927//2927 2929//2929
f 2805//2805 2802//2802 2929//2929
f 2929//2929 2930//2930 2805//2805
f 2931//2931 2930//2930 2806//2806
f 2930//2930 2932//2932 2806//2806
f 2809//2809 2807//2807 2932//2932
f 2932//2932 2933//2933 2809//2809
f 2934//2934 2933//2933 2810//2810
f 2933//2933 2935//2935 2810//2810
f 2815//2815 2811//2811 2935//2935
f 2813//2813 2936//2936 2938//2938
f 2819//2819 2815//2815 2937//2937
f 2937//2937 2939//2939 2819//2819
f 5252//5252 2820//2820 2941//2941
f 2820//2820 2817//2817 2938//2938
f 2939//2939 3040//3040 2942//2942
f 2823//2823 5252//5252 2941//2941
f 2941//2941 2943//2943 2823//2823
f 2942//2942 3040//3040 2824//2824
f 3040//3040 2944//2944 2824//2824
f 2947//2947 2827//2827 2945//2945
f 2827//2827 2821//2821 2943//2943
f 2828//2828 2825//2825 2944//2944
f 2947//2947 2945//2945 2948//2948
f 2828//2828 2946//2946 2950//2950
f 2949//2949 2948//2948 2951//2951
f 2832//2832 2830//2830 2950//2950
f 2950//2950 2953//2953 2832//2832
f 2834//2834 2952//2952 2951//2951
f 2951//2951 2955//2955 2834//2834
f 2954//2954 2953//2953 2956//2956
f 2833//2833 2955//2955 2958//2958
f 2956//2956 3053//3053 2959//2959
f 5253//5253 2672//2672 2960//2960
f 2672//2672 2670//2670 2958//2958
f 2959//2959 3053//3053 2673//2673
f 3053//3053 2961//2961 2673//2673
f 2678//2678 5253//5253 2960//2960
f 2960//2960 2962//2962 2678//2678
f 2679//2679 2674//2674 2961//2961
f 5250//5250 2681//2681 2964//2964
f 2681//2681 2676//2676 2962//2962
f 2679//2679 2963//2963 2836//2836
f 2844//2844 3068//3068 2965//2965
f 2966//2966 2845//2845 2967//2967
f 2849//2849 2846//2846 2965//2965
f 2850//2850 2966//2966 2968//2968
f 2849//2849 2969//2969 2971//2971
f 2850//2850 2970//2970 2972//2972
f 2851//2851 2971//2971 2973//2973
f 2853//2853 2972//2972 2974//2974
f 2857//2857 2854//2854 2973//2973
f 2858//2858 2856//2856 2974//2974
f 2857//2857 2975//2975 2977//2977
f 2858//2858 2976//2976 2978//2978
f 2862//2862 2859//2859 2977//2977
f 2861//2861 2978//2978 2980//2980
f 2862//2862 2979//2979 2981//2981
f 2867//2867 2863//2863 2980//2980
f 2870//2870 2865//2865 2981//2981
f 2867//2867 2982//2982 2984//2984
f 2871//2871 2870//2870 2983//2983
f 2872//2872 2868//2868 2984//2984
f 2871//2871 2985//2985 2987//2987
f 2872//2872 2986//2986 2988//2988
f 2877//2877 2873//2873 2987//2987
f 2990//2990 2875//2875 2988//2988
f 2877//2877 2989//2989 2992//2992
f 2880//2880 2990//2990 2991//2991
f 2879//2879 2992//2992 2994//2994
f 2880//2880 2993//2993 2995//2995
f 2881//2881 2994//2994 2996//2996
f 2886//2886 2883//2883 2995//2995
f 2887//2887 2884//2884 2996//2996
f 2886//2886 2997//2997 2999//2999
f 2887//2887 2998//2998 3000//3000
f 2891//2891 2888//2888 2999//2999
f 2892//2892 2890//2890 3000//3000
f 2893//2893 2891//2891 3001//3001
f 2892//2892 3002//3002 3004//3004
f 2893//2893 3003//3003 3005//3005
f 2894//2894 3004//3004 3006//3006
f 2898//2898 2895//2895 3005//3005
f 2899//2899 2896//2896 3006//3006
f 2898//2898 3007//3007 3009//3009
f 2899//2899 3008//3008 3010//3010
f 2900//2900 3009//3009 3011//3011
f 2905//2905 2901//2901 3010//3010
f 2903//2903 3011//3011 3013//3013
f 2908//2908 2905//2905 3012//3012
f 3015//3015 2906//2906 3013//3013
f 2908//2908 3014//3014 3017//3017
f 2912//2912 3015//3015 3016//3016
f 2915//2915 2910//2910 3017//3017
f 2914//2914 2912//2912 3018//3018
f 2915//2915 3019//3019 3021//3021
f 2914//2914 3020//3020 3022//3022
f 2918//2918 2919//2919 3021//3021
f 2917//2917 3022//3022 3024//3024
f 2918//2918 3023//3023 3025//3025
f 2920//2920 3024//3024 3026//3026
f 2922//2922 3025//3025 3027//3027
f 2927//2927 2924//2924 3026//3026
f 2926//2926 3027//3027 3029//3029
f 2927//2927 3028//3028 3030//3030
f 2929//2929 3030//3030 3031//3031
f 2932//2932 2930//2930 3031//3031
f 2932//2932 3032//3032 3033//3033
f 2935//2935 2933//2933 3033//3033
f 2937//2937 2935//2935 3034//3034
f 2938//2938 2936//2936 3035//3035
f 2937//2937 3036//3036 3038//3038
f 2938//2938 3037//3037 3039//3039
f 3040//3040 2939//2939 3038//3038
f 2943//2943 2941//2941 3039//3039
f 2944//2944 3040//3040 3041//3041
f 2943//2943 3042//3042 3044//3044
f 2946//2946 2944//2944 3043//3043
f 2948//2948 2945//2945 3044//3044
f 2946//2946 3045//3045 3047//3047
f 2948//2948 3046//3046 3048//3048
f 2950//2950 3047//3047 3049//3049
f 2955//2955 2951//2951 3048//3048
f 2953//2953 3049//3049 3051//3051
f 2955//2955 3050//3050 3052//3052
f 3053//3053 2956//2956 3051//3051
f 2958//2958 3052//3052 3055//3055
f 2961//2961 3053//3053 3054//3054
f 2962//2962 2960//2960 3055//3055
f 2963//2963 2961//2961 3056//3056
f 2962//2962 3057//3057 3059//3059
f 2963//2963 3058//3058 3060//3060
f 2835//2835 2964//2964 3059//3059
f 2837//2837 2836//2836 3060//3060
f 2838//2838 2835//2835 3061//3061
f 2837//2837 3062//3062 3064//3064
f 2838//2838 3063//3063 3065//3065
f 2839//2839 3064//3064 3066//3066
f 2840//2840 3065//3065 3067//3067
f 2844//2844 2841//2841 3066//3066
f 2843//2843 3067//3067 2967//2967
f 2976//2976 2974//2974 3069//3069
f 2975//2975 3167//3167 3071//3071
f 2976//2976 3070//3070 3072//3072
f 2979//2979 2977//2977 3071//3071
f 2978//2978 3072//3072 3074//3074
f 2979//2979 3073//3073 3075//3075
f 2982//2982 2980//2980 3074//3074
f 2983//2983 2981//2981 3075//3075
f 2982//2982 3076//3076 3078//3078
f 2985//2985 2983//2983 3077//3077
f 2986//2986 2984//2984 3078//3078
f 2985//2985 3079//3079 3081//3081
f 2986//2986 3080//3080 3082//3082
f 2989//2989 2987//2987 3081//3081
f 2991//2991 2988//2988 3082//3082
f 2989//2989 3083//3083 3085//3085
f 2993//2993 2991//2991 3084//3084
f 2992//2992 3085//3085 3087//3087
f 2993//2993 3086//3086 3088//3088
f 2994//2994 3087//3087 3089//3089
f 2997//2997 2995//2995 3088//3088
f 2998//2998 2996//2996 3089//3089
f 2997//2997 3090//3090 3092//3092
f 2998//2998 3091//3091 3093//3093
f 3001//3001 2999//2999 3092//3092
f 3002//3002 3000//3000 3093//3093
f 3003//3003 3001//3001 3094//3094
f 3004//3004 3002//3002 3095//3095
f 3003//3003 3096//3096 3098//3098
f 3004//3004 3097//3097 3099//3099
f 3007//3007 3005//3005 3098//3098
f 3008//3008 3006//3006 3099//3099
f 3007//3007 3100//3100 3102//3102
f 3008//3008 3101//3101 3103//3103
f 3009//3009 3102//3102 3104//3104
f 3012//3012 3010//3010 3103//3103
f 3011//3011 3104//3104 3106//3106
f 3014//3014 3012//3012 3105//3105
f 3016//3016 3013//3013 3106//3106
f 3014//3014 3107//3107 3109//3109
f 3018//3018 3016//3016 3108//3108
f 3019//3019 3017//3017 3109//3109
f 3020//3020 3018//3018 3110//3110
f 3019//3019 3111//3111 3113//3113
f 3020//3020 3112//3112 3114//3114
f 3021//3021 3113//3113 3115//3115
f 3022//3022 3114//3114 3116//3116
f 3023//3023 3115//3115 3117//3117
f 3024//3024 3116//3116 3118//3118
f 3027//3027 3025//3025 3117//3117
f 3028//3028 3026//3026 3118//3118
f 3029//3029 3027//3027 3119//3119
f 3028//3028 3120//3120 3122//3122
f 3030//3030 3122//3122 3123//3123
f 3032//3032 3031//3031 3123//3123
f 3032//3032 3124//3124 3125//3125
f 3034//3034 3033//3033 3125//3125
f 3036//3036 3034//3034 3126//3126
f 3035//3035 3127//3127 3129//3129
f 3036//3036 3128//3128 3130//3130
f 3037//3037 3129//3129 3131//3131
f 3041//3041 3038//3038 3130//3130
f 3039//3039 3131//3131 3133//3133
f 3043//3043 3041//3041 3132//3132
f 3042//3042 3133//3133 3135//3135
f 3045//3045 3043//3043 3134//3134
f 3046//3046 3044//3044 3135//3135
f 3045//3045 3136//3136 3138//3138
f 3046//3046 3137//3137 3139//3139
f 3047//3047 3138//3138 3140//3140
f 3050//3050 3048//3048 3139//3139
f 3049//3049 3140//3140 3142//3142
f 3050//3050 3141//3141 3143//3143
f 3054//3054 3051//3051 3142//3142
f 3052//3052 3143//3143 3145//3145
f 3056//3056 3054//3054 3144//3144
f 3057//3057 3055//3055 3145//3145
f 3058//3058 3056//3056 3146//3146
f 3057//3057 3147//3147 3149//3149
f 3058//3058 3148//3148 3150//3150
f 3061//3061 3059//3059 3149//3149
f 3062//3062 3060//3060 3150//3150
f 3061//3061 3151//3151 3153//3153
f 3062//3062 3152//3152 3154//3154
f 3063//3063 3153//3153 3155//3155
f 3064//3064 3154//3154 3156//3156
f 3065//3065 3155//3155 3157//3157
f 3068//3068 3066//3066 3156//3156
f 3067//3067 3157//3157 3159//3159
f 3068//3068 3158//3158 3160//3160
f 2968//2968 2967//2967 3159//3159
f 2969//2969 2965//2965 3160//3160
f 2970//2970 2968//2968 3161//3161
f 2969//2969 3162//3162 3164//3164
f 2972//2972 2970//2970 3163//3163
f 2971//2971 3164//3164 3166//3166
f 2972//2972 3165//3165 3069//3069
f 2975//2975 2973//2973 3166//3166
f 3079//3079 3077//3077 3168//3168
f 3080//3080 3078//3078 3170//3170
f 3079//3079 3169//3169 3172//3172
f 3080//3080 3171//3171 3173//3173
f 3083//3083 3081//3081 3172//3172
f 3084//3084 3082//3082 3173//3173
f 3083//3083 3174//3174 3176//3176
f 3086//3086 3084//3084 3175//3175
f 3085//3085 3176//3176 3178//3178
f 3086//3086 3177//3177 3179//3179
f 3087//3087 3178//3178 3180//3180
f 3090//3090 3088//3088 3179//3179
f 3091//3091 3089//3089 3180//3180
f 3090//3090 3181//3181 3183//3183
f 3091//3091 3182//3182 3184//3184
f 3094//3094 3092//3092 3183//3183
f 3095//3095 3093//3093 3184//3184
f 3096//3096 3094//3094 3185//3185
f 3095//3095 3186//3186 3188//3188
f 3096//3096 3187//3187 3189//3189
f 3097//3097 3188//3188 3190//3190
f 3100//3100 3098//3098 3189//3189
f 3101//3101 3099//3099 3190//3190
f 3100//3100 3191//3191 3193//3193
f 3101//3101 3192//3192 3194//3194
f 3102//3102 3193//3193 3195//3195
f 3105//3105 3103//3103 3194//3194
f 3104//3104 3195//3195 3197//3197
f 3107//3107 3105//3105 3196//3196
f 3108//3108 3106//3106 3197//3197
f 3107//3107 3198//3198 3200//3200
f 3110//3110 3108//3108 3199//3199
f 3109//3109 3200//3200 3202//3202
f 3112//3112 3110//3110 3201//3201
f 3111//3111 3202//3202 3204//3204
f 3112//3112 3203//3203 3205//3205
f 3115//3115 3113//3113 3204//3204
f 3114//3114 3205//3205 3207//3207
f 3115//3115 3206//3206 3208//3208
f 3116//3116 3207//3207 3209//3209
f 3119//3119 3117//3117 3208//3208
f 3120//3120 3118//3118 3209//3209
f 3119//3119 3210//3210 3212//3212
f 3120//3120 3211//3211 3213//3213
f 3122//3122 3213//3213 3214//3214
f 3124//3124 3123//3123 3214//3214
f 3124//3124 3215//3215 3216//3216
f 3126//3126 3125//3125 3216//3216
f 3128//3128 3126//3126 3217//3217
f 3127//3127 3218//3218 3220//3220
f 3128//3128 3219//3219 3221//3221
f 3129//3129 3220//3220 3222//3222
f 3132//3132 3130//3130 3221//3221
f 3133//3133 3131//3131 3222//3222
f 3134//3134 3132//3132 3223//3223
f 3133//3133 3224//3224 3226//3226
f 3136//3136 3134//3134 3225//3225
f 3137//3137 3135//3135 3226//3226
f 3136//3136 3227//3227 3229//3229
f 3139//3139 3137//3137 3228//3228
f 3138//3138 3229//3229 3231//3231
f 3141//3141 3139//3139 3230//3230
f 3140//3140 3231//3231 3233//3233
f 3141//3141 3232//3232 3234//3234
f 3144//3144 3142//3142 3233//3233
f 3143//3143 3234//3234 3236//3236
f 3146//3146 3144//3144 3235//3235
f 3147//3147 3145//3145 3236//3236
f 3148//3148 3146//3146 3237//3237
f 3147//3147 3238//3238 3240//3240
f 3148//3148 3239//3239 3241//3241
f 3151//3151 3149//3149 3240//3240
f 3152//3152 3150//3150 3241//3241
f 3151//3151 3242//3242 3244//3244
f 3152//3152 3243//3243 3245//3245
f 3153//3153 3244//3244 3246//3246
f 3154//3154 3245//3245 3247//3247
f 3157//3157 3155//3155 3246//3246
f 3158//3158 3156//3156 3247//3247
f 3157//3157 3248//3248 3250//3250
f 3158//3158 3249//3249 3251//3251
f 3161//3161 3159//3159 3250//3250
f 3162//3162 3160//3160 3251//3251
f 3163//3163 3161//3161 3252//3252
f 3162//3162 3253//3253 3255//3255
f 3165//3165 3163//3163 3254//3254
f 3164//3164 3255//3255 3257//3257
f 3165//3165 3256//3256 3258//3258
f 3167//3167 3166//3166 3257//3257
f 3070//3070 3069//3069 3258//3258
f 3167//3167 3259//3259 3261//3261
f 3070//3070 3260//3260 3262//3262
f 3073//3073 3071//3071 3261//3261
f 3072//3072 3262//3262 3264//3264
f 3073//3073 3263//3263 3265//3265
f 3076//3076 3074//3074 3264//3264
f 3077//3077 3075//3075 3265//3265
f 3076//3076 3266//3266 3170//3170
f 3178//3178 3365//3365 3267//3267
f 3181//3181 3179//3179 3268//3268
f 3182//3182 3180//3180 3267//3267
f 3181//3181 3269//3269 3271//3271
f 3184//3184 3182//3182 3270//3270
f 3185//3185 3183//3183 3271//3271
f 3186//3186 3184//3184 3272//3272
f 3187//3187 3185//3185 3273//3273
f 3188//3188 3186//3186 3274//3274
f 3189//3189 3187//3187 3275//3275
f 3188//3188 3276//3276 3278//3278
f 3191//3191 3189//3189 3277//3277
f 3192//3192 3190//3190 3278//3278
f 3191//3191 3279//3279 3281//3281
f 3192//3192 3280//3280 3282//3282
f 3193//3193 3281//3281 3283//3283
f 3196//3196 3194//3194 3282//3282
f 3195//3195 3283//3283 3285//3285
f 3198//3198 3196//3196 3284//3284
f 3199//3199 3197//3197 3285//3285
f 3198//3198 3286//3286 3288//3288
f 3201//3201 3199//3199 3287//3287
f 3202//3202 3200//3200 3288//3288
f 3203//3203 3201//3201 3289//3289
f 3202//3202 3290//3290 3292//3292
f 3203//3203 3291//3291 3293//3293
f 3206//3206 3204//3204 3292//3292
f 3205//3205 3293//3293 3295//3295
f 3206//3206 3294//3294 3296//3296
f 3207//3207 3295//3295 3297//3297
f 3210//3210 3208//3208 3296//3296
f 3211//3211 3209//3209 3297//3297
f 3210//3210 3298//3298 3300//3300
f 3211//3211 3299//3299 3301//3301
f 3213//3213 3301//3301 3302//3302
f 3215//3215 3214//3214 3302//3302
f 3215//3215 3303//3303 3304//3304
f 3217//3217 3216//3216 3304//3304
f 3219//3219 3217//3217 3305//3305
f 3218//3218 3306//3306 3308//3308
f 3219//3219 3307//3307 3309//3309
f 3220//3220 3308//3308 3310//3310
f 3223//3223 3221//3221 3309//3309
f 3224//3224 3222//3222 3310//3310
f 3225//3225 3223//3223 3311//3311
f 3224//3224 3312//3312 3314//3314
f 3227//3227 3225//3225 3313//3313
f 3228//3228 3226//3226 3314//3314
f 3227//3227 3315//3315 3317//3317
f 3228//3228 3316//3316 3318//3318
f 3229//3229 3317//3317 3319//3319
f 3232//3232 3230//3230 3318//3318
f 3231//3231 3319//3319 3321//3321
f 3232//3232 3320//3320 3322//3322
f 3235//3235 3233//3233 3321//3321
f 3234//3234 3322//3322 3324//3324
f 3237//3237 3235//3235 3323//3323
f 3238//3238 3236//3236 3324//3324
f 3239//3239 3237//3237 3325//3325
f 3238//3238 3326//3326 3328//3328
f 3239//3239 3327//3327 3329//3329
f 3242//3242 3240//3240 3328//3328
f 3241//3241 3329//3329 3331//3331
f 3242//3242 3330//3330 3332//3332
f 3243//3243 3331//3331 3333//3333
f 3244//3244 3332//3332 3334//3334
f 3245//3245 3333//3333 3335//3335
f 3246//3246 3334//3334 3336//3336
f 3249//3249 3247//3247 3335//3335
f 3248//3248 3336//3336 3338//3338
f 3249//3249 3337//3337 3339//3339
f 3252//3252 3250//3250 3338//3338
f 3253//3253 3251//3251 3339//3339
f 3254//3254 3252//3252 3340//3340
f 3253//3253 3341//3341 3343//3343
f 3256//3256 3254//3254 3342//3342
f 3255//3255 3343//3343 3345//3345
f 3256//3256 3344//3344 3346//3346
f 3259//3259 3257//3257 3345//3345
f 3260//3260 3258//3258 3346//3346
f 3259//3259 3347//3347 3349//3349
f 3260//3260 3348//3348 3350//3350
f 3263//3263 3261//3261 3349//3349
f 3262//3262 3350//3350 3352//3352
f 3263//3263 3351//3351 3353//3353
f 3266//3266 3264//3264 3352//3352
f 3168//3168 3265//3265 3353//3353
f 3266//3266 3354//3354 3356//3356
f 3169//3169 3168//3168 3355//3355
f 3171//3171 3170//3170 3356//3356
f 3169//3169 3357//3357 3359//3359
f 3171//3171 3358//3358 3360//3360
f 3174//3174 3172//3172 3359//3359
f 3175//3175 3173//3173 3360//3360
f 3174//3174 3361//3361 3363//3363
f 3177//3177 3175//3175 3362//3362
f 3176//3176 3363//3363 3365//3365
f 3177//3177 3364//3364 3268//3268
f 3277//3277 3275//3275 3366//3366
f 3276//3276 3464//3464 3368//3368
f 3279//3279 3277//3277 3367//3367
f 3280//3280 3278//3278 3368//3368
f 3279//3279 3369//3369 3371//3371
f 3280//3280 3370//3370 3372//3372
f 3281//3281 3371//3371 3373//3373
f 3284//3284 3282//3282 3372//3372
f 3283//3283 3373//3373 3375//3375
f 3284//3284 3374//3374 3376//3376
f 3287//3287 3285//3285 3375//3375
f 3286//3286 3376//3376 3378//3378
f 3289//3289 3287//3287 3377//3377
f 3288//3288 3378//3378 3380//3380
f 3291//3291 3289//3289 3379//3379
f 3290//3290 3380//3380 3382//3382
f 3291//3291 3381//3381 3383//3383
f 3294//3294 3292//3292 3382//3382
f 3293//3293 3383//3383 3385//3385
f 3294//3294 3384//3384 3386//3386
f 3295//3295 3385//3385 3387//3387
f 3298//3298 3296//3296 3386//3386
f 3299//3299 3297//3297 3387//3387
f 3298//3298 3388//3388 3390//3390
f 3299//3299 3389//3389 3391//3391
f 3301//3301 3391//3391 3392//3392
f 3303//3303 3302//3302 3392//3392
f 3303//3303 3393//3393 3394//3394
f 3305//3305 3304//3304 3394//3394
f 3307//3307 3305//3305 3395//3395
f 3308//3308 3306//3306 3396//3396
f 3307//3307 3397//3397 3399//3399
f 3308//3308 3398//3398 3400//3400
f 3311//3311 3309//3309 3399//3399
f 3310//3310 3400//3400 3402//3402
f 3313//3313 3311//3311 3401//3401
f 3312//3312 3402//3402 3404//3404
f 3315//3315 3313//3313 3403//3403
f 3316//3316 3314//3314 3404//3404
f 3315//3315 3405//3405 3407//3407
f 3318//3318 3316//3316 3406//3406
f 3317//3317 3407//3407 3409//3409
f 3320//3320 3318//3318 3408//3408
f 3319//3319 3409//3409 3411//3411
f 3320//3320 3410//3410 3412//3412
f 3323//3323 3321//3321 3411//3411
f 3322//3322 3412//3412 3414//3414
f 3325//3325 3323//3323 3413//3413
f 3326//3326 3324//3324 3414//3414
f 3327//3327 3325//3325 3415//3415
f 3326//3326 3416//3416 3418//3418
f 3327//3327 3417//3417 3419//3419
f 3330//3330 3328//3328 3418//3418
f 3331//3331 3329//3329 3419//3419
f 3330//3330 3420//3420 3422//3422
f 3331//3331 3421//3421 3423//3423
f 3332//3332 3422//3422 3424//3424
f 3333//3333 3423//3423 3425//3425
f 3336//3336 3334//3334 3424//3424
f 3337//3337 3335//3335 3425//3425
f 3336//3336 3426//3426 3428//3428
f 3337//3337 3427//3427 3429//3429
f 3340//3340 3338//3338 3428//3428
f 3341//3341 3339//3339 3429//3429
f 3342//3342 3340//3340 3430//3430
f 3341//3341 3431//3431 3433//3433
f 3344//3344 3342//3342 3432//3432
f 3343//3343 3433//3433 3435//3435
f 3344//3344 3434//3434 3436//3436
f 3347//3347 3345//3345 3435//3435
f 3348//3348 3346//3346 3436//3436
f 3347//3347 3437//3437 3439//3439
f 3348//3348 3438//3438 3440//3440
f 3351//3351 3349//3349 3439//3439
f 3350//3350 3440//3440 3442//3442
f 3351//3351 3441//3441 3443//3443
f 3354//3354 3352//3352 3442//3442
f 3355//3355 3353//3353 3443//3443
f 3354//3354 3444//3444 3446//3446
f 3357//3357 3355//3355 3445//3445
f 3358//3358 3356//3356 3446//3446
f 3357//3357 3447//3447 3449//3449
f 3358//3358 3448//3448 3450//3450
f 3361//3361 3359//3359 3449//3449
f 3362//3362 3360//3360 3450//3450
f 3361//3361 3451//3451 3453//3453
f 3364//3364 3362//3362 3452//3452
f 3363//3363 3453//3453 3455//3455
f 3364//3364 3454//3454 3456//3456
f 3365//3365 3455//3455 3457//3457
f 3269//3269 3268//3268 3456//3456
f 3270//3270 3267//3267 3457//3457
f 3269//3269 3458//3458 3460//3460
f 3270//3270 3459//3459 3461//3461
f 3273//3273 3271//3271 3460//3460
f 3274//3274 3272//3272 3461//3461
f 3275//3275 3273//3273 3462//3462
f 3276//3276 3274//3274 3463//3463
f 3376//3376 3374//3374 3465//3465
f 3377//3377 3375//3375 3467//3467
f 3376//3376 3466//3466 3469//3469
f 3379//3379 3377//3377 3468//3468
f 3378//3378 3469//3469 3471//3471
f 3381//3381 3379//3379 3470//3470
f 3382//3382 3380//3380 3471//3471
f 3381//3381 3472//3472 3474//3474
f 3382//3382 3473//3473 3475//3475
f 3383//3383 3474//3474 3476//3476
f 3384//3384 3475//3475 3477//3477
f 3385//3385 3476//3476 3478//3478
f 3386//3386 3477//3477 3479//3479
f 3389//3389 3387//3387 3478//3478
f 3390//3390 3388//3388 3479//3479
f 3389//3389 3480//3480 3482//3482
f 3391//3391 3482//3482 3483//3483
f 3393//3393 3392//3392 3483//3483
f 3393//3393 3484//3484 3485//3485
f 3395//3395 3394//3394 3485//3485
f 3397//3397 3395//3395 3486//3486
f 3396//3396 3487//3487 3489//3489
f 3397//3397 3488//3488 3490//3490
f 3398//3398 3489//3489 3491//3491
f 3401//3401 3399//3399 3490//3490
f 3402//3402 3400//3400 3491//3491
f 3403//3403 3401//3401 3492//3492
f 3402//3402 3493//3493 3495//3495
f 3405//3405 3403//3403 3494//3494
f 3406//3406 3404//3404 3495//3495
f 3405//3405 3496//3496 3498//3498
f 3406//3406 3497//3497 3499//3499
f 3407//3407 3498//3498 3500//3500
f 3410//3410 3408//3408 3499//3499
f 3409//3409 3500//3500 3502//3502
f 3410//3410 3501//3501 3503//3503
f 3411//3411 3502//3502 3504//3504
f 3412//3412 3503//3503 3505//3505
f 3415//3415 3413//3413 3504//3504
f 3416//3416 3414//3414 3505//3505
f 3417//3417 3415//3415 3506//3506
f 3416//3416 3507//3507 3509//3509
f 3417//3417 3508//3508 3510//3510
f 3420//3420 3418//3418 3509//3509
f 3419//3419 3510//3510 3512//3512
f 3420//3420 3511//3511 3513//3513
f 3421//3421 3512//3512 3514//3514
f 3422//3422 3513//3513 3515//3515
f 3423//3423 3514//3514 3516//3516
f 3426//3426 3424//3424 3515//3515
f 3427//3427 3425//3425 3516//3516
f 3426//3426 3517//3517 3519//3519
f 3427//3427 3518//3518 3520//3520
f 3430//3430 3428//3428 3519//3519
f 3431//3431 3429//3429 3520//3520
f 3432//3432 3430//3430 3521//3521
f 3431//3431 3522//3522 3524//3524
f 3434//3434 3432//3432 3523//3523
f 3433//3433 3524//3524 3526//3526
f 3434//3434 3525//3525 3527//3527
f 3437//3437 3435//3435 3526//3526
f 3438//3438 3436//3436 3527//3527
f 3437//3437 3528//3528 3530//3530
f 3438//3438 3529//3529 3531//3531
f 3441//3441 3439//3439 3530//3530
f 3440//3440 3531//3531 3533//3533
f 3441//3441 3532//3532 3534//3534
f 3444//3444 3442//3442 3533//3533
f 3445//3445 3443//3443 3534//3534
f 3444//3444 3535//3535 3537//3537
f 3447//3447 3445//3445 3536//3536
f 3448//3448 3446//3446 3537//3537
f 3447//3447 3538//3538 3540//3540
f 3448//3448 3539//3539 3541//3541
f 3451//3451 3449//3449 3540//3540
f 3452//3452 3450//3450 3541//3541
f 3451//3451 3542//3542 3544//3544
f 3454//3454 3452//3452 3543//3543
f 3453//3453 3544//3544 3546//3546
f 3454//3454 3545//3545 3547//3547
f 3455//3455 3546//3546 3548//3548
f 3458//3458 3456//3456 3547//3547
f 3459//3459 3457//3457 3548//3548
f 3458//3458 3549//3549 3551//3551
f 3459//3459 3550//3550 3552//3552
f 3462//3462 3460//3460 3551//3551
f 3463//3463 3461//3461 3552//3552
f 3366//3366 3462//3462 3553//3553
f 3464//3464 3463//3463 3554//3554
f 3366//3366 3555//3555 3557//3557
f 3464//3464 3556//3556 3558//3558
f 3369//3369 3367//3367 3557//3557
f 3370//3370 3368//3368 3558//3558
f 3369//3369 3559//3559 3561//3561
f 3370//3370 3560//3560 3562//3562
f 3371//3371 3561//3561 3563//3563
f 3374//3374 3372//3372 3562//3562
f 3375//3375 3373//3373 3563//3563
f 3546//3546 3662//3662 3564//3564
f 3549//3549 3547//3547 3565//3565
f 3550//3550 3548//3548 3564//3564
f 3549//3549 3566//3566 3568//3568
f 3552//3552 3550//3550 3567//3567
f 3553//3553 3551//3551 3568//3568
f 3554//3554 3552//3552 3569//3569
f 3555//3555 3553//3553 3570//3570
f 3554//3554 3571//3571 3573//3573
f 3557//3557 3555//3555 3572//3572
f 3556//3556 3573//3573 3575//3575
f 3559//3559 3557//3557 3574//3574
f 3560//3560 3558//3558 3575//3575
f 3559//3559 3576//3576 3578//3578
f 3560//3560 3577//3577 3579//3579
f 3561//3561 3578//3578 3580//3580
f 3465//3465 3562//3562 3579//3579
f 3467//3467 3563//3563 3580//3580
f 3466//3466 3465//3465 3581//3581
f 3468//3468 3467//3467 3582//3582
f 3466//3466 3583//3583 3585//3585
f 3470//3470 3468//3468 3584//3584
f 3469//3469 3585//3585 3587//3587
f 3472//3472 3470//3470 3586//3586
f 3471//3471 3587//3587 3589//3589
f 3472//3472 3588//3588 3590//3590
f 3475//3475 3473//3473 3589//3589
f 3474//3474 3590//3590 3592//3592
f 3475//3475 3591//3591 3593//3593
f 3476//3476 3592//3592 3594//3594
f 3479//3479 3477//3477 3593//3593
f 3480//3480 3478//3478 3594//3594
f 3479//3479 3595//3595 3597//3597
f 3480//3480 3596//3596 3598//3598
f 3482//3482 3598//3598 3599//3599
f 3484//3484 3483//3483 3599//3599
f 3484//3484 3600//3600 3601//3601
f 3486//3486 3485//3485 3601//3601
f 3488//3488 3486//3486 3602//3602
f 3489//3489 3487//3487 3603//3603
f 3488//3488 3604//3604 3606//3606
f 3489//3489 3605//3605 3607//3607
f 3492//3492 3490//3490 3606//3606
f 3491//3491 3607//3607 3609//3609
f 3494//3494 3492//3492 3608//3608
f 3493//3493 3609//3609 3611//3611
f 3496//3496 3494//3494 3610//3610
f 3497//3497 3495//3495 3611//3611
f 3496//3496 3612//3612 3614//3614
f 3499//3499 3497//3497 3613//3613
f 3498//3498 3614//3614 3616//3616
f 3501//3501 3499//3499 3615//3615
f 3500//3500 3616//3616 3618//3618
f 3501//3501 3617//3617 3619//3619
f 3502//3502 3618//3618 3620//3620
f 3503//3503 3619//3619 3621//3621
f 3506//3506 3504//3504 3620//3620
f 3507//3507 3505//3505 3621//3621
f 3508//3508 3506//3506 3622//3622
f 3507//3507 3623//3623 3625//3625
f 3508//3508 3624//3624 3626//3626
f 3511//3511 3509//3509 3625//3625
f 3512//3512 3510//3510 3626//3626
f 3513//3513 3511//3511 3627//3627
f 3512//3512 3628//3628 3630//3630
f 3513//3513 3629//3629 3631//3631
f 3514//3514 3630//3630 3632//3632
f 3515//3515 3631//3631 3633//3633
f 3518//3518 3516//3516 3632//3632
f 3517//3517 3633//3633 3635//3635
f 3518//3518 3634//3634 3636//3636
f 3521//3521 3519//3519 3635//3635
f 3522//3522 3520//3520 3636//3636
f 3523//3523 3521//3521 3637//3637
f 3522//3522 3638//3638 3640//3640
f 3525//3525 3523//3523 3639//3639
f 3524//3524 3640//3640 3642//3642
f 3525//3525 3641//3641 3643//3643
f 3528//3528 3526//3526 3642//3642
f 3529//3529 3527//3527 3643//3643
f 3528//3528 3644//3644 3646//3646
f 3529//3529 3645//3645 3647//3647
f 3532//3532 3530//3530 3646//3646
f 3531//3531 3647//3647 3649//3649
f 3532//3532 3648//3648 3650//3650
f 3535//3535 3533//3533 3649//3649
f 3536//3536 3534//3534 3650//3650
f 3535//3535 3651//3651 3653//3653
f 3538//3538 3536//3536 3652//3652
f 3539//3539 3537//3537 3653//3653
f 3538//3538 3654//3654 3656//3656
f 3539//3539 3655//3655 3657//3657
f 3542//3542 3540//3540 3656//3656
f 3543//3543 3541//3541 3657//3657
f 3542//3542 3658//3658 3660//3660
f 3545//3545 3543//3543 3659//3659
f 3544//3544 3660//3660 3662//3662
f 3545//3545 3661//3661 3565//3565
f 3574//3574 3572//3572 3663//3663
f 3573//3573 3761//3761 3665//3665
f 3576//3576 3574//3574 3664//3664
f 3577//3577 3575//3575 3665//3665
f 3576//3576 3666//3666 3668//3668
f 3577//3577 3667//3667 3669//3669
f 3578//3578 3668//3668 3670//3670
f 3581//3581 3579//3579 3669//3669
f 3582//3582 3580//3580 3670//3670
f 3583//3583 3581//3581 3671//3671
f 3584//3584 3582//3582 3672//3672
f 3583//3583 3673//3673 3675//3675
f 3586//3586 3584//3584 3674//3674
f 3587//3587 3585//3585 3675//3675
f 3588//3588 3586//3586 3676//3676
f 3587//3587 3677//3677 3679//3679
f 3588//3588 3678//3678 3680//3680
f 3591//3591 3589//3589 3679//3679
f 3590//3590 3680//3680 3682//3682
f 3591//3591 3681//3681 3683//3683
f 3592//3592 3682//3682 3684//3684
f 3593//3593 3683//3683 3685//3685
f 3596//3596 3594//3594 3684//3684
f 3595//3595 3685//3685 3687//3687
f 3596//3596 3686//3686 3688//3688
f 3598//3598 3688//3688 3689//3689
f 3600//3600 3599//3599 3689//3689
f 3600//3600 3690//3690 3691//3691
f 3602//3602 3601//3601 3691//3691
f 3604//3604 3602//3602 3692//3692
f 3605//3605 3603//3603 3693//3693
f 3604//3604 3694//3694 3696//3696
f 3605//3605 3695//3695 3697//3697
f 3608//3608 3606//3606 3696//3696
f 3609//3609 3607//3607 3697//3697
f 3610//3610 3608//3608 3698//3698
f 3609//3609 3699//3699 3701//3701
f 3612//3612 3610//3610 3700//3700
f 3613//3613 3611//3611 3701//3701
f 3612//3612 3702//3702 3704//3704
f 3613//3613 3703//3703 3705//3705
f 3614//3614 3704//3704 3706//3706
f 3617//3617 3615//3615 3705//3705
f 3616//3616 3706//3706 3708//3708
f 3617//3617 3707//3707 3709//3709
f 3618//3618 3708//3708 3710//3710
f 3619//3619 3709//3709 3711//3711
f 3622//3622 3620//3620 3710//3710
f 3623//3623 3621//3621 3711//3711
f 3624//3624 3622//3622 3712//3712
f 3623//3623 3713//3713 3715//3715
f 3624//3624 3714//3714 3716//3716
f 3627//3627 3625//3625 3715//3715
f 3626//3626 3716//3716 3718//3718
f 3629//3629 3627//3627 3717//3717
f 3628//3628 3718//3718 3720//3720
f 3629//3629 3719//3719 3721//3721
f 3630//3630 3720//3720 3722//3722
f 3631//3631 3721//3721 3723//3723
f 3634//3634 3632//3632 3722//3722
f 3633//3633 3723//3723 3725//3725
f 3634//3634 3724//3724 3726//3726
f 3637//3637 3635//3635 3725//3725
f 3638//3638 3636//3636 3726//3726
f 3639//3639 3637//3637 3727//3727
f 3638//3638 3728//3728 3730//3730
f 3641//3641 3639//3639 3729//3729
f 3640//3640 3730//3730 3732//3732
f 3641//3641 3731//3731 3733//3733
f 3644//3644 3642//3642 3732//3732
f 3645//3645 3643//3643 3733//3733
f 3644//3644 3734//3734 3736//3736
f 3645//3645 3735//3735 3737//3737
f 3648//3648 3646//3646 3736//3736
f 3647//3647 3737//3737 3739//3739
f 3648//3648 3738//3738 3740//3740
f 3651//3651 3649//3649 3739//3739
f 3652//3652 3650//3650 3740//3740
f 3651//3651 3741//3741 3743//3743
f 3654//3654 3652//3652 3742//3742
f 3655//3655 3653//3653 3743//3743
f 3654//3654 3744//3744 3746//3746
f 3655//3655 3745//3745 3747//3747
f 3658//3658 3656//3656 3746//3746
f 3659//3659 3657//3657 3747//3747
f 3658//3658 3748//3748 3750//3750
f 3661//3661 3659//3659 3749//3749
f 3660//3660 3750//3750 3752//3752
f 3661//3661 3751//3751 3753//3753
f 3662//3662 3752//3752 3754//3754
f 3566//3566 3565//3565 3753//3753
f 3567//3567 3564//3564 3754//3754
f 3566//3566 3755//3755 3757//3757
f 3569//3569 3567//3567 3756//3756
f 3570//3570 3568//3568 3757//3757
f 3571//3571 3569//3569 3758//3758
f 3572//3572 3570//3570 3759//3759
f 3571//3571 3760//3760 3761//3761
f 3673//3673 3671//3671 3762//3762
f 3674//3674 3672//3672 3764//3764
f 3673//3673 3763//3763 3766//3766
f 3676//3676 3674//3674 3765//3765
f 3675//3675 3766//3766 3768//3768
f 3678//3678 3676//3676 3767//3767
f 3677//3677 3768//3768 3770//3770
f 3678//3678 3769//3769 3771//3771
f 3681//3681 3679//3679 3770//3770
f 3680//3680 3771//3771 3773//3773
f 3681//3681 3772//3772 3774//3774
f 3682//3682 3773//3773 3775//3775
f 3685//3685 3683//3683 3774//3774
f 3686//3686 3684//3684 3775//3775
f 3687//3687 3685//3685 3776//3776
f 3686//3686 3777//3777 3779//3779
f 3688//3688 3779//3779 3780//3780
f 3690//3690 3689//3689 3780//3780
f 3690//3690 3781//3781 3782//3782
f 3692//3692 3691//3691 3782//3782
f 3694//3694 3692//3692 3783//3783
f 3693//3693 3784//3784 3786//3786
f 3694//3694 3785//3785 3787//3787
f 3695//3695 3786//3786 3788//3788
f 3698//3698 3696//3696 3787//3787
f 3699//3699 3697//3697 3788//3788
f 3700//3700 3698//3698 3789//3789
f 3699//3699 3790//3790 3792//3792
f 3702//3702 3700//3700 3791//3791
f 3703//3703 3701//3701 3792//3792
f 3702//3702 3793//3793 3795//3795
f 3705//3705 3703//3703 3794//3794
f 3704//3704 3795//3795 3797//3797
f 3707//3707 3705//3705 3796//3796
f 3706//3706 3797//3797 3799//3799
f 3707//3707 3798//3798 3800//3800
f 3710//3710 3708//3708 3799//3799
f 3709//3709 3800//3800 3802//3802
f 3712//3712 3710//3710 3801//3801
f 3713//3713 3711//3711 3802//3802
f 3714//3714 3712//3712 3803//3803
f 3713//3713 3804//3804 3806//3806
f 3714//3714 3805//3805 3807//3807
f 3717//3717 3715//3715 3806//3806
f 3718//3718 3716//3716 3807//3807
f 3719//3719 3717//3717 3808//3808
f 3718//3718 3809//3809 3811//3811
f 3719//3719 3810//3810 3812//3812
f 3720//3720 3811//3811 3813//3813
f 3721//3721 3812//3812 3814//3814
f 3724//3724 3722//3722 3813//3813
f 3723//3723 3814//3814 3816//3816
f 3724//3724 3815//3815 3817//3817
f 3727//3727 3725//3725 3816//3816
f 3728//3728 3726//3726 3817//3817
f 3729//3729 3727//3727 3818//3818
f 3728//3728 3819//3819 3821//3821
f 3731//3731 3729//3729 3820//3820
f 3730//3730 3821//3821 3823//3823
f 3731//3731 3822//3822 3824//3824
f 3734//3734 3732//3732 3823//3823
f 3735//3735 3733//3733 3824//3824
f 3734//3734 3825//3825 3827//3827
f 3735//3735 3826//3826 3828//3828
f 3738//3738 3736//3736 3827//3827
f 3737//3737 3828//3828 3830//3830
f 3738//3738 3829//3829 3831//3831
f 3741//3741 3739//3739 3830//3830
f 3742//3742 3740//3740 3831//3831
f 3741//3741 3832//3832 3834//3834
f 3744//3744 3742//3742 3833//3833
f 3745//3745 3743//3743 3834//3834
f 3744//3744 3835//3835 3837//3837
f 3745//3745 3836//3836 3838//3838
f 3748//3748 3746//3746 3837//3837
f 3749//3749 3747//3747 3838//3838
f 3748//3748 3839//3839 3841//3841
f 3751//3751 3749//3749 3840//3840
f 3750//3750 3841//3841 3843//3843
f 3751//3751 3842//3842 3844//3844
f 3752//3752 3843//3843 3845//3845
f 3755//3755 3753//3753 3844//3844
f 3756//3756 3754//3754 3845//3845
f 3755//3755 3846//3846 3848//3848
f 3758//3758 3756//3756 3847//3847
f 3759//3759 3757//3757 3848//3848
f 3760//3760 3758//3758 3849//3849
f 3663//3663 3759//3759 3850//3850
f 3761//3761 3760//3760 3851//3851
f 3663//3663 3852//3852 3854//3854
f 3761//3761 3853//3853 3855//3855
f 3666//3666 3664//3664 3854//3854
f 3667//3667 3665//3665 3855//3855
f 3666//3666 3856//3856 3858//3858
f 3667//3667 3857//3857 3859//3859
f 3668//3668 3858//3858 3860//3860
f 3671//3671 3669//3669 3859//3859
f 3670//3670 3860//3860 3764//3764
f 3771//3771 3958//3958 3861//3861
f 3772//3772 3959//3959 3862//3862
f 3773//3773 3861//3861 3863//3863
f 3776//3776 3774//3774 3862//3862
f 3777//3777 3775//3775 3863//3863
f 3776//3776 3864//3864 3866//3866
f 3777//3777 3865//3865 3867//3867
f 3779//3779 3867//3867 3868//3868
f 3781//3781 3780//3780 3868//3868
f 3781//3781 3869//3869 3870//3870
f 3783//3783 3782//3782 3870//3870
f 3785//3785 3783//3783 3871//3871
f 3786//3786 3784//3784 3872//3872
f 3785//3785 3873//3873 3875//3875
f 3786//3786 3874//3874 3876//3876
f 3789//3789 3787//3787 3875//3875
f 3790//3790 3788//3788 3876//3876
f 3791//3791 3789//3789 3877//3877
f 3790//3790 3878//3878 3880//3880
f 3793//3793 3791//3791 3879//3879
f 3794//3794 3792//3792 3880//3880
f 3793//3793 3881//3881 3883//3883
f 3796//3796 3794//3794 3882//3882
f 3797//3797 3795//3795 3883//3883
f 3798//3798 3796//3796 3884//3884
f 3797//3797 3885//3885 3887//3887
f 3798//3798 3886//3886 3888//3888
f 3801//3801 3799//3799 3887//3887
f 3800//3800 3888//3888 3890//3890
f 3803//3803 3801//3801 3889//3889
f 3804//3804 3802//3802 3890//3890
f 3805//3805 3803//3803 3891//3891
f 3804//3804 3892//3892 3894//3894
f 3805//3805 3893//3893 3895//3895
f 3808//3808 3806//3806 3894//3894
f 3809//3809 3807//3807 3895//3895
f 3808//3808 3896//3896 3898//3898
f 3809//3809 3897//3897 3899//3899
f 3810//3810 3898//3898 3900//3900
f 3811//3811 3899//3899 3901//3901
f 3812//3812 3900//3900 3902//3902
f 3815//3815 3813//3813 3901//3901
f 3814//3814 3902//3902 3904//3904
f 3815//3815 3903//3903 3905//3905
f 3818//3818 3816//3816 3904//3904
f 3819//3819 3817//3817 3905//3905
f 3818//3818 3906//3906 3908//3908
f 3819//3819 3907//3907 3909//3909
f 3822//3822 3820//3820 3908//3908
f 3821//3821 3909//3909 3911//3911
f 3822//3822 3910//3910 3912//3912
f 3825//3825 3823//3823 3911//3911
f 3826//3826 3824//3824 3912//3912
f 3825//3825 3913//3913 3915//3915
f 3826//3826 3914//3914 3916//3916
f 3829//3829 3827//3827 3915//3915
f 3828//3828 3916//3916 3918//3918
f 3829//3829 3917//3917 3919//3919
f 3832//3832 3830//3830 3918//3918
f 3833//3833 3831//3831 3919//3919
f 3832//3832 3920//3920 3922//3922
f 3835//3835 3833//3833 3921//3921
f 3836//3836 3834//3834 3922//3922
f 3835//3835 3923//3923 3925//3925
f 3836//3836 3924//3924 3926//3926
f 3839//3839 3837//3837 3925//3925
f 3840//3840 3838//3838 3926//3926
f 3839//3839 3927//3927 3929//3929
f 3842//3842 3840//3840 3928//3928
f 3843//3843 3841//3841 3929//3929
f 3842//3842 3930//3930 3932//3932
f 3843//3843 3931//3931 3933//3933
f 3846//3846 3844//3844 3932//3932
f 3847//3847 3845//3845 3933//3933
f 3846//3846 3934//3934 3936//3936
f 3849//3849 3847//3847 3935//3935
f 3850//3850 3848//3848 3936//3936
f 3851//3851 3849//3849 3937//3937
f 3852//3852 3850//3850 3938//3938
f 3851//3851 3939//3939 3941//3941
f 3852//3852 3940//3940 3942//3942
f 3853//3853 3941//3941 3943//3943
f 3856//3856 3854//3854 3942//3942
f 3857//3857 3855//3855 3943//3943
f 3856//3856 3944//3944 3946//3946
f 3857//3857 3945//3945 3947//3947
f 3858//3858 3946//3946 3948//3948
f 3762//3762 3859//3859 3947//3947
f 3860//3860 3948//3948 3950//3950
f 3763//3763 3762//3762 3949//3949
f 3765//3765 3764//3764 3950//3950
f 3763//3763 3951//3951 3953//3953
f 3765//3765 3952//3952 3954//3954
f 3766//3766 3953//3953 3955//3955
f 3769//3769 3767//3767 3954//3954
f 3768//3768 3955//3955 3957//3957
f 3769//3769 3956//3956 3958//3958
f 3772//3772 3770//3770 3957//3957
f 3869//3869 3868//3868 3960//3960
f 3870//3870 3869//3869 3961//3961
f 3871//3871 3870//3870 3962//3962
f 3873//3873 3871//3871 3963//3963
f 3874//3874 3872//3872 3964//3964
f 3873//3873 3965//3965 3967//3967
f 3874//3874 3966//3966 3968//3968
f 3877//3877 3875//3875 3967//3967
f 3878//3878 3876//3876 3968//3968
f 3879//3879 3877//3877 3969//3969
f 3878//3878 3970//3970 3972//3972
f 3881//3881 3879//3879 3971//3971
f 3882//3882 3880//3880 3972//3972
f 3881//3881 3973//3973 3975//3975
f 3882//3882 3974//3974 3976//3976
f 3885//3885 3883//3883 3975//3975
f 3886//3886 3884//3884 3976//3976
f 3885//3885 3977//3977 3979//3979
f 3886//3886 3978//3978 3980//3980
f 3889//3889 3887//3887 3979//3979
f 3888//3888 3980//3980 3982//3982
f 3891//3891 3889//3889 3981//3981
f 3892//3892 3890//3890 3982//3982
f 3893//3893 3891//3891 3983//3983
f 3892//3892 3984//3984 3986//3986
f 3893//3893 3985//3985 3987//3987
f 3896//3896 3894//3894 3986//3986
f 3897//3897 3895//3895 3987//3987
f 3898//3898 3896//3896 3988//3988
f 3897//3897 3989//3989 3991//3991
f 3898//3898 3990//3990 3992//3992
f 3899//3899 3991//3991 3993//3993
f 3902//3902 3900//3900 3992//3992
f 3903//3903 3901//3901 3993//3993
f 3902//3902 3994//3994 3996//3996
f 3903//3903 3995//3995 3997//3997
f 3906//3906 3904//3904 3996//3996
f 3907//3907 3905//3905 3997//3997
f 3908//3908 3906//3906 3998//3998
f 3907//3907 3999//3999 4001//4001
f 3910//3910 3908//3908 4000//4000
f 3909//3909 4001//4001 4003//4003
f 3910//3910 4002//4002 4004//4004
f 3913//3913 3911//3911 4003//4003
f 3914//3914 3912//3912 4004//4004
f 3913//3913 4005//4005 4007//4007
f 3914//3914 4006//4006 4008//4008
f 3917//3917 3915//3915 4007//4007
f 3916//3916 4008//4008 4010//4010
f 3917//3917 4009//4009 4011//4011
f 3920//3920 3918//3918 4010//4010
f 3921//3921 3919//3919 4011//4011
f 3920//3920 4012//4012 4014//4014
f 3923//3923 3921//3921 4013//4013
f 3924//3924 3922//3922 4014//4014
f 3923//3923 4015//4015 4017//4017
f 3924//3924 4016//4016 4018//4018
f 3927//3927 3925//3925 4017//4017
f 3928//3928 3926//3926 4018//4018
f 3927//3927 4019//4019 4021//4021
f 3930//3930 3928//3928 4020//4020
f 3929//3929 4021//4021 4023//4023
f 3930//3930 4022//4022 4024//4024
f 3931//3931 4023//4023 4025//4025
f 3934//3934 3932//3932 4024//4024
f 3935//3935 3933//3933 4025//4025
f 3934//3934 4026//4026 4028//4028
f 3935//3935 4027//4027 4029//4029
f 3938//3938 3936//3936 4028//4028
f 3939//3939 3937//3937 4029//4029
f 3940//3940 3938//3938 4030//4030
f 3939//3939 4031//4031 4033//4033
f 3940//3940 4032//4032 4034//4034
f 3941//3941 4033//4033 4035//4035
f 3944//3944 3942//3942 4034//4034
f 3945//3945 3943//3943 4035//4035
f 3944//3944 4036//4036 4038//4038
f 3945//3945 4037//4037 4039//4039
f 3946//3946 4038//4038 4040//4040
f 3949//3949 3947//3947 4039//4039
f 3948//3948 4040//4040 4042//4042
f 3951//3951 3949//3949 4041//4041
f 3952//3952 3950//3950 4042//4042
f 3951//3951 4043//4043 4045//4045
f 3954//3954 3952//3952 4044//4044
f 3953//3953 4045//4045 4047//4047
f 3956//3956 3954//3954 4046//4046
f 3955//3955 4047//4047 4049//4049
f 3956//3956 4048//4048 4050//4050
f 3959//3959 3957//3957 4049//4049
f 3958//3958 4050//4050 4052//4052
f 3959//3959 4051//4051 4053//4053
f 3861//3861 4052//4052 4054//4054
f 3862//3862 4053//4053 4055//4055
f 3865//3865 3863//3863 4054//4054
f 3864//3864 4055//4055 4057//4057
f 3865//3865 4056//4056 4058//4058
f 3867//3867 4058//4058 3960//3960
f 3966//3966 4157//4157 4059//4059
f 3969//3969 3967//3967 4060//4060
f 3968//3968 4059//4059 4062//4062
f 3971//3971 3969//3969 4061//4061
f 3970//3970 4062//4062 4064//4064
f 3971//3971 4063//4063 4065//4065
f 3974//3974 3972//3972 4064//4064
f 3973//3973 4065//4065 4067//4067
f 3974//3974 4066//4066 4068//4068
f 3975//3975 4067//4067 4069//4069
f 3978//3978 3976//3976 4068//4068
f 3977//3977 4069//4069 4071//4071
f 3978//3978 4070//4070 4072//4072
f 3981//3981 3979//3979 4071//4071
f 3980//3980 4072//4072 4074//4074
f 3983//3983 3981//3981 4073//4073
f 3984//3984 3982//3982 4074//4074
f 3985//3985 3983//3983 4075//4075
f 3984//3984 4076//4076 4078//4078
f 3985//3985 4077//4077 4079//4079
f 3988//3988 3986//3986 4078//4078
f 3989//3989 3987//3987 4079//4079
f 3990//3990 3988//3988 4080//4080
f 3989//3989 4081//4081 4083//4083
f 3990//3990 4082//4082 4084//4084
f 3991//3991 4083//4083 4085//4085
f 3994//3994 3992//3992 4084//4084
f 3995//3995 3993//3993 4085//4085
f 3994//3994 4086//4086 4088//4088
f 3995//3995 4087//4087 4089//4089
f 3998//3998 3996//3996 4088//4088
f 3999//3999 3997//3997 4089//4089
f 4000//4000 3998//3998 4090//4090
f 3999//3999 4091//4091 4093//4093
f 4002//4002 4000//4000 4092//4092
f 4001//4001 4093//4093 4095//4095
f 4002//4002 4094//4094 4096//4096
f 4005//4005 4003//4003 4095//4095
f 4006//4006 4004//4004 4096//4096
f 4005//4005 4097//4097 4099//4099
f 4006//4006 4098//4098 4100//4100
f 4009//4009 4007//4007 4099//4099
f 4008//4008 4100//4100 4102//4102
f 4009//4009 4101//4101 4103//4103
f 4012//4012 4010//4010 4102//4102
f 4013//4013 4011//4011 4103//4103
f 4012//4012 4104//4104 4106//4106
f 4015//4015 4013//4013 4105//4105
f 4016//4016 4014//4014 4106//4106
f 4015//4015 4107//4107 4109//4109
f 4016//4016 4108//4108 4110//4110
f 4019//4019 4017//4017 4109//4109
f 4020//4020 4018//4018 4110//4110
f 4019//4019 4111//4111 4113//4113
f 4022//4022 4020//4020 4112//4112
f 4021//4021 4113//4113 4115//4115
f 4022//4022 4114//4114 4116//4116
f 4023//4023 4115//4115 4117//4117
f 4026//4026 4024//4024 4116//4116
f 4027//4027 4025//4025 4117//4117
f 4026//4026 4118//4118 4120//4120
f 4027//4027 4119//4119 4121//4121
f 4030//4030 4028//4028 4120//4120
f 4031//4031 4029//4029 4121//4121
f 4032//4032 4030//4030 4122//4122
f 4031//4031 4123//4123 4125//4125
f 4032//4032 4124//4124 4126//4126
f 4033//4033 4125//4125 4127//4127
f 4036//4036 4034//4034 4126//4126
f 4037//4037 4035//4035 4127//4127
f 4036//4036 4128//4128 4130//4130
f 4037//4037 4129//4129 4131//4131
f 4038//4038 4130//4130 4132//4132
f 4041//4041 4039//4039 4131//4131
f 4040//4040 4132//4132 4134//4134
f 4043//4043 4041//4041 4133//4133
f 4044//4044 4042//4042 4134//4134
f 4043//4043 4135//4135 4137//4137
f 4044//4044 4136//4136 4138//4138
f 4047//4047 4045//4045 4137//4137
f 4048//4048 4046//4046 4138//4138
f 4047//4047 4139//4139 4141//4141
f 4050//4050 4048//4048 4140//4140
f 4051//4051 4049//4049 4141//4141
f 4050//4050 4142//4142 4144//4144
f 4051//4051 4143//4143 4145//4145
f 4052//4052 4144//4144 4146//4146
f 4055//4055 4053//4053 4145//4145
f 4056//4056 4054//4054 4146//4146
f 4055//4055 4147//4147 4149//4149
f 4056//4056 4148//4148 4150//4150
f 4058//4058 4150//4150 4151//4151
f 3961//3961 3960//3960 4151//4151
f 3961//3961 4152//4152 4153//4153
f 3963//3963 3962//3962 4153//4153
f 3965//3965 3963//3963 4154//4154
f 3966//3966 3964//3964 4155//4155
f 3965//3965 4156//4156 4060//4060
f 4067//4067 4256//4256 4158//4158
f 4070//4070 4068//4068 4159//4159
f 4069//4069 4158//4158 4161//4161
f 4070//4070 4160//4160 4162//4162
f 4073//4073 4071//4071 4161//4161
f 4072//4072 4162//4162 4164//4164
f 4075//4075 4073//4073 4163//4163
f 4076//4076 4074//4074 4164//4164
f 4077//4077 4075//4075 4165//4165
f 4076//4076 4166//4166 4168//4168
f 4077//4077 4167//4167 4169//4169
f 4080//4080 4078//4078 4168//4168
f 4081//4081 4079//4079 4169//4169
f 4082//4082 4080//4080 4170//4170
f 4081//4081 4171//4171 4173//4173
f 4082//4082 4172//4172 4174//4174
f 4083//4083 4173//4173 4175//4175
f 4086//4086 4084//4084 4174//4174
f 4087//4087 4085//4085 4175//4175
f 4086//4086 4176//4176 4178//4178
f 4087//4087 4177//4177 4179//4179
f 4090//4090 4088//4088 4178//4178
f 4091//4091 4089//4089 4179//4179
f 4092//4092 4090//4090 4180//4180
f 4091//4091 4181//4181 4183//4183
f 4094//4094 4092//4092 4182//4182
f 4093//4093 4183//4183 4185//4185
f 4094//4094 4184//4184 4186//4186
f 4097//4097 4095//4095 4185//4185
f 4098//4098 4096//4096 4186//4186
f 4097//4097 4187//4187 4189//4189
f 4098//4098 4188//4188 4190//4190
f 4101//4101 4099//4099 4189//4189
f 4100//4100 4190//4190 4192//4192
f 4101//4101 4191//4191 4193//4193
f 4104//4104 4102//4102 4192//4192
f 4105//4105 4103//4103 4193//4193
f 4104//4104 4194//4194 4196//4196
f 4107//4107 4105//4105 4195//4195
f 4108//4108 4106//4106 4196//4196
f 4107//4107 4197//4197 4199//4199
f 4108//4108 4198//4198 4200//4200
f 4111//4111 4109//4109 4199//4199
f 4112//4112 4110//4110 4200//4200
f 4111//4111 4201//4201 4203//4203
f 4114//4114 4112//4112 4202//4202
f 4113//4113 4203//4203 4205//4205
f 4114//4114 4204//4204 4206//4206
f 4115//4115 4205//4205 4207//4207
f 4118//4118 4116//4116 4206//4206
f 4119//4119 4117//4117 4207//4207
f 4118//4118 4208//4208 4210//4210
f 4119//4119 4209//4209 4211//4211
f 4122//4122 4120//4120 4210//4210
f 4123//4123 4121//4121 4211//4211
f 4124//4124 4122//4122 4212//4212
f 4123//4123 4213//4213 4215//4215
f 4124//4124 4214//4214 4216//4216
f 4125//4125 4215//4215 4217//4217
f 4128//4128 4126//4126 4216//4216
f 4129//4129 4127//4127 4217//4217
f 4128//4128 4218//4218 4220//4220
f 4129//4129 4219//4219 4221//4221
f 4130//4130 4220//4220 4222//4222
f 4133//4133 4131//4131 4221//4221
f 4132//4132 4222//4222 4224//4224
f 4135//4135 4133//4133 4223//4223
f 4136//4136 4134//4134 4224//4224
f 4135//4135 4225//4225 4227//4227
f 4138//4138 4136//4136 4226//4226
f 4137//4137 4227//4227 4229//4229
f 4140//4140 4138//4138 4228//4228
f 4139//4139 4229//4229 4231//4231
f 4140//4140 4230//4230 4232//4232
f 4143//4143 4141//4141 4231//4231
f 4142//4142 4232//4232 4234//4234
f 4143//4143 4233//4233 4235//4235
f 4144//4144 4234//4234 4236//4236
f 4145//4145 4235//4235 4237//4237
f 4148//4148 4146//4146 4236//4236
f 4147//4147 4237//4237 4239//4239
f 4148//4148 4238//4238 4240//4240
f 4150//4150 4240//4240 4241//4241
f 4152//4152 4151//4151 4241//4241
f 4152//4152 4242//4242 4243//4243
f 4154//4154 4153//4153 4243//4243
f 4156//4156 4154//4154 4244//4244
f 4155//4155 4245//4245 4247//4247
f 4156//4156 4246//4246 4248//4248
f 4157//4157 4247//4247 4249//4249
f 4061//4061 4060//4060 4248//4248
f 4062//4062 4059//4059 4249//4249
f 4063//4063 4061//4061 4250//4250
f 4062//4062 4251//4251 4253//4253
f 4063//4063 4252//4252 4254//4254
f 4066//4066 4064//4064 4253//4253
f 4065//4065 4254//4254 4256//4256
f 4068//4068 4066//4066 4255//4255
f 4166//4166 4354//4354 4257//4257
f 4167//4167 4355//4355 4258//4258
f 4170//4170 4168//4168 4257//4257
f 4171//4171 4169//4169 4258//4258
f 4172//4172 4170//4170 4259//4259
f 4171//4171 4260//4260 4262//4262
f 4172//4172 4261//4261 4263//4263
f 4173//4173 4262//4262 4264//4264
f 4176//4176 4174//4174 4263//4263
f 4177//4177 4175//4175 4264//4264
f 4176//4176 4265//4265 4267//4267
f 4177//4177 4266//4266 4268//4268
f 4180//4180 4178//4178 4267//4267
f 4181//4181 4179//4179 4268//4268
f 4182//4182 4180//4180 4269//4269
f 4181//4181 4270//4270 4272//4272
f 4184//4184 4182//4182 4271//4271
f 4183//4183 4272//4272 4274//4274
f 4184//4184 4273//4273 4275//4275
f 4187//4187 4185//4185 4274//4274
f 4188//4188 4186//4186 4275//4275
f 4187//4187 4276//4276 4278//4278
f 4188//4188 4277//4277 4279//4279
f 4191//4191 4189//4189 4278//4278
f 4190//4190 4279//4279 4281//4281
f 4191//4191 4280//4280 4282//4282
f 4194//4194 4192//4192 4281//4281
f 4195//4195 4193//4193 4282//4282
f 4194//4194 4283//4283 4285//4285
f 4197//4197 4195//4195 4284//4284
f 4198//4198 4196//4196 4285//4285
f 4197//4197 4286//4286 4288//4288
f 4198//4198 4287//4287 4289//4289
f 4201//4201 4199//4199 4288//4288
f 4202//4202 4200//4200 4289//4289
f 4201//4201 4290//4290 4292//4292
f 4204//4204 4202//4202 4291//4291
f 4203//4203 4292//4292 4294//4294
f 4204//4204 4293//4293 4295//4295
f 4205//4205 4294//4294 4296//4296
f 4208//4208 4206//4206 4295//4295
f 4209//4209 4207//4207 4296//4296
f 4208//4208 4297//4297 4299//4299
f 4209//4209 4298//4298 4300//4300
f 4212//4212 4210//4210 4299//4299
f 4213//4213 4211//4211 4300//4300
f 4214//4214 4212//4212 4301//4301
f 4213//4213 4302//4302 4304//4304
f 4214//4214 4303//4303 4305//4305
f 4215//4215 4304//4304 4306//4306
f 4218//4218 4216//4216 4305//4305
f 4219//4219 4217//4217 4306//4306
f 4218//4218 4307//4307 4309//4309
f 4219//4219 4308//4308 4310//4310
f 4220//4220 4309//4309 4311//4311
f 4223//4223 4221//4221 4310//4310
f 4222//4222 4311//4311 4313//4313
f 4225//4225 4223//4223 4312//4312
f 4226//4226 4224//4224 4313//4313
f 4225//4225 4314//4314 4316//4316
f 4228//4228 4226//4226 4315//4315
f 4227//4227 4316//4316 4318//4318
f 4230//4230 4228//4228 4317//4317
f 4229//4229 4318//4318 4320//4320
f 4230//4230 4319//4319 4321//4321
f 4233//4233 4231//4231 4320//4320
f 4232//4232 4321//4321 4323//4323
f 4233//4233 4322//4322 4324//4324
f 4234//4234 4323//4323 4325//4325
f 4235//4235 4324//4324 4326//4326
f 4238//4238 4236//4236 4325//4325
f 4237//4237 4326//4326 4328//4328
f 4240//4240 4238//4238 4327//4327
f 4240//4240 4329//4329 4330//4330
f 4242//4242 4241//4241 4330//4330
f 4242//4242 4331//4331 4332//4332
f 4244//4244 4243//4243 4332//4332
f 4244//4244 4333//4333 4335//4335
f 4245//4245 4334//4334 4336//4336
f 4246//4246 4335//4335 4337//4337
f 4247//4247 4336//4336 4338//4338
f 4250//4250 4248//4248 4337//4337
f 4249//4249 4338//4338 4340//4340
f 4252//4252 4250//4250 4339//4339
f 4251//4251 4340//4340 4342//4342
f 4254//4254 4252//4252 4341//4341
f 4255//4255 4253//4253 4342//4342
f 4254//4254 4343//4343 4345//4345
f 4159//4159 4255//4255 4344//4344
f 4256//4256 4345//4345 4347//4347
f 4160//4160 4159//4159 4346//4346
f 4158//4158 4347//4347 4349//4349
f 4160//4160 4348//4348 4350//4350
f 4163//4163 4161//4161 4349//4349
f 4162//4162 4350//4350 4352//4352
f 4165//4165 4163//4163 4351//4351
f 4166//4166 4164//4164 4352//4352
f 4167//4167 4165//4165 4353//4353
f 4321//4321 4452//4452 4356//4356
f 4265//4265 4453//4453 4357//4357
f 4322//4322 4454//4454 4358//4358
f 4323//4323 4356//4356 4359//4359
f 4269//4269 4267//4267 4357//4357
f 4326//4326 4324//4324 4358//4358
f 4327//4327 4325//4325 4359//4359
f 4271//4271 4269//4269 4360//4360
f 4326//4326 4361//4361 4364//4364
f 4329//4329 4327//4327 4362//4362
f 4273//4273 4271//4271 4363//4363
f 4329//4329 4365//4365 4367//4367
f 4273//4273 4366//4366 4368//4368
f 4331//4331 4330//4330 4367//4367
f 4277//4277 4275//4275 4368//4368
f 4331//4331 4369//4369 4371//4371
f 4277//4277 4370//4370 4372//4372
f 4333//4333 4332//4332 4371//4371
f 4279//4279 4372//4372 4374//4374
f 4333//4333 4373//4373 4375//4375
f 4283//4283 4281//4281 4374//4374
f 4335//4335 4375//4375 4377//4377
f 4283//4283 4376//4376 4378//4378
f 4339//4339 4337//4337 4377//4377
f 4287//4287 4285//4285 4378//4378
f 4341//4341 4339//4339 4379//4379
f 4287//4287 4380//4380 4382//4382
f 4343//4343 4341//4341 4381//4381
f 4291//4291 4289//4289 4382//4382
f 4343//4343 4383//4383 4385//4385
f 4345//4345 4385//4385 4386//4386
f 4347//4347 4386//4386 4387//4387
f 4351//4351 4349//4349 4387//4387
f 4353//4353 4351//4351 4388//4388
f 4355//4355 4353//4353 4389//4389
f 4355//4355 4390//4390 4391//4391
f 4260//4260 4258//4258 4391//4391
f 4260//4260 4392//4392 4393//4393
f 4262//4262 4393//4393 4394//4394
f 4266//4266 4264//4264 4394//4394
f 4266//4266 4395//4395 4396//4396
f 4270//4270 4268//4268 4396//4396
f 4270//4270 4397//4397 4398//4398
f 4272//4272 4398//4398 4399//4399
f 4276//4276 4274//4274 4399//4399
f 4276//4276 4400//4400 4401//4401
f 4280//4280 4278//4278 4401//4401
f 4280//4280 4402//4402 4403//4403
f 4284//4284 4282//4282 4403//4403
f 4286//4286 4284//4284 4404//4404
f 4286//4286 4405//4405 4406//4406
f 4290//4290 4288//4288 4406//4406
f 4290//4290 4407//4407 4409//4409
f 4293//4293 4291//4291 4384//4384
f 4334//4334 4408//4408 4411//4411
f 4292//4292 4409//4409 4412//4412
f 4293//4293 4410//4410 4413//4413
f 4336//4336 4411//4411 4414//4414
f 4296//4296 4294//4294 4412//4412
f 4297//4297 4295//4295 4413//4413
f 4340//4340 4338//4338 4414//4414
f 4298//4298 4296//4296 4415//4415
f 4297//4297 4416//4416 4419//4419
f 4340//4340 4417//4417 4420//4420
f 4298//4298 4418//4418 4421//4421
f 4301//4301 4299//4299 4419//4419
f 4344//4344 4342//4342 4420//4420
f 4302//4302 4300//4300 4421//4421
f 4303//4303 4301//4301 4422//4422
f 4344//4344 4423//4423 4426//4426
f 4302//4302 4424//4424 4427//4427
f 4303//4303 4425//4425 4428//4428
f 4348//4348 4346//4346 4426//4426
f 4304//4304 4427//4427 4430//4430
f 4307//4307 4305//4305 4428//4428
f 4348//4348 4429//4429 4432//4432
f 4308//4308 4306//4306 4430//4430
f 4307//4307 4431//4431 4434//4434
f 4350//4350 4432//4432 4435//4435
f 4308//4308 4433//4433 4436//4436
f 4309//4309 4434//4434 4437//4437
f 4354//4354 4352//4352 4435//4435
f 4310//4310 4436//4436 4439//4439
f 4311//4311 4437//4437 4440//4440
f 4354//4354 4438//4438 4441//4441
f 4314//4314 4312//4312 4439//4439
f 4315//4315 4313//4313 4440//4440
f 4259//4259 4257//4257 4441//4441
f 4314//4314 4442//4442 4445//4445
f 4317//4317 4315//4315 4443//4443
f 4261//4261 4259//4259 4444//4444
f 4316//4316 4445//4445 4448//4448
f 4319//4319 4317//4317 4446//4446
f 4261//4261 4447//4447 4450//4450
f 4318//4318 4448//4448 4451//4451
f 4319//4319 4449//4449 4452//4452
f 4263//4263 4450//4450 4453//4453
f 4322//4322 4320//4320 4451//4451
f 4369//4369 4367//4367 4455//4455
f 4369//4369 4456//4456 4457//4457
f 4373//4373 4371//4371 4457//4457
f 4373//4373 4458//4458 4460//4460
f 4408//4408 4459//4459 4461//4461
f 4375//4375 4460//4460 4462//4462
f 4414//4414 4411//4411 4461//4461
f 4379//4379 4377//4377 4462//4462
f 4417//4417 4414//4414 4463//4463
f 4381//4381 4379//4379 4464//4464
f 4417//4417 4465//4465 4467//4467
f 4383//4383 4381//4381 4466//4466
f 4423//4423 4420//4420 4467//4467
f 4383//4383 4468//4468 4470//4470
f 4426//4426 4423//4423 4469//4469
f 4385//4385 4470//4470 4472//4472
f 4429//4429 4426//4426 4471//4471
f 4386//4386 4472//4472 4474//4474
f 4429//4429 4473//4473 4475//4475
f 4388//4388 4387//4387 4474//4474
f 4432//4432 4475//4475 4477//4477
f 4389//4389 4388//4388 4476//4476
f 4438//4438 4435//4435 4477//4477
f 4390//4390 4389//4389 4478//4478
f 4438//4438 4479//4479 4481//4481
f 4390//4390 4480//4480 4482//4482
f 4444//4444 4441//4441 4481//4481
f 4392//4392 4391//4391 4482//4482
f 4447//4447 4444//4444 4483//4483
f 4392//4392 4484//4484 4486//4486
f 4447//4447 4485//4485 4487//4487
f 4393//4393 4486//4486 4488//4488
f 4453//4453 4450//4450 4487//4487
f 4395//4395 4394//4394 4488//4488
f 4453//4453 4489//4489 4491//4491
f 4395//4395 4490//4490 4492//4492
f 4360//4360 4357//4357 4491//4491
f 4397//4397 4396//4396 4492//4492
f 4363//4363 4360//4360 4493//4493
f 4397//4397 4494//4494 4496//4496
f 4366//4366 4363//4363 4495//4495
f 4398//4398 4496//4496 4498//4498
f 4366//4366 4497//4497 4499//4499
f 4400//4400 4399//4399 4498//4498
f 4370//4370 4368//4368 4499//4499
f 4400//4400 4500//4500 4502//4502
f 4370//4370 4501//4501 4503//4503
f 4402//4402 4401//4401 4502//4502
f 4372//4372 4503//4503 4505//4505
f 4402//4402 4504//4504 4506//4506
f 4376//4376 4374//4374 4505//4505
f 4404//4404 4403//4403 4506//4506
f 4376//4376 4507//4507 4509//4509
f 4405//4405 4404//4404 4508//4508
f 4380//4380 4378//4378 4509//4509
f 4405//4405 4510//4510 4512//4512
f 4380//4380 4511//4511 4513//4513
f 4407//4407 4406//4406 4512//4512
f 4384//4384 4382//4382 4513//4513
f 4407//4407 4514//4514 4516//4516
f 4410//4410 4384//4384 4515//4515
f 4409//4409 4516//4516 4518//4518
f 4410//4410 4517//4517 4519//4519
f 4412//4412 4518//4518 4520//4520
f 4416//4416 4413//4413 4519//4519
f 4418//4418 4415//4415 4520//4520
f 4416//4416 4521//4521 4523//4523
f 4418//4418 4522//4522 4524//4524
f 4422//4422 4419//4419 4523//4523
f 4424//4424 4421//4421 4524//4524
f 4425//4425 4422//4422 4525//4525
f 4424//4424 4526//4526 4528//4528
f 4425//4425 4527//4527 4529//4529
f 4427//4427 4528//4528 4530//4530
f 4431//4431 4428//4428 4529//4529
f 4433//4433 4430//4430 4530//4530
f 4431//4431 4531//4531 4533//4533
f 4433//4433 4532//4532 4534//4534
f 4434//4434 4533//4533 4535//4535
f 4439//4439 4436//4436 4534//4534
f 4437//4437 4535//4535 4537//4537
f 4442//4442 4439//4439 4536//4536
f 4443//4443 4440//4440 4537//4537
f 4442//4442 4538//4538 4540//4540
f 4443//4443 4539//4539 4541//4541
f 4445//4445 4540//4540 4542//4542
f 4449//4449 4446//4446 4541//4541
f 4448//4448 4542//4542 4544//4544
f 4449//4449 4543//4543 4545//4545
f 4454//4454 4451//4451 4544//4544
f 4452//4452 4545//4545 4547//4547
f 4454//4454 4546//4546 4548//4548
f 4356//4356 4547//4547 4549//4549
f 4358//4358 4548//4548 4550//4550
f 4362//4362 4359//4359 4549//4549
f 4361//4361 4550//4550 4552//4552
f 4362//4362 4551//4551 4553//4553
f 4365//4365 4553//4553 4455//4455
f 4460//4460 4651//4651 4554//4554
f 4461//4461 4652//4652 4555//4555
f 4464//4464 4462//4462 4554//4554
f 4465//4465 4463//4463 4555//4555
f 4466//4466 4464//4464 4556//4556
f 4465//4465 4557//4557 4559//4559
f 4468//4468 4466//4466 4558//4558
f 4469//4469 4467//4467 4559//4559
f 4468//4468 4560//4560 4562//4562
f 4471//4471 4469//4469 4561//4561
f 4470//4470 4562//4562 4564//4564
f 4473//4473 4471//4471 4563//4563
f 4472//4472 4564//4564 4566//4566
f 4473//4473 4565//4565 4567//4567
f 4476//4476 4474//4474 4566//4566
f 4475//4475 4567//4567 4569//4569
f 4478//4478 4476//4476 4568//4568
f 4479//4479 4477//4477 4569//4569
f 4480//4480 4478//4478 4570//4570
f 4479//4479 4571//4571 4573//4573
f 4480//4480 4572//4572 4574//4574
f 4483//4483 4481//4481 4573//4573
f 4484//4484 4482//4482 4574//4574
f 4485//4485 4483//4483 4575//4575
f 4484//4484 4576//4576 4578//4578
f 4485//4485 4577//4577 4579//4579
f 4486//4486 4578//4578 4580//4580
f 4489//4489 4487//4487 4579//4579
f 4490//4490 4488//4488 4580//4580
f 4489//4489 4581//4581 4583//4583
f 4490//4490 4582//4582 4584//4584
f 4491//4491 4583//4583 4585//4585
f 4494//4494 4492//4492 4584//4584
f 4495//4495 4493//4493 4585//4585
f 4494//4494 4586//4586 4588//4588
f 4497//4497 4495//4495 4587//4587
f 4496//4496 4588//4588 4590//4590
f 4497//4497 4589//4589 4591//4591
f 4500//4500 4498//4498 4590//4590
f 4501//4501 4499//4499 4591//4591
f 4500//4500 4592//4592 4594//4594
f 4501//4501 4593//4593 4595//4595
f 4504//4504 4502//4502 4594//4594
f 4503//4503 4595//4595 4597//4597
f 4504//4504 4596//4596 4598//4598
f 4507//4507 4505//4505 4597//4597
f 4508//4508 4506//4506 4598//4598
f 4507//4507 4599//4599 4601//4601
f 4510//4510 4508//4508 4600//4600
f 4511//4511 4509//4509 4601//4601
f 4510//4510 4602//4602 4604//4604
f 4511//4511 4603//4603 4605//4605
f 4514//4514 4512//4512 4604//4604
f 4515//4515 4513//4513 4605//4605
f 4514//4514 4606//4606 4608//4608
f 4517//4517 4515//4515 4607//4607
f 4516//4516 4608//4608 4610//4610
f 4517//4517 4609//4609 4611//4611
f 4518//4518 4610//4610 4612//4612
f 4521//4521 4519//4519 4611//4611
f 4522//4522 4520//4520 4612//4612
f 4521//4521 4613//4613 4615//4615
f 4522//4522 4614//4614 4616//4616
f 4525//4525 4523//4523 4615//4615
f 4526//4526 4524//4524 4616//4616
f 4527//4527 4525//4525 4617//4617
f 4526//4526 4618//4618 4620//4620
f 4527//4527 4619//4619 4621//4621
f 4528//4528 4620//4620 4622//4622
f 4531//4531 4529//4529 4621//4621
f 4532//4532 4530//4530 4622//4622
f 4531//4531 4623//4623 4625//4625
f 4532//4532 4624//4624 4626//4626
f 4533//4533 4625//4625 4627//4627
f 4534//4534 4626//4626 4628//4628
f 4535//4535 4627//4627 4629//4629
f 4538//4538 4536//4536 4628//4628
f 4539//4539 4537//4537 4629//4629
f 4538//4538 4630//4630 4632//4632
f 4541//4541 4539//4539 4631//4631
f 4540//4540 4632//4632 4634//4634
f 4543//4543 4541//4541 4633//4633
f 4542//4542 4634//4634 4636//4636
f 4543//4543 4635//4635 4637//4637
f 4546//4546 4544//4544 4636//4636
f 4545//4545 4637//4637 4639//4639
f 4546//4546 4638//4638 4640//4640
f 4547//4547 4639//4639 4641//4641
f 4550//4550 4548//4548 4640//4640
f 4551//4551 4549//4549 4641//4641
f 4552//4552 4550//4550 4642//4642
f 4553//4553 4551//4551 4643//4643
f 4553//4553 4645//4645 4646//4646
f 4456//4456 4455//4455 4646//4646
f 4456//4456 4647//4647 4648//4648
f 4458//4458 4457//4457 4648//4648
f 4458//4458 4649//4649 4651//4651
f 4459//4459 4650//4650 4652//4652
f 4562//4562 4751//4751 4653//4653
f 4565//4565 4563//4563 4654//4654
f 4564//4564 4653//4653 4656//4656
f 4565//4565 4655//4655 4657//4657
f 4568//4568 4566//4566 4656//4656
f 4567//4567 4657//4657 4659//4659
f 4570//4570 4568//4568 4658//4658
f 4571//4571 4569//4569 4659//4659
f 4572//4572 4570//4570 4660//4660
f 4571//4571 4661//4661 4663//4663
f 4572//4572 4662//4662 4664//4664
f 4575//4575 4573//4573 4663//4663
f 4576//4576 4574//4574 4664//4664
f 4577//4577 4575//4575 4665//4665
f 4576//4576 4666//4666 4668//4668
f 4577//4577 4667//4667 4669//4669
f 4578//4578 4668//4668 4670//4670
f 4581//4581 4579//4579 4669//4669
f 4582//4582 4580//4580 4670//4670
f 4581//4581 4671//4671 4673//4673
f 4582//4582 4672//4672 4674//4674
f 4585//4585 4583//4583 4673//4673
f 4586//4586 4584//4584 4674//4674
f 4587//4587 4585//4585 4675//4675
f 4586//4586 4676//4676 4678//4678
f 4589//4589 4587//4587 4677//4677
f 4588//4588 4678//4678 4680//4680
f 4589//4589 4679//4679 4681//4681
f 4592//4592 4590//4590 4680//4680
f 4593//4593 4591//4591 4681//4681
f 4592//4592 4682//4682 4684//4684
f 4593//4593 4683//4683 4685//4685
f 4596//4596 4594//4594 4684//4684
f 4595//4595 4685//4685 4687//4687
f 4596//4596 4686//4686 4688//4688
f 4599//4599 4597//4597 4687//4687
f 4600//4600 4598//4598 4688//4688
f 4599//4599 4689//4689 4691//4691
f 4602//4602 4600//4600 4690//4690
f 4603//4603 4601//4601 4691//4691
f 4602//4602 4692//4692 4694//4694
f 4603//4603 4693//4693 4695//4695
f 4606//4606 4604//4604 4694//4694
f 4607//4607 4605//4605 4695//4695
f 4606//4606 4696//4696 4698//4698
f 4609//4609 4607//4607 4697//4697
f 4608//4608 4698//4698 4700//4700
f 4609//4609 4699//4699 4701//4701
f 4610//4610 4700//4700 4702//4702
f 4613//4613 4611//4611 4701//4701
f 4614//4614 4612//4612 4702//4702
f 4613//4613 4703//4703 4705//4705
f 4614//4614 4704//4704 4706//4706
f 4617//4617 4615//4615 4705//4705
f 4618//4618 4616//4616 4706//4706
f 4619//4619 4617//4617 4707//4707
f 4618//4618 4708//4708 4710//4710
f 4619//4619 4709//4709 4711//4711
f 4620//4620 4710//4710 4712//4712
f 4623//4623 4621//4621 4711//4711
f 4624//4624 4622//4622 4712//4712
f 4623//4623 4713//4713 4715//4715
f 4624//4624 4714//4714 4716//4716
f 4625//4625 4715//4715 4717//4717
f 4626//4626 4716//4716 4718//4718
f 4627//4627 4717//4717 4719//4719
f 4630//4630 4628//4628 4718//4718
f 4631//4631 4629//4629 4719//4719
f 4630//4630 4720//4720 4722//4722
f 4633//4633 4631//4631 4721//4721
f 4632//4632 4722//4722 4724//4724
f 4635//4635 4633//4633 4723//4723
f 4634//4634 4724//4724 4726//4726
f 4635//4635 4725//4725 4727//4727
f 4638//4638 4636//4636 4726//4726
f 4637//4637 4727//4727 4729//4729
f 4640//4640 4638//4638 4728//4728
f 4639//4639 4729//4729 4731//4731
f 4640//4640 4730//4730 4732//4732
f 4643//4643 4641//4641 4731//4731
f 4642//4642 4732//4732 4734//4734
f 4645//4645 4643//4643 4733//4733
f 4645//4645 4735//4735 4736//4736
f 4647//4647 4646//4646 4736//4736
f 4647//4647 4737//4737 4738//4738
f 4649//4649 4648//4648 4738//4738
f 4649//4649 4739//4739 4741//4741
f 4650//4650 4740//4740 4742//4742
f 4651//4651 4741//4741 4743//4743
f 4652//4652 4742//4742 4744//4744
f 4556//4556 4554//4554 4743//4743
f 4557//4557 4555//4555 4744//4744
f 4558//4558 4556//4556 4745//4745
f 4557//4557 4746//4746 4748//4748
f 4560//4560 4558//4558 4747//4747
f 4561//4561 4559//4559 4748//4748
f 4560//4560 4749//4749 4751//4751
f 4563//4563 4561//4561 4750//4750
f 4661//4661 4849//4849 4752//4752
f 4662//4662 4850//4850 4753//4753
f 4665//4665 4663//4663 4752//4752
f 4666//4666 4664//4664 4753//4753
f 4667//4667 4665//4665 4754//4754
f 4666//4666 4755//4755 4757//4757
f 4667//4667 4756//4756 4758//4758
f 4668//4668 4757//4757 4759//4759
f 4671//4671 4669//4669 4758//4758
f 4672//4672 4670//4670 4759//4759
f 4671//4671 4760//4760 4762//4762
f 4672//4672 4761//4761 4763//4763
f 4675//4675 4673//4673 4762//4762
f 4676//4676 4674//4674 4763//4763
f 4677//4677 4675//4675 4764//4764
f 4676//4676 4765//4765 4767//4767
f 4679//4679 4677//4677 4766//4766
f 4678//4678 4767//4767 4769//4769
f 4679//4679 4768//4768 4770//4770
f 4682//4682 4680//4680 4769//4769
f 4683//4683 4681//4681 4770//4770
f 4682//4682 4771//4771 4773//4773
f 4683//4683 4772//4772 4774//4774
f 4686//4686 4684//4684 4773//4773
f 4685//4685 4774//4774 4776//4776
f 4686//4686 4775//4775 4777//4777
f 4689//4689 4687//4687 4776//4776
f 4690//4690 4688//4688 4777//4777
f 4689//4689 4778//4778 4780//4780
f 4692//4692 4690//4690 4779//4779
f 4693//4693 4691//4691 4780//4780
f 4692//4692 4781//4781 4783//4783
f 4693//4693 4782//4782 4784//4784
f 4696//4696 4694//4694 4783//4783
f 4697//4697 4695//4695 4784//4784
f 4696//4696 4785//4785 4787//4787
f 4699//4699 4697//4697 4786//4786
f 4698//4698 4787//4787 4789//4789
f 4699//4699 4788//4788 4790//4790
f 4700//4700 4789//4789 4791//4791
f 4703//4703 4701//4701 4790//4790
f 4704//4704 4702//4702 4791//4791
f 4703//4703 4792//4792 4794//4794
f 4704//4704 4793//4793 4795//4795
f 4707//4707 4705//4705 4794//4794
f 4708//4708 4706//4706 4795//4795
f 4709//4709 4707//4707 4796//4796
f 4708//4708 4797//4797 4799//4799
f 4709//4709 4798//4798 4800//4800
f 4710//4710 4799//4799 4801//4801
f 4713//4713 4711//4711 4800//4800
f 4714//4714 4712//4712 4801//4801
f 4713//4713 4802//4802 4804//4804
f 4714//4714 4803//4803 4805//4805
f 4715//4715 4804//4804 4806//4806
f 4718//4718 4716//4716 4805//4805
f 4717//4717 4806//4806 4808//4808
f 4720//4720 4718//4718 4807//4807
f 4721//4721 4719//4719 4808//4808
f 4720//4720 4809//4809 4811//4811
f 4723//4723 4721//4721 4810//4810
f 4722//4722 4811//4811 4813//4813
f 4725//4725 4723//4723 4812//4812
f 4724//4724 4813//4813 4815//4815
f 4725//4725 4814//4814 4816//4816
f 4728//4728 4726//4726 4815//4815
f 4727//4727 4816//4816 4818//4818
f 4728//4728 4817//4817 4819//4819
f 4729//4729 4818//4818 4820//4820
f 4730//4730 4819//4819 4821//4821
f 4733//4733 4731//4731 4820//4820
f 4732//4732 4821//4821 4823//4823
f 4735//4735 4733//4733 4822//4822
f 4735//4735 4824//4824 4825//4825
f 4737//4737 4736//4736 4825//4825
f 4737//4737 4826//4826 4827//4827
f 4739//4739 4738//4738 4827//4827
f 4739//4739 4828//4828 4830//4830
f 4740//4740 4829//4829 4831//4831
f 4741//4741 4830//4830 4832//4832
f 4742//4742 4831//4831 4833//4833
f 4745//4745 4743//4743 4832//4832
f 4744//4744 4833//4833 4835//4835
f 4747//4747 4745//4745 4834//4834
f 4746//4746 4835//4835 4837//4837
f 4749//4749 4747//4747 4836//4836
f 4750//4750 4748//4748 4837//4837
f 4749//4749 4838//4838 4840//4840
f 4750//4750 4839//4839 4841//4841
f 4751//4751 4840//4840 4842//4842
f 4655//4655 4654//4654 4841//4841
f 4653//4653 4842//4842 4844//4844
f 4655//4655 4843//4843 4845//4845
f 4658//4658 4656//4656 4844//4844
f 4657//4657 4845//4845 4847//4847
f 4660//4660 4658//4658 4846//4846
f 4661//4661 4659//4659 4847//4847
f 4662//4662 4660//4660 4848//4848
f 4761//4761 4759//4759 4851//4851
f 4760//4760 4949//4949 4853//4853
f 4761//4761 4852//4852 4854//4854
f 4764//4764 4762//4762 4853//4853
f 4765//4765 4763//4763 4854//4854
f 4766//4766 4764//4764 4855//4855
f 4765//4765 4856//4856 4858//4858
f 4768//4768 4766//4766 4857//4857
f 4767//4767 4858//4858 4860//4860
f 4768//4768 4859//4859 4861//4861
f 4771//4771 4769//4769 4860//4860
f 4772//4772 4770//4770 4861//4861
f 4771//4771 4862//4862 4864//4864
f 4772//4772 4863//4863 4865//4865
f 4775//4775 4773//4773 4864//4864
f 4774//4774 4865//4865 4867//4867
f 4775//4775 4866//4866 4868//4868
f 4778//4778 4776//4776 4867//4867
f 4779//4779 4777//4777 4868//4868
f 4778//4778 4869//4869 4871//4871
f 4781//4781 4779//4779 4870//4870
f 4782//4782 4780//4780 4871//4871
f 4781//4781 4872//4872 4874//4874
f 4782//4782 4873//4873 4875//4875
f 4785//4785 4783//4783 4874//4874
f 4786//4786 4784//4784 4875//4875
f 4785//4785 4876//4876 4878//4878
f 4788//4788 4786//4786 4877//4877
f 4787//4787 4878//4878 4880//4880
f 4788//4788 4879//4879 4881//4881
f 4789//4789 4880//4880 4882//4882
f 4792//4792 4790//4790 4881//4881
f 4793//4793 4791//4791 4882//4882
f 4792//4792 4883//4883 4885//4885
f 4793//4793 4884//4884 4886//4886
f 4796//4796 4794//4794 4885//4885
f 4797//4797 4795//4795 4886//4886
f 4798//4798 4796//4796 4887//4887
f 4797//4797 4888//4888 4890//4890
f 4798//4798 4889//4889 4891//4891
f 4799//4799 4890//4890 4892//4892
f 4802//4802 4800//4800 4891//4891
f 4803//4803 4801//4801 4892//4892
f 4802//4802 4893//4893 4895//4895
f 4803//4803 4894//4894 4896//4896
f 4804//4804 4895//4895 4897//4897
f 4807//4807 4805//4805 4896//4896
f 4806//4806 4897//4897 4899//4899
f 4809//4809 4807//4807 4898//4898
f 4810//4810 4808//4808 4899//4899
f 4809//4809 4900//4900 4902//4902
f 4812//4812 4810//4810 4901//4901
f 4811//4811 4902//4902 4904//4904
f 4814//4814 4812//4812 4903//4903
f 4813//4813 4904//4904 4906//4906
f 4814//4814 4905//4905 4907//4907
f 4817//4817 4815//4815 4906//4906
f 4816//4816 4907//4907 4909//4909
f 4817//4817 4908//4908 4910//4910
f 4818//4818 4909//4909 4911//4911
f 4821//4821 4819//4819 4910//4910
f 4822//4822 4820//4820 4911//4911
f 4823//4823 4821//4821 4912//4912
f 4824//4824 4822//4822 4913//4913
f 4824//4824 4915//4915 4916//4916
f 4826//4826 4825//4825 4916//4916
f 4826//4826 4917//4917 4918//4918
f 4828//4828 4827//4827 4918//4918
f 4828//4828 4919//4919 4921//4921
f 4831//4831 4829//4829 4920//4920
f 4830//4830 4921//4921 4923//4923
f 4831//4831 4922//4922 4924//4924
f 4834//4834 4832//4832 4923//4923
f 4835//4835 4833//4833 4924//4924
f 4836//4836 4834//4834 4925//4925
f 4835//4835 4926//4926 4928//4928
f 4838//4838 4836//4836 4927//4927
f 4839//4839 4837//4837 4928//4928
f 4838//4838 4929//4929 4931//4931
f 4839//4839 4930//4930 4932//4932
f 4840//4840 4931//4931 4933//4933
f 4843//4843 4841//4841 4932//4932
f 4842//4842 4933//4933 4935//4935
f 4843//4843 4934//4934 4936//4936
f 4846//4846 4844//4844 4935//4935
f 4845//4845 4936//4936 4938//4938
f 4848//4848 4846//4846 4937//4937
f 4849//4849 4847//4847 4938//4938
f 4850//4850 4848//4848 4939//4939
f 4849//4849 4940//4940 4942//4942
f 4850//4850 4941//4941 4943//4943
f 4754//4754 4752//4752 4942//4942
f 4755//4755 4753//4753 4943//4943
f 4754//4754 4944//4944 4946//4946
f 4755//4755 4945//4945 4947//4947
f 4756//4756 4946//4946 4948//4948
f 4757//4757 4947//4947 4851//4851
f 4760//4760 4758//4758 4948//4948
f 4859//4859 5048//5048 4950//4950
f 4862//4862 4860//4860 4951//4951
f 4863//4863 4861//4861 4950//4950
f 4862//4862 4952//4952 4954//4954
f 4863//4863 4953//4953 4955//4955
f 4866//4866 4864//4864 4954//4954
f 4865//4865 4955//4955 4957//4957
f 4866//4866 4956//4956 4958//4958
f 4869//4869 4867//4867 4957//4957
f 4870//4870 4868//4868 4958//4958
f 4869//4869 4959//4959 4961//4961
f 4872//4872 4870//4870 4960//4960
f 4873//4873 4871//4871 4961//4961
f 4872//4872 4962//4962 4964//4964
f 4873//4873 4963//4963 4965//4965
f 4876//4876 4874//4874 4964//4964
f 4877//4877 4875//4875 4965//4965
f 4876//4876 4966//4966 4968//4968
f 4879//4879 4877//4877 4967//4967
f 4878//4878 4968//4968 4970//4970
f 4879//4879 4969//4969 4971//4971
f 4880//4880 4970//4970 4972//4972
f 4883//4883 4881//4881 4971//4971
f 4884//4884 4882//4882 4972//4972
f 4883//4883 4973//4973 4975//4975
f 4884//4884 4974//4974 4976//4976
f 4887//4887 4885//4885 4975//4975
f 4888//4888 4886//4886 4976//4976
f 4889//4889 4887//4887 4977//4977
f 4888//4888 4978//4978 4980//4980
f 4889//4889 4979//4979 4981//4981
f 4890//4890 4980//4980 4982//4982
f 4893//4893 4891//4891 4981//4981
f 4894//4894 4892//4892 4982//4982
f 4893//4893 4983//4983 4985//4985
f 4894//4894 4984//4984 4986//4986
f 4895//4895 4985//4985 4987//4987
f 4898//4898 4896//4896 4986//4986
f 4897//4897 4987//4987 4989//4989
f 4900//4900 4898//4898 4988//4988
f 4901//4901 4899//4899 4989//4989
f 4900//4900 4990//4990 4992//4992
f 4903//4903 4901//4901 4991//4991
f 4902//4902 4992//4992 4994//4994
f 4905//4905 4903//4903 4993//4993
f 4904//4904 4994//4994 4996//4996
f 4905//4905 4995//4995 4997//4997
f 4908//4908 4906//4906 4996//4996
f 4907//4907 4997//4997 4999//4999
f 4908//4908 4998//4998 5000//5000
f 4909//4909 4999//4999 5001//5001
f 4912//4912 4910//4910 5000//5000
f 4913//4913 4911//4911 5001//5001
f 4912//4912 5002//5002 5004//5004
f 4915//4915 4913//4913 5003//5003
f 4915//4915 5005//5005 5006//5006
f 4917//4917 4916//4916 5006//5006
f 4917//4917 5007//5007 5008//5008
f 4919//4919 4918//4918 5008//5008
f 4919//4919 5009//5009 5011//5011
f 4920//4920 5010//5010 5012//5012
f 4921//4921 5011//5011 5013//5013
f 4922//4922 5012//5012 5014//5014
f 4925//4925 4923//4923 5013//5013
f 4924//4924 5014//5014 5016//5016
f 4927//4927 4925//4925 5015//5015
f 4926//4926 5016//5016 5018//5018
f 4929//4929 4927//4927 5017//5017
f 4930//4930 4928//4928 5018//5018
f 4929//4929 5019//5019 5021//5021
f 4932//4932 4930//4930 5020//5020
f 4931//4931 5021//5021 5023//5023
f 4934//4934 4932//4932 5022//5022
f 4933//4933 5023//5023 5025//5025
f 4934//4934 5024//5024 5026//5026
f 4937//4937 4935//4935 5025//5025
f 4936//4936 5026//5026 5028//5028
f 4939//4939 4937//4937 5027//5027
f 4940//4940 4938//4938 5028//5028
f 4941//4941 4939//4939 5029//5029
f 4940//4940 5030//5030 5032//5032
f 4941//4941 5031//5031 5033//5033
f 4944//4944 4942//4942 5032//5032
f 4945//4945 4943//4943 5033//5033
f 4946//4946 4944//4944 5034//5034
f 4945//4945 5035//5035 5037//5037
f 4946//4946 5036//5036 5038//5038
f 4947//4947 5037//5037 5039//5039
f 4949//4949 4948//4948 5038//5038
f 4852//4852 4851//4851 5039//5039
f 4949//4949 5040//5040 5042//5042
f 4852//4852 5041//5041 5043//5043
f 4855//4855 4853//4853 5042//5042
f 4856//4856 4854//4854 5043//5043
f 4857//4857 4855//4855 5044//5044
f 4856//4856 5045//5045 5047//5047
f 4859//4859 4857//4857 5046//5046
f 4858//4858 5047//5047 4951//4951
f 4960//4960 4958//4958 5049//5049
f 4959//4959 5147//5147 5051//5051
f 4962//4962 4960//4960 5050//5050
f 4963//4963 4961//4961 5051//5051
f 4962//4962 5052//5052 5054//5054
f 4963//4963 5053//5053 5055//5055
f 4966//4966 4964//4964 5054//5054
f 4967//4967 4965//4965 5055//5055
f 4966//4966 5056//5056 5058//5058
f 4969//4969 4967//4967 5057//5057
f 4968//4968 5058//5058 5060//5060
f 4969//4969 5059//5059 5061//5061
f 4970//4970 5060//5060 5062//5062
f 4973//4973 4971//4971 5061//5061
f 4974//4974 4972//4972 5062//5062
f 4973//4973 5063//5063 5065//5065
f 4974//4974 5064//5064 5066//5066
f 4977//4977 4975//4975 5065//5065
f 4978//4978 4976//4976 5066//5066
f 4979//4979 4977//4977 5067//5067
f 4978//4978 5068//5068 5070//5070
f 4979//4979 5069//5069 5071//5071
f 4980//4980 5070//5070 5072//5072
f 4983//4983 4981//4981 5071//5071
f 4984//4984 4982//4982 5072//5072
f 4983//4983 5073//5073 5075//5075
f 4984//4984 5074//5074 5076//5076
f 4985//4985 5075//5075 5077//5077
f 4988//4988 4986//4986 5076//5076
f 4987//4987 5077//5077 5079//5079
f 4988//4988 5078//5078 5080//5080
f 4991//4991 4989//4989 5079//5079
f 4990//4990 5080//5080 5082//5082
f 4993//4993 4991//4991 5081//5081
f 4992//4992 5082//5082 5084//5084
f 4995//4995 4993//4993 5083//5083
f 4994//4994 5084//5084 5086//5086
f 4995//4995 5085//5085 5087//5087
f 4998//4998 4996//4996 5086//5086
f 4997//4997 5087//5087 5089//5089
f 4998//4998 5088//5088 5090//5090
f 4999//4999 5089//5089 5091//5091
f 5002//5002 5000//5000 5090//5090
f 5003//5003 5001//5001 5091//5091
f 5002//5002 5092//5092 5094//5094
f 5005//5005 5003//5003 5093//5093
f 5005//5005 5095//5095 5096//5096
f 5007//5007 5006//5006 5096//5096
f 5007//5007 5097//5097 5098//5098
f 5009//5009 5008//5008 5098//5098
f 5009//5009 5099//5099 5101//5101
f 5010//5010 5100//5100 5102//5102
f 5011//5011 5101//5101 5103//5103
f 5012//5012 5102//5102 5104//5104
f 5015//5015 5013//5013 5103//5103
f 5016//5016 5014//5014 5104//5104
f 5017//5017 5015//5015 5105//5105
f 5016//5016 5106//5106 5108//5108
f 5019//5019 5017//5017 5107//5107
f 5020//5020 5018//5018 5108//5108
f 5019//5019 5109//5109 5111//5111
f 5022//5022 5020//5020 5110//5110
f 5021//5021 5111//5111 5113//5113
f 5024//5024 5022//5022 5112//5112
f 5023//5023 5113//5113 5115//5115
f 5024//5024 5114//5114 5116//5116
f 5027//5027 5025//5025 5115//5115
f 5026//5026 5116//5116 5118//5118
f 5029//5029 5027//5027 5117//5117
f 5030//5030 5028//5028 5118//5118
f 5031//5031 5029//5029 5119//5119
f 5030//5030 5120//5120 5122//5122
f 5031//5031 5121//5121 5123//5123
f 5034//5034 5032//5032 5122//5122
f 5035//5035 5033//5033 5123//5123
f 5036//5036 5034//5034 5124//5124
f 5035//5035 5125//5125 5127//5127
f 5036//5036 5126//5126 5128//5128
f 5037//5037 5127//5127 5129//5129
f 5040//5040 5038//5038 5128//5128
f 5041//5041 5039//5039 5129//5129
f 5040//5040 5130//5130 5132//5132
f 5041//5041 5131//5131 5133//5133
f 5044//5044 5042//5042 5132//5132
f 5045//5045 5043//5043 5133//5133
f 5046//5046 5044//5044 5134//5134
f 5045//5045 5135//5135 5137//5137
f 5048//5048 5046//5046 5136//5136
f 5047//5047 5137//5137 5139//5139
f 5048//5048 5138//5138 5140//5140
f 4952//4952 4951//4951 5139//5139
f 4953//4953 4950//4950 5140//5140
f 4952//4952 5141//5141 5143//5143
f 4953//4953 5142//5142 5144//5144
f 4956//4956 4954//4954 5143//5143
f 4955//4955 5144//5144 5146//5146
f 4956//4956 5145//5145 5049//5049
f 4959//4959 4957//4957 5146//5146
f 5090//5090 5088//5088 5148//5148
f 5059//5059 5246//5246 5150//5150
f 5092//5092 5090//5090 5149//5149
f 5063//5063 5061//5061 5150//5150
f 5094//5094 5092//5092 5151//5151
f 5063//5063 5152//5152 5154//5154
f 5067//5067 5065//5065 5154//5154
f 5069//5069 5067//5067 5155//5155
f 5069//5069 5156//5156 5157//5157
f 5073//5073 5071//5071 5157//5157
f 5073//5073 5158//5158 5159//5159
f 5075//5075 5159//5159 5160//5160
f 5077//5077 5160//5160 5161//5161
f 5081//5081 5079//5079 5161//5161
f 5083//5083 5081//5081 5162//5162
f 5085//5085 5083//5083 5163//5163
f 5085//5085 5164//5164 5165//5165
f 5113//5113 5202//5202 5166//5166
f 5087//5087 5165//5165 5167//5167
f 5117//5117 5115//5115 5166//5166
f 5089//5089 5167//5167 5169//5169
f 5119//5119 5117//5117 5168//5168
f 5093//5093 5091//5091 5169//5169
f 5121//5121 5119//5119 5170//5170
f 5095//5095 5093//5093 5171//5171
f 5121//5121 5172//5172 5174//5174
f 5095//5095 5173//5173 5175//5175
f 5125//5125 5123//5123 5174//5174
f 5097//5097 5096//5096 5175//5175
f 5125//5125 5176//5176 5178//5178
f 5097//5097 5177//5177 5179//5179
f 5127//5127 5178//5178 5180//5180
f 5099//5099 5098//5098 5179//5179
f 5131//5131 5129//5129 5180//5180
f 5099//5099 5181//5181 5184//5184
f 5100//5100 5182//5182 5185//5185
f 5131//5131 5183//5183 5186//5186
f 5101//5101 5184//5184 5187//5187
f 5102//5102 5185//5185 5188//5188
f 5135//5135 5133//5133 5186//5186
f 5105//5105 5103//5103 5187//5187
f 5104//5104 5188//5188 5191//5191
f 5135//5135 5189//5189 5192//5192
f 5107//5107 5105//5105 5190//5190
f 5106//5106 5191//5191 5194//5194
f 5137//5137 5192//5192 5195//5195
f 5109//5109 5107//5107 5193//5193
f 5110//5110 5108//5108 5194//5194
f 5141//5141 5139//5139 5195//5195
f 5109//5109 5196//5196 5199//5199
f 5110//5110 5197//5197 5200//5200
f 5141//5141 5198//5198 5201//5201
f 5111//5111 5199//5199 5202//5202
f 5112//5112 5200//5200 5203//5203
f 5145//5145 5143//5143 5201//5201
f 5114//5114 5203//5203 5205//5205
f 5145//5145 5204//5204 5206//5206
f 5116//5116 5205//5205 5207//5207
f 5050//5050 5049//5049 5206//5206
f 5120//5120 5118//5118 5207//5207
f 5052//5052 5050//5050 5208//5208
f 5120//5120 5209//5209 5211//5211
f 5052//5052 5210//5210 5212//5212
f 5124//5124 5122//5122 5211//5211
f 5056//5056 5054//5054 5212//5212
f 5126//5126 5124//5124 5213//5213
f 5056//5056 5214//5214 5216//5216
f 5126//5126 5215//5215 5217//5217
f 5058//5058 5216//5216 5218//5218
f 5130//5130 5128//5128 5217//5217
f 5060//5060 5218//5218 5220//5220
f 5130//5130 5219//5219 5221//5221
f 5064//5064 5062//5062 5220//5220
f 5134//5134 5132//5132 5221//5221
f 5064//5064 5222//5222 5224//5224
f 5136//5136 5134//5134 5223//5223
f 5068//5068 5066//5066 5224//5224
f 5138//5138 5136//5136 5225//5225
f 5068//5068 5226//5226 5228//5228
f 5138//5138 5227//5227 5229//5229
f 5070//5070 5228//5228 5230//5230
f 5142//5142 5140//5140 5229//5229
f 5074//5074 5072//5072 5230//5230
f 5142//5142 5231//5231 5233//5233
f 5074//5074 5232//5232 5234//5234
f 5144//5144 5233//5233 5235//5235
f 5076//5076 5234//5234 5236//5236
f 5147//5147 5146//5146 5235//5235
f 5080//5080 5078//5078 5236//5236
f 5147//5147 5237//5237 5239//5239
f 5082//5082 5080//5080 5238//5238
f 5053//5053 5051//5051 5239//5239
f 5084//5084 5082//5082 5240//5240
f 5053//5053 5241//5241 5243//5243
f 5084//5084 5242//5242 5244//5244
f 5057//5057 5055//5055 5243//5243
f 5088//5088 5086//5086 5244//5244
f 5059//5059 5057//5057 5245//5245
f 5177//5177 5175//5175 64//64
f 5177//5177 67//67 69//69
f 5181//5181 5179//5179 69//69
f 5181//5181 71//71 76//76
f 5182//5182 72//72 77//77
f 5184//5184 76//76 80//80
f 5185//5185 77//77 82//82
f 5190//5190 5187//5187 80//80
f 5188//5188 82//82 86//86
f 5193//5193 5190//5190 83//83
f 5191//5191 86//86 89//89
f 5196//5196 5193//5193 87//87
f 5194//5194 89//89 93//93
f 5196//5196 91//91 96//96
f 5197//5197 93//93 98//98
f 5199//5199 96//96 100//100
f 5203//5203 5200//5200 98//98
f 5202//5202 100//100 104//104
f 5203//5203 102//102 106//106
f 5168//5168 5166//5166 104//104
f 5205//5205 106//106 110//110
f 5170//5170 5168//5168 107//107
f 5209//5209 5207//5207 110//110
f 5172//5172 5170//5170 111//111
f 5209//5209 114//114 117//117
f 5172//5172 116//116 120//120
f 5213//5213 5211//5211 117//117
f 5176//5176 5174//5174 120//120
f 5213//5213 121//121 126//126
f 5176//5176 123//123 127//127
f 5215//5215 126//126 130//130
f 5178//5178 127//127 132//132
f 5219//5219 5217//5217 130//130
f 5183//5183 5180//5180 132//132
f 5219//5219 133//133 137//137
f 5186//5186 5183//5183 135//135
f 5223//5223 5221//5221 137//137
f 5189//5189 5186//5186 140//140
f 5225//5225 5223//5223 141//141
f 5189//5189 143//143 147//147
f 5227//5227 5225//5225 145//145
f 5192//5192 147//147 152//152
f 5229//5229 5227//5227 149//149
f 5198//5198 5195//5195 152//152
f 5231//5231 5229//5229 154//154
f 5201//5201 5198//5198 155//155
f 5233//5233 5231//5231 158//158
f 5201//5201 159//159 164//164
f 5233//5233 161//161 166//166
f 5204//5204 164//164 167//167
f 5237//5237 5235//5235 166//166
f 5208//5208 5206//5206 167//167
f 5239//5239 5237//5237 170//170
f 5208//5208 172//172 176//176
f 5239//5239 174//174 178//178
f 5210//5210 176//176 179//179
f 5241//5241 178//178 182//182
f 5212//5212 179//179 183//183
f 5245//5245 5243//5243 182//182
f 5214//5214 183//183 187//187
f 5245//5245 185//185 189//189
f 5216//5216 187//187 191//191
f 5246//5246 189//189 194//194
f 5218//5218 191//191 196//196
f 5150//5150 194//194 198//198
f 5222//5222 5220//5220 196//196
f 5152//5152 198//198 200//200
f 5222//5222 199//199 1//1
f 5155//5155 5154//5154 200//200
f 5226//5226 5224//5224 1//1
f 5156//5156 5155//5155 4//4
f 5228//5228 5226//5226 7//7
f 5156//5156 10//10 14//14
f 5228//5228 11//11 16//16
f 5158//5158 5157//5157 14//14
f 5230//5230 16//16 19//19
f 5158//5158 18//18 22//22
f 5234//5234 5232//5232 19//19
f 5159//5159 22//22 26//26
f 5236//5236 5234//5234 23//23
f 5161//5161 5160//5160 26//26
f 5238//5238 5236//5236 27//27
f 5162//5162 5161//5161 29//29
f 5238//5238 32//32 36//36
f 5163//5163 5162//5162 33//33
f 5242//5242 5240//5240 36//36
f 5164//5164 5163//5163 37//37
f 5244//5244 5242//5242 39//39
f 5164//5164 42//42 46//46
f 5148//5148 5244//5244 44//44
f 5165//5165 46//46 50//50
f 5148//5148 48//48 51//51
f 5167//5167 50//50 54//54
f 5149//5149 51//51 55//55
f 5171//5171 5169//5169 54//54
f 5153//5153 5151//5151 55//55
f 5171//5171 57//57 62//62
f 5173//5173 62//62 64//64
f 2712//2712 5251//5251 2718//2718
f 2718//2718 2717//2717 2712//2712
f 2717//2717 2720//2720 2712//2712
f 2720//2720 2864//2864 2727//2727
f 2727//2727 2726//2726 2728//2728
f 2728//2728 2869//2869 2732//2732
f 2732//2732 2734//2734 2736//2736
f 2736//2736 2876//2876 2741//2741
f 2876//2876 2878//2878 2741//2741
f 2741//2741 2743//2743 2747//2747
f 2728//2728 2732//2732 2736//2736
f 2720//2720 2727//2727 2712//2712
f 2727//2727 2728//2728 2712//2712
f 2707//2707 2711//2711 2708//2708
f 2711//2711 2712//2712 2708//2708
f 2848//2848 2847//2847 2708//2708
f 2728//2728 2736//2736 2712//2712
f 2736//2736 2741//2741 2712//2712
f 2741//2741 2747//2747 2753//2753
f 2747//2747 2749//2749 2753//2753
f 2753//2753 2889//2889 2755//2755
f 2848//2848 2708//2708 2741//2741
f 2708//2708 2712//2712 2741//2741
f 2697//2697 2701//2701 2690//2690
f 2701//2701 2848//2848 2690//2690
f 2690//2690 2694//2694 2697//2697
f 2686//2686 2685//2685 2690//2690
f 2681//2681 5250//5250 2686//2686
f 2678//2678 2677//2677 2681//2681
f 2672//2672 5253//5253 2678//2678
f 2669//2669 2671//2671 2672//2672
f 2952//2952 2834//2834 2672//2672
f 2834//2834 2669//2669 2672//2672
f 2947//2947 2949//2949 2827//2827
f 2949//2949 2952//2952 2827//2827
f 2823//2823 2822//2822 2827//2827
f 2672//2672 2678//2678 2681//2681
f 2681//2681 2686//2686 2690//2690
f 2741//2741 2753//2753 2755//2755
f 2755//2755 2757//2757 2761//2761
f 2761//2761 2765//2765 2776//2776
f 2765//2765 2769//2769 2776//2776
f 2769//2769 2774//2774 2776//2776
f 2776//2776 2904//2904 2907//2907
f 2907//2907 2909//2909 2783//2783
f 2783//2783 2785//2785 2787//2787
f 2787//2787 2789//2789 2783//2783
f 2789//2789 2793//2793 2783//2783
f 2793//2793 2921//2921 2925//2925
f 2798//2798 2800//2800 2803//2803
f 2793//2793 2925//2925 2798//2798
f 2776//2776 2907//2907 2783//2783
f 2741//2741 2755//2755 2690//2690
f 2755//2755 2761//2761 2690//2690
f 2690//2690 2848//2848 2741//2741
f 2672//2672 2681//2681 2827//2827
f 2681//2681 2690//2690 2827//2827
f 2827//2827 2952//2952 2672//2672
f 5252//5252 2823//2823 2820//2820
f 2823//2823 2827//2827 2820//2820
f 2814//2814 2818//2818 2820//2820
f 2761//2761 2776//2776 2783//2783
f 2783//2783 2793//2793 2798//2798
f 2798//2798 2803//2803 2805//2805
f 2805//2805 2931//2931 2806//2806
f 2806//2806 2808//2808 2809//2809
f 2809//2809 2934//2934 2810//2810
f 2810//2810 2812//2812 2819//2819
f 2812//2812 2816//2816 2819//2819
f 2819//2819 2940//2940 2942//2942
f 2806//2806 2809//2809 2798//2798
f 2809//2809 2810//2810 2798//2798
f 2798//2798 2805//2805 2806//2806
f 2761//2761 2783//2783 2827//2827
f 2783//2783 2798//2798 2827//2827
f 2827//2827 2690//2690 2761//2761
f 2814//2814 2820//2820 2493//2493
f 2820//2820 2827//2827 2493//2493
f 2493//2493 73//73 2814//2814
f 2497//2497 2495//2495 2493//2493
f 2500//2500 2643//2643 2497//2497
f 2504//2504 2503//2503 2500//2500
f 2508//2508 2645//2645 2504//2504
f 2511//2511 2510//2510 2508//2508
f 2515//2515 2647//2647 2511//2511
f 2518//2518 2517//2517 2520//2520
f 2517//2517 2515//2515 2520//2520
f 2523//2523 2651//2651 2520//2520
f 2515//2515 2511//2511 2508//2508
f 2508//2508 2504//2504 2500//2500
f 2500//2500 2497//2497 2827//2827
f 2497//2497 2493//2493 2827//2827
f 2810//2810 2819//2819 2824//2824
f 2819//2819 2942//2942 2824//2824
f 2824//2824 2826//2826 2829//2829
f 2827//2827 2798//2798 2824//2824
f 2798//2798 2810//2810 2824//2824
f 2515//2515 2508//2508 2827//2827
f 2508//2508 2500//2500 2827//2827
f 2523//2523 2520//2520 2526//2526
f 2520//2520 2515//2515 2526//2526
f 2526//2526 2525//2525 2523//2523
f 2529//2529 2652//2652 2526//2526
f 2531//2531 2532//2532 2529//2529
f 2538//2538 2535//2535 2531//2531
f 2657//2657 2655//2655 2538//2538
f 2546//2546 2660//2660 2657//2657
f 2548//2548 2549//2549 2546//2546
f 2663//2663 2551//2551 2555//2555
f 2551//2551 2548//2548 2555//2555
f 2557//2557 2558//2558 2555//2555
f 2548//2548 2546//2546 2555//2555
f 2546//2546 2657//2657 2555//2555
f 2657//2657 2538//2538 2526//2526
f 2538//2538 2531//2531 2526//2526
f 2531//2531 2529//2529 2526//2526
f 2824//2824 2829//2829 2831//2831
f 2831//2831 2832//2832 2959//2959
f 2832//2832 2954//2954 2959//2959
f 2954//2954 2957//2957 2959//2959
f 2959//2959 2673//2673 2683//2683
f 2673//2673 2675//2675 2683//2683
f 2675//2675 2680//2680 2683//2683
f 2683//2683 2688//2688 2695//2695
f 2688//2688 2692//2692 2695//2695
f 2695//2695 2842//2842 2698//2698
f 2827//2827 2824//2824 2831//2831
f 2526//2526 2515//2515 2831//2831
f 2515//2515 2827//2827 2831//2831
f 2666//2666 2557//2557 2564//2564
f 2557//2557 2555//2555 2564//2564
f 2564//2564 2668//2668 2666//2666
f 2567//2567 2566//2566 2564//2564
f 2572//2572 2569//2569 2567//2567
f 2623//2623 2621//2621 2572//2572
f 2579//2579 2626//2626 2623//2623
f 2582//2582 2581//2581 2579//2579
f 2585//2585 2629//2629 2582//2582
f 2589//2589 2588//2588 2585//2585
f 2592//2592 2630//2630 2589//2589
f 2594//2594 5248//5248 2592//2592
f 2600//2600 2597//2597 2594//2594
f 2635//2635 2633//2633 2600//2600
f 2638//2638 2636//2636 2600//2600
f 2636//2636 2635//2635 2600//2600
f 2614//2614 2610//2610 2617//2617
f 2610//2610 2638//2638 2617//2617
f 2617//2617 2613//2613 2614//2614
f 2479//2479 2640//2640 2617//2617
f 2483//2483 2482//2482 2479//2479
f 2487//2487 2486//2486 2488//2488
f 2486//2486 2483//2483 2488//2488
f 2490//2490 2642//2642 2488//2488
f 2483//2483 2479//2479 2617//2617
f 2600//2600 2594//2594 2592//2592
f 2592//2592 2589//2589 2585//2585
f 2585//2585 2582//2582 2592//2592
f 2582//2582 2579//2579 2592//2592
f 2579//2579 2623//2623 2572//2572
f 2572//2572 2567//2567 2564//2564
f 2555//2555 2657//2657 2526//2526
f 2831//2831 2959//2959 2526//2526
f 2959//2959 2683//2683 2526//2526
f 2683//2683 2695//2695 2698//2698
f 2698//2698 2700//2700 2703//2703
f 2703//2703 2705//2705 2709//2709
f 2709//2709 2852//2852 2855//2855
f 2855//2855 2713//2713 2719//2719
f 2713//2713 2715//2715 2719//2719
f 2719//2719 2860//2860 2721//2721
f 2703//2703 2709//2709 2719//2719
f 2709//2709 2855//2855 2719//2719
f 2683//2683 2698//2698 2526//2526
f 2698//2698 2703//2703 2526//2526
f 2564//2564 2555//2555 2526//2526
f 2579//2579 2572//2572 2564//2564
f 2638//2638 2600//2600 2579//2579
f 2600//2600 2592//2592 2579//2579
f 2483//2483 2617//2617 2490//2490
f 2617//2617 2638//2638 2490//2490
f 2490//2490 2488//2488 2483//2483
f 2492//2492 2491//2491 2490//2490
f 2496//2496 2494//2494 2490//2490
f 2494//2494 2492//2492 2490//2490
f 2644//2644 2498//2498 2502//2502
f 2498//2498 2496//2496 2502//2502
f 2506//2506 2505//2505 2502//2502
f 2579//2579 2564//2564 2526//2526
f 2719//2719 2721//2721 2724//2724
f 2721//2721 2723//2723 2724//2724
f 2724//2724 2866//2866 2731//2731
f 2526//2526 2703//2703 2719//2719
f 2638//2638 2579//2579 2719//2719
f 2579//2579 2526//2526 2719//2719
f 2496//2496 2490//2490 2638//2638
f 2506//2506 2502//2502 2638//2638
f 2502//2502 2496//2496 2638//2638
f 2646//2646 2509//2509 2649//2649
f 2509//2509 2506//2506 2649//2649
f 2649//2649 2648//2648 2646//2646
f 2521//2521 2650//2650 2649//2649
f 2524//2524 5247//5247 2521//2521
f 2530//2530 2527//2527 2524//2524
f 2534//2534 2653//2653 2530//2530
f 2537//2537 2536//2536 2534//2534
f 2540//2540 2654//2654 2537//2537
f 2543//2543 2542//2542 2540//2540
f 2661//2661 2658//2658 2543//2543
f 2550//2550 2662//2662 2661//2661
f 2553//2553 2552//2552 2550//2550
f 2559//2559 2556//2556 2553//2553
f 2667//2667 2664//2664 2559//2559
f 2565//2565 2563//2563 2568//2568
f 2563//2563 2667//2667 2568//2568
f 2571//2571 2620//2620 2568//2568
f 2667//2667 2559//2559 2661//2661
f 2559//2559 2553//2553 2661//2661
f 2553//2553 2550//2550 2661//2661
f 2661//2661 2543//2543 2534//2534
f 2543//2543 2540//2540 2534//2534
f 2540//2540 2537//2537 2534//2534
f 2534//2534 2530//2530 2524//2524
f 2524//2524 2521//2521 2534//2534
f 2521//2521 2649//2649 2534//2534
f 2719//2719 2724//2724 2638//2638
f 2724//2724 2731//2731 2638//2638
f 2731//2731 2730//2730 2738//2738
f 2730//2730 2735//2735 2738//2738
f 2735//2735 2874//2874 2738//2738
f 2738//2738 2737//2737 2745//2745
f 2737//2737 2740//2740 2745//2745
f 2745//2745 2882//2882 2885//2885
f 2649//2649 2506//2506 2638//2638
f 2571//2571 2568//2568 2667//2667
f 2574//2574 2573//2573 2576//2576
f 2573//2573 2571//2571 2576//2576
f 2627//2627 2624//2624 2576//2576
f 2571//2571 2667//2667 2661//2661
f 2661//2661 2534//2534 2571//2571
f 2534//2534 2649//2649 2571//2571
f 2649//2649 2638//2638 2745//2745
f 2638//2638 2731//2731 2745//2745
f 2731//2731 2738//2738 2745//2745
f 2745//2745 2885//2885 2751//2751
f 2751//2751 2750//2750 2754//2754
f 2754//2754 2759//2759 2763//2763
f 2763//2763 2767//2767 2754//2754
f 2767//2767 2897//2897 2754//2754
f 2897//2897 2771//2771 2775//2775
f 2771//2771 2770//2770 2775//2775
f 2775//2775 2902//2902 2778//2778
f 2745//2745 2751//2751 2897//2897
f 2751//2751 2754//2754 2897//2897
f 2627//2627 2576//2576 2583//2583
f 2576//2576 2571//2571 2583//2583
f 2583//2583 2628//2628 2627//2627
f 2587//2587 2586//2586 2583//2583
f 2593//2593 2590//2590 2587//2587
f 2596//2596 2631//2631 2593//2593
f 2599//2599 2598//2598 2596//2596
f 2602//2602 2632//2632 2599//2599
f 2604//2604 5249//5249 2602//2602
f 2637//2637 2606//2606 2609//2609
f 2606//2606 2604//2604 2609//2609
f 2612//2612 2611//2611 2609//2609
f 2604//2604 2602//2602 2609//2609
f 2602//2602 2599//2599 2609//2609
f 2599//2599 2596//2596 2593//2593
f 2593//2593 2587//2587 2583//2583
f 2571//2571 2649//2649 2583//2583
f 2649//2649 2745//2745 2583//2583
f 2897//2897 2775//2775 2745//2745
f 2775//2775 2778//2778 2745//2745
f 2778//2778 2777//2777 2780//2780
f 2780//2780 2782//2782 2778//2778
f 2782//2782 2911//2911 2778//2778
f 2911//2911 2913//2913 2791//2791
f 2913//2913 2916//2916 2791//2791
f 2791//2791 2790//2790 2794//2794
f 2599//2599 2593//2593 2609//2609
f 2593//2593 2583//2583 2609//2609
f 2639//2639 2612//2612 2609//2609
f 2618//2618 2616//2616 2609//2609
f 2616//2616 2639//2639 2609//2609
f 2641//2641 2619//2619 2481//2481
f 2619//2619 2618//2618 2481//2481
f 2485//2485 2484//2484 2481//2481
f 2583//2583 2745//2745 2791//2791
f 2745//2745 2778//2778 2791//2791
f 2778//2778 2911//2911 2791//2791
f 2791//2791 2794//2794 2796//2796
f 2794//2794 2923//2923 2796//2796
f 2796//2796 2795//2795 2801//2801
f 2618//2618 2609//2609 2791//2791
f 2609//2609 2583//2583 2791//2791
f 2485//2485 2481//2481 2801//2801
f 2481//2481 2618//2618 2801//2801
f 2801//2801 63//63 2485//2485
f 2791//2791 2796//2796 2618//2618
# Vertices: 5253, normals: 5253, texture coordinates: 0, faces: 10502

