# https://github.com/mikedh/trimesh

o obj1
v 0.00000000 0.04455035 0.02269955
v 0.00151250 0.04381535 0.02404015
v 0.00142530 0.04455035 0.02265475
v 0.00000000 -0.02408770 0.04381535
v 0.00270230 -0.02545205 0.04295220
v 0.00275120 -0.02408770 0.04372885
v 0.00000000 0.04524135 0.02128895
v 0.00133675 0.04524135 0.02124695
v 0.00279735 -0.02269955 0.04446240
v 0.00000000 -0.02269955 0.04455035
v 0.00000000 0.04588775 0.01985740
v 0.00124685 0.04588775 0.01981820
v 0.00284075 -0.02128895 0.04515210
v 0.00000000 -0.02128895 0.04524135
v 0.00115575 0.04648880 0.01836990
v 0.00000000 0.04648880 0.01840620
v 0.00288130 -0.01985740 0.04579720
v 0.00000000 -0.01985740 0.04588775
v 0.00000000 0.04704405 0.01693690
v 0.00106350 0.04704405 0.01690345
v 0.00291905 -0.01840620 0.04639710
v 0.00000000 -0.01840620 0.04648880
v 0.00000000 0.04755285 0.01545085
v 0.00097015 0.04755285 0.01542035
v 0.00295390 -0.01693690 0.04695120
v 0.00000000 -0.01693690 0.04704405
v 0.00000000 0.04801470 0.01394955
v 0.00087590 0.04801470 0.01392205
v 0.00000000 -0.01545085 0.04755285
v 0.00298585 -0.01545085 0.04745900
v 0.00078075 0.04842915 0.01240995
v 0.00000000 0.04842915 0.01243450
v 0.00000000 -0.01394955 0.04801470
v 0.00301485 -0.01394955 0.04791995
v 0.00068485 0.04879585 0.01088565
v 0.00000000 0.04879585 0.01090715
v 0.00000000 -0.01243450 0.04842915
v 0.00304090 -0.01243450 0.04833360
v 0.00000000 0.04911435 0.00936905
v 0.00058830 0.04911435 0.00935055
v 0.00306390 -0.01090715 0.04869955
v 0.00000000 -0.01090715 0.04879585
v 0.00049115 0.04938440 0.00780630
v 0.00000000 0.04938440 0.00782170
v 0.00308390 -0.00936905 0.04901745
v 0.00000000 -0.00936905 0.04911435
v 0.00039350 0.04960575 0.00625430
v 0.00000000 0.04960575 0.00626665
v 0.00310085 -0.00782170 0.04928695
v 0.00000000 -0.00782170 0.04938440
v 0.00000000 0.04977810 0.00470540
v 0.00029545 0.04977810 0.00469615
v 0.00311475 -0.00626665 0.04950785
v 0.00000000 -0.00626665 0.04960580
v 0.00000000 0.04990135 0.00313950
v 0.00019715 0.04990135 0.00313335
v 0.00000000 -0.00470540 0.04977810
v 0.00312560 -0.00470540 0.04967985
v 0.00009860 0.04997530 0.00156745
v 0.00000000 0.04997530 0.00157055
v 0.00313335 -0.00313950 0.04980285
v 0.00000000 -0.00313950 0.04990135
v 0.00000000 0.05000000 0.00000000
v 0.00000000 -0.00157055 0.04997530
v 0.00313800 -0.00157055 0.04987670
v 0.00313955 0.00000000 0.04990135
v 0.00000000 0.00000000 0.05000000
v 0.00313800 0.00157055 0.04987670
v 0.00000000 0.00157055 0.04997530
v 0.00313335 0.00313955 0.04980285
v 0.00000000 0.00313955 0.04990135
v 0.00000000 -0.04997530 0.00157055
v 0.00000000 -0.05000000 0.00000000
v 0.00009860 -0.04997530 0.00156745
v 0.00312560 0.00470540 0.04967985
v 0.00000000 0.00470540 0.04977810
v 0.00000000 -0.04990135 0.00313955
v 0.00019715 -0.04990135 0.00313335
v 0.00311475 0.00626665 0.04950785
v 0.00000000 0.00626665 0.04960580
v 0.00029545 -0.04977810 0.00469615
v 0.00000000 -0.04977810 0.00470540
v 0.00000000 0.00782175 0.04938440
v 0.00310085 0.00782175 0.04928695
v 0.00039350 -0.04960575 0.00625430
v 0.00000000 -0.04960575 0.00626665
v 0.00000000 0.00936905 0.04911435
v 0.00308390 0.00936905 0.04901745
v 0.00000000 -0.04938440 0.00782170
v 0.00049115 -0.04938440 0.00780630
v 0.00000000 0.01090715 0.04879585
v 0.00306390 0.01090715 0.04869955
v 0.00000000 -0.04911435 0.00936905
v 0.00058830 -0.04911435 0.00935060
v 0.00304090 0.01243450 0.04833360
v 0.00000000 0.01243450 0.04842915
v 0.00068485 -0.04879585 0.01088565
v 0.00000000 -0.04879585 0.01090715
v 0.00301485 0.01394955 0.04791995
v 0.00000000 0.01394955 0.04801470
v 0.00078075 -0.04842915 0.01240995
v 0.00000000 -0.04842915 0.01243450
v 0.00298585 0.01545085 0.04745900
v 0.00000000 0.01545085 0.04755285
v 0.00087590 -0.04801470 0.01392205
v 0.00000000 -0.04801470 0.01394955
v 0.00000000 0.01693690 0.04704405
v 0.00295390 0.01693690 0.04695120
v 0.00097015 -0.04755285 0.01542035
v 0.00000000 -0.04755285 0.01545085
v 0.00000000 0.01840625 0.04648880
v 0.00291905 0.01840625 0.04639710
v 0.00106350 -0.04704405 0.01690350
v 0.00000000 -0.04704405 0.01693690
v 0.00288130 0.01985740 0.04579720
v 0.00000000 0.01985740 0.04588775
v 0.00000000 -0.04648880 0.01840625
v 0.00115575 -0.04648880 0.01836990
v 0.00284075 0.02128895 0.04515210
v 0.00000000 0.02128895 0.04524135
v 0.00000000 -0.04588775 0.01985740
v 0.00124685 -0.04588775 0.01981820
v 0.00000000 0.02269955 0.04455035
v 0.00279735 0.02269955 0.04446240
v 0.00133675 -0.04524135 0.02124695
v 0.00000000 -0.04524135 0.02128895
v 0.00000000 0.02408770 0.04381535
v 0.00275120 0.02408770 0.04372885
v 0.00142530 -0.04455035 0.02265475
v 0.00000000 -0.04455035 0.02269955
v 0.00270230 0.02545205 0.04295220
v 0.00000000 0.02545205 0.04303710
v 0.00000000 -0.04381535 0.02408770
v 0.00151250 -0.04381535 0.02404015
v 0.00000000 0.02679135 0.04221640
v 0.00265080 0.02679135 0.04213310
v 0.00000000 -0.04303710 0.02545205
v 0.00159815 -0.04303710 0.02540185
v 0.00259665 0.02810415 0.04127245
v 0.00000000 0.02810415 0.04135405
v 0.00000000 -0.04221640 0.02679135
v 0.00168225 -0.04221640 0.02673850
v 0.00000000 0.02938925 0.04045090
v 0.00253995 0.02938925 0.04037105
v 0.00000000 -0.04135405 0.02810415
v 0.00176470 -0.04135405 0.02804870
v 0.00000000 0.03064535 0.03950775
v 0.00248070 0.03064535 0.03942980
v 0.00000000 -0.04045085 0.02938925
v 0.00184535 -0.04045085 0.02933125
v 0.00241905 0.03187120 0.03844965
v 0.00000000 0.03187120 0.03852565
v 0.00192425 -0.03950775 0.03058490
v 0.00000000 -0.03950775 0.03064535
v 0.00000000 0.03306560 0.03750555
v 0.00235500 0.03306560 0.03743155
v 0.00200120 -0.03852565 0.03180830
v 0.00000000 -0.03852565 0.03187120
v 0.00000000 0.03422735 0.03644845
v 0.00228860 0.03422735 0.03637650
v 0.00000000 -0.03750555 0.03306560
v 0.00207620 -0.03750555 0.03300035
v 0.00222000 0.03535535 0.03528555
v 0.00000000 0.03535535 0.03535535
v 0.00214915 -0.03644845 0.03415980
v 0.00000000 -0.03644845 0.03422740
v 0.00000000 0.03644845 0.03422735
v 0.00214915 0.03644845 0.03415980
v 0.00222000 -0.03535535 0.03528555
v 0.00000000 -0.03535535 0.03535535
v 0.00207620 0.03750555 0.03300035
v 0.00000000 0.03750555 0.03306560
v 0.00228860 -0.03422735 0.03637650
v 0.00000000 -0.03422735 0.03644845
v 0.00200120 0.03852565 0.03180830
v 0.00000000 0.03852565 0.03187120
v 0.00235500 -0.03306560 0.03743155
v 0.00000000 -0.03306560 0.03750555
v 0.00000000 0.03950775 0.03064535
v 0.00192425 0.03950775 0.03058490
v 0.00241905 -0.03187120 0.03844965
v 0.00000000 -0.03187120 0.03852565
v 0.00000000 0.04045085 0.02938925
v 0.00184535 0.04045085 0.02933125
v 0.00000000 -0.03064535 0.03950770
v 0.00248070 -0.03064535 0.03942980
v 0.00000000 0.04135405 0.02810415
v 0.00176470 0.04135405 0.02804870
v 0.00000000 -0.02938925 0.04045085
v 0.00253995 -0.02938925 0.04037105
v 0.00000000 0.04221640 0.02679135
v 0.00168225 0.04221640 0.02673845
v 0.00259665 -0.02810415 0.04127245
v 0.00000000 -0.02810415 0.04135405
v 0.00159815 0.04303710 0.02540185
v 0.00000000 0.04303710 0.02545205
v 0.00265080 -0.02679135 0.04213310
v 0.00000000 -0.02679135 0.04221640
v 0.00000000 0.04381535 0.02408770
v 0.00000000 -0.02545205 0.04303710
v 0.00567025 -0.02128895 0.04488460
v 0.00230690 0.04648880 0.01826110
v 0.00575125 -0.01985740 0.04552590
v 0.00212275 0.04704405 0.01680335
v 0.00582660 -0.01840620 0.04612225
v 0.00193650 0.04755285 0.01532900
v 0.00589620 -0.01693690 0.04667310
v 0.00174835 0.04801470 0.01383955
v 0.00595995 -0.01545085 0.04717785
v 0.00155845 0.04842915 0.01233645
v 0.00601785 -0.01394955 0.04763605
v 0.00136705 0.04879585 0.01082115
v 0.00606980 -0.01243450 0.04804730
v 0.00117425 0.04911435 0.00929520
v 0.00611575 -0.01090715 0.04841105
v 0.00098030 0.04938440 0.00776005
v 0.00615565 -0.00936905 0.04872710
v 0.00078540 0.04960575 0.00621725
v 0.00618950 -0.00782170 0.04899500
v 0.00058975 0.04977810 0.00466830
v 0.00621725 -0.00626665 0.04921460
v 0.00039350 0.04990135 0.00311475
v 0.00623885 -0.00470540 0.04938560
v 0.00019685 0.04997530 0.00155815
v 0.00625430 -0.00313950 0.04950785
v 0.00626355 -0.00157055 0.04958125
v 0.00626665 0.00000000 0.04960575
v 0.00626355 0.00157055 0.04958125
v 0.00625430 0.00313955 0.04950785
v 0.00019685 -0.04997530 0.00155815
v 0.00623885 0.00470540 0.04938560
v 0.00039350 -0.04990135 0.00311475
v 0.00621725 0.00626665 0.04921460
v 0.00058975 -0.04977810 0.00466830
v 0.00618950 0.00782175 0.04899500
v 0.00078540 -0.04960575 0.00621725
v 0.00615565 0.00936905 0.04872710
v 0.00098030 -0.04938440 0.00776005
v 0.00611575 0.01090715 0.04841105
v 0.00117425 -0.04911435 0.00929520
v 0.00606980 0.01243450 0.04804730
v 0.00136705 -0.04879585 0.01082115
v 0.00601785 0.01394955 0.04763605
v 0.00155845 -0.04842915 0.01233645
v 0.00595995 0.01545085 0.04717785
v 0.00174835 -0.04801470 0.01383955
v 0.00589620 0.01693690 0.04667310
v 0.00193650 -0.04755285 0.01532900
v 0.00582660 0.01840625 0.04612225
v 0.00212275 -0.04704405 0.01680335
v 0.00575125 0.01985740 0.04552590
v 0.00230690 -0.04648880 0.01826110
v 0.00567025 0.02128895 0.04488460
v 0.00248880 -0.04588775 0.01970080
v 0.00558365 0.02269955 0.04419905
v 0.00266820 -0.04524135 0.02112110
v 0.00549150 0.02408770 0.04346985
v 0.00284500 -0.04455035 0.02252055
v 0.00539400 0.02545205 0.04269775
v 0.00301900 -0.04381535 0.02389775
v 0.00529110 0.02679135 0.04188350
v 0.00319000 -0.04303710 0.02525140
v 0.00518305 0.02810415 0.04102795
v 0.00335785 -0.04221640 0.02658010
v 0.00506985 0.02938925 0.04013190
v 0.00352240 -0.04135405 0.02788255
v 0.00495165 0.03064535 0.03919620
v 0.00368345 -0.04045085 0.02915750
v 0.00482855 0.03187120 0.03822185
v 0.00384090 -0.03950775 0.03040370
v 0.00470070 0.03306560 0.03720980
v 0.00399450 -0.03852565 0.03161990
v 0.00456820 0.03422735 0.03616100
v 0.00414420 -0.03750555 0.03280485
v 0.00443120 0.03535535 0.03507655
v 0.00428980 -0.03644845 0.03395745
v 0.00428980 0.03644845 0.03395745
v 0.00443120 -0.03535535 0.03507655
v 0.00414420 0.03750555 0.03280485
v 0.00456820 -0.03422735 0.03616105
v 0.00399450 0.03852565 0.03161990
v 0.00470070 -0.03306560 0.03720980
v 0.00384090 0.03950775 0.03040370
v 0.00482855 -0.03187120 0.03822190
v 0.00368345 0.04045085 0.02915750
v 0.00495165 -0.03064535 0.03919620
v 0.00352240 0.04135405 0.02788255
v 0.00506985 -0.02938925 0.04013190
v 0.00335785 0.04221640 0.02658010
v 0.00518305 -0.02810415 0.04102795
v 0.00319000 0.04303710 0.02525135
v 0.00529110 -0.02679135 0.04188350
v 0.00301900 0.04381535 0.02389775
v 0.00539400 -0.02545205 0.04269775
v 0.00284500 0.04455035 0.02252055
v 0.00549150 -0.02408770 0.04346985
v 0.00266820 0.04524135 0.02112110
v 0.00558365 -0.02269955 0.04419905
v 0.00248880 0.04588775 0.01970080
v 0.00233000 0.04842915 0.01221425
v 0.00899705 -0.01394955 0.04716420
v 0.00204380 0.04879585 0.01071395
v 0.00907470 -0.01243450 0.04757135
v 0.00175560 0.04911435 0.00920310
v 0.00914345 -0.01090715 0.04793150
v 0.00146565 0.04938440 0.00768320
v 0.00920310 -0.00936905 0.04824440
v 0.00117425 0.04960575 0.00615565
v 0.00925370 -0.00782170 0.04850970
v 0.00088170 0.04977810 0.00462205
v 0.00929520 -0.00626665 0.04872710
v 0.00058830 0.04990135 0.00308390
v 0.00932750 -0.00470540 0.04889640
v 0.00029430 0.04997530 0.00154270
v 0.00935060 -0.00313950 0.04901745
v 0.00936445 -0.00157055 0.04909010
v 0.00936905 0.00000000 0.04911435
v 0.00936445 0.00157055 0.04909010
v 0.00935060 0.00313955 0.04901745
v 0.00029430 -0.04997530 0.00154270
v 0.00932750 0.00470540 0.04889640
v 0.00058830 -0.04990135 0.00308390
v 0.00929520 0.00626665 0.04872710
v 0.00088170 -0.04977810 0.00462205
v 0.00925370 0.00782175 0.04850970
v 0.00117425 -0.04960575 0.00615565
v 0.00920310 0.00936905 0.04824440
v 0.00146565 -0.04938440 0.00768320
v 0.00914345 0.01090715 0.04793150
v 0.00175560 -0.04911435 0.00920310
v 0.00907470 0.01243450 0.04757135
v 0.00204380 -0.04879585 0.01071395
v 0.00899705 0.01394955 0.04716420
v 0.00233000 -0.04842915 0.01221425
v 0.00891050 0.01545085 0.04671055
v 0.00261390 -0.04801470 0.01370245
v 0.00881515 0.01693690 0.04621075
v 0.00289520 -0.04755285 0.01517720
v 0.00871115 0.01840625 0.04566540
v 0.00317365 -0.04704405 0.01663690
v 0.00859850 0.01985740 0.04507495
v 0.00344900 -0.04648880 0.01808020
v 0.00847740 0.02128895 0.04444000
v 0.00372090 -0.04588775 0.01950565
v 0.00834790 0.02269955 0.04376120
v 0.00398915 -0.04524135 0.02091190
v 0.00821015 0.02408770 0.04303925
v 0.00425345 -0.04455035 0.02229745
v 0.00806435 0.02545205 0.04227480
v 0.00451360 -0.04381535 0.02366105
v 0.00791055 0.02679135 0.04146865
v 0.00476925 -0.04303710 0.02500125
v 0.00774895 0.02810415 0.04062155
v 0.00502020 -0.04221640 0.02631680
v 0.00757975 0.02938925 0.03973435
v 0.00526620 -0.04135405 0.02760635
v 0.00740300 0.03064535 0.03880795
v 0.00550700 -0.04045085 0.02886870
v 0.00721900 0.03187120 0.03784325
v 0.00574235 -0.03950775 0.03010255
v 0.00702785 0.03306560 0.03684125
v 0.00597205 -0.03852565 0.03130670
v 0.00682975 0.03422735 0.03580285
v 0.00619585 -0.03750555 0.03247990
v 0.00662495 0.03535535 0.03472910
v 0.00641355 -0.03644845 0.03362110
v 0.00641355 0.03644845 0.03362110
v 0.00662495 -0.03535535 0.03472910
v 0.00619585 0.03750555 0.03247990
v 0.00682975 -0.03422735 0.03580285
v 0.00597205 0.03852565 0.03130665
v 0.00702785 -0.03306560 0.03684125
v 0.00574235 0.03950775 0.03010255
v 0.00721900 -0.03187120 0.03784325
v 0.00550700 0.04045085 0.02886870
v 0.00740300 -0.03064535 0.03880795
v 0.00526620 0.04135405 0.02760635
v 0.00757975 -0.02938925 0.03973435
v 0.00502020 0.04221640 0.02631680
v 0.00774895 -0.02810415 0.04062155
v 0.00476925 0.04303710 0.02500125
v 0.00791055 -0.02679135 0.04146865
v 0.00451360 0.04381535 0.02366100
v 0.00806435 -0.02545205 0.04227480
v 0.00425345 0.04455035 0.02229745
v 0.00821015 -0.02408770 0.04303925
v 0.00398915 0.04524135 0.02091190
v 0.00834790 -0.02269955 0.04376120
v 0.00372090 0.04588775 0.01950565
v 0.00847740 -0.02128895 0.04444000
v 0.00344900 0.04648880 0.01808020
v 0.00859850 -0.01985740 0.04507495
v 0.00317365 0.04704405 0.01663690
v 0.00871115 -0.01840620 0.04566540
v 0.00289520 0.04755285 0.01517715
v 0.00881515 -0.01693690 0.04621075
v 0.00261390 0.04801470 0.01370245
v 0.00891050 -0.01545085 0.04671055
v 0.00117020 0.04977810 0.00455760
v 0.01228140 -0.00782170 0.04783290
v 0.01233645 -0.00626665 0.04804730
v 0.00078075 0.04990135 0.00304090
v 0.01237930 -0.00470540 0.04821425
v 0.00039060 0.04997530 0.00152120
v 0.01240995 -0.00313950 0.04833360
v 0.01242835 -0.00157055 0.04840525
v 0.01243450 0.00000000 0.04842915
v 0.01242835 0.00157055 0.04840525
v 0.01240995 0.00313955 0.04833360
v 0.00039060 -0.04997530 0.00152120
v 0.01237930 0.00470540 0.04821425
v 0.00078075 -0.04990135 0.00304090
v 0.01233645 0.00626665 0.04804730
v 0.00117020 -0.04977810 0.00455760
v 0.01228140 0.00782175 0.04783290
v 0.00155845 -0.04960575 0.00606980
v 0.01221425 0.00936905 0.04757135
v 0.00194520 -0.04938440 0.00757600
v 0.01213505 0.01090715 0.04726280
v 0.00233000 -0.04911435 0.00907470
v 0.01204385 0.01243450 0.04690765
v 0.00271250 -0.04879585 0.01056450
v 0.01194075 0.01394955 0.04650620
v 0.00309235 -0.04842915 0.01204385
v 0.01182590 0.01545085 0.04605885
v 0.00346910 -0.04801470 0.01351130
v 0.01169940 0.01693690 0.04556605
v 0.00384245 -0.04755285 0.01496545
v 0.01156130 0.01840625 0.04502830
v 0.00421205 -0.04704405 0.01640480
v 0.01141180 0.01985740 0.04444610
v 0.00457745 -0.04648880 0.01782795
v 0.01125105 0.02128895 0.04382000
v 0.00493835 -0.04588775 0.01923355
v 0.01107920 0.02269955 0.04315070
v 0.00529435 -0.04524135 0.02062015
v 0.01089645 0.02408770 0.04243880
v 0.00564515 -0.04455035 0.02198640
v 0.01070290 0.02545205 0.04168500
v 0.00599035 -0.04381535 0.02333095
v 0.01049880 0.02679135 0.04089010
v 0.00632965 -0.04303710 0.02465245
v 0.01028435 0.02810415 0.04005480
v 0.00666275 -0.04221640 0.02594965
v 0.01005970 0.02938925 0.03918000
v 0.00698920 -0.04135405 0.02722120
v 0.00982520 0.03064535 0.03826655
v 0.00730880 -0.04045085 0.02846595
v 0.00958095 0.03187120 0.03731530
v 0.00762120 -0.03950775 0.02968255
v 0.00932725 0.03306560 0.03632725
v 0.00792605 -0.03852565 0.03086990
v 0.00906435 0.03422735 0.03530335
v 0.00822310 -0.03750555 0.03202680
v 0.00879250 0.03535535 0.03424460
v 0.00851200 -0.03644845 0.03315205
v 0.00851200 0.03644845 0.03315205
v 0.00879250 -0.03535535 0.03424460
v 0.00822310 0.03750555 0.03202675
v 0.00906435 -0.03422735 0.03530335
v 0.00792605 0.03852565 0.03086990
v 0.00932725 -0.03306560 0.03632725
v 0.00762120 0.03950775 0.02968255
v 0.00958095 -0.03187120 0.03731530
v 0.00730880 0.04045085 0.02846595
v 0.00982520 -0.03064535 0.03826655
v 0.00698920 0.04135405 0.02722120
v 0.01005970 -0.02938925 0.03918000
v 0.00666275 0.04221640 0.02594965
v 0.01028435 -0.02810415 0.04005480
v 0.00632965 0.04303710 0.02465245
v 0.01049880 -0.02679135 0.04089010
v 0.00599035 0.04381535 0.02333095
v 0.01070290 -0.02545205 0.04168500
v 0.00564515 0.04455035 0.02198640
v 0.01089645 -0.02408770 0.04243880
v 0.00529435 0.04524135 0.02062015
v 0.01107920 -0.02269955 0.04315070
v 0.00493835 0.04588775 0.01923355
v 0.01125105 -0.02128895 0.04382000
v 0.00457745 0.04648880 0.01782795
v 0.01141180 -0.01985740 0.04444610
v 0.00421205 0.04704405 0.01640480
v 0.01156130 -0.01840620 0.04502830
v 0.00384245 0.04755285 0.01496545
v 0.01169940 -0.01693690 0.04556605
v 0.00346910 0.04801470 0.01351130
v 0.01182590 -0.01545085 0.04605885
v 0.00309235 0.04842915 0.01204385
v 0.01194075 -0.01394955 0.04650620
v 0.00271250 0.04879585 0.01056450
v 0.01204385 -0.01243450 0.04690765
v 0.00233000 0.04911435 0.00907470
v 0.01213505 -0.01090715 0.04726280
v 0.00194520 0.04938440 0.00757600
v 0.01221425 -0.00936905 0.04757135
v 0.00155845 0.04960575 0.00606980
v 0.01544320 -0.00157055 0.04752935
v 0.01545085 0.00000000 0.04755280
v 0.01544320 0.00157055 0.04752935
v 0.01542035 0.00313955 0.04745900
v 0.00048530 -0.04997530 0.00149365
v 0.01538230 0.00470540 0.04734180
v 0.00097015 -0.04990135 0.00298585
v 0.01532900 0.00626665 0.04717785
v 0.00145405 -0.04977810 0.00447510
v 0.01526060 0.00782175 0.04696735
v 0.00193650 -0.04960575 0.00595995
v 0.01517715 0.00936905 0.04671055
v 0.00241705 -0.04938440 0.00743890
v 0.01507875 0.01090715 0.04640760
v 0.00289520 -0.04911435 0.00891050
v 0.01496545 0.01243450 0.04605885
v 0.00337050 -0.04879585 0.01037335
v 0.01483735 0.01394955 0.04566470
v 0.00384245 -0.04842915 0.01182590
v 0.01469465 0.01545085 0.04522540
v 0.00431065 -0.04801470 0.01326680
v 0.01453740 0.01693690 0.04474155
v 0.00477455 -0.04755285 0.01469465
v 0.01436585 0.01840625 0.04421350
v 0.00523380 -0.04704405 0.01610795
v 0.01418010 0.01985740 0.04364185
v 0.00568785 -0.04648880 0.01750535
v 0.01398035 0.02128895 0.04302710
v 0.00613625 -0.04588775 0.01888550
v 0.01376680 0.02269955 0.04236990
v 0.00657865 -0.04524135 0.02024700
v 0.01353970 0.02408770 0.04167085
v 0.00701455 -0.04455035 0.02158855
v 0.01329920 0.02545205 0.04093070
v 0.00744350 -0.04381535 0.02290875
v 0.01304560 0.02679135 0.04015020
v 0.00786510 -0.04303710 0.02420635
v 0.01277910 0.02810415 0.03933000
v 0.00827900 -0.04221640 0.02548010
v 0.01250000 0.02938925 0.03847105
v 0.00868465 -0.04135405 0.02672865
v 0.01220855 0.03064535 0.03757410
v 0.00908180 -0.04045085 0.02795085
v 0.01190510 0.03187120 0.03664010
v 0.00946995 -0.03950775 0.02914545
v 0.01158985 0.03306560 0.03566990
v 0.00984875 -0.03852565 0.03031130
v 0.01126320 0.03422735 0.03466450
v 0.01021785 -0.03750555 0.03144725
v 0.01092540 0.03535535 0.03362490
v 0.01057685 -0.03644845 0.03255215
v 0.01057685 0.03644845 0.03255215
v 0.01092540 -0.03535535 0.03362490
v 0.01021785 0.03750555 0.03144725
v 0.01126320 -0.03422735 0.03466450
v 0.00984875 0.03852565 0.03031130
v 0.01158985 -0.03306560 0.03566990
v 0.00946995 0.03950775 0.02914545
v 0.01190510 -0.03187120 0.03664010
v 0.00908180 0.04045085 0.02795085
v 0.01220855 -0.03064535 0.03757410
v 0.00868465 0.04135405 0.02672865
v 0.01250000 -0.02938925 0.03847105
v 0.00827900 0.04221640 0.02548010
v 0.01277910 -0.02810415 0.03933000
v 0.00786510 0.04303710 0.02420635
v 0.01304560 -0.02679135 0.04015020
v 0.00744350 0.04381535 0.02290875
v 0.01329920 -0.02545205 0.04093070
v 0.00701455 0.04455035 0.02158855
v 0.01353970 -0.02408770 0.04167085
v 0.00657865 0.04524135 0.02024700
v 0.01376680 -0.02269955 0.04236990
v 0.00613625 0.04588775 0.01888550
v 0.01398035 -0.02128895 0.04302710
v 0.00568785 0.04648880 0.01750535
v 0.01418010 -0.01985740 0.04364185
v 0.00523380 0.04704405 0.01610795
v 0.01436585 -0.01840620 0.04421350
v 0.00477455 0.04755285 0.01469465
v 0.01453740 -0.01693690 0.04474155
v 0.00431065 0.04801470 0.01326680
v 0.01469465 -0.01545085 0.04522540
v 0.00384245 0.04842915 0.01182590
v 0.01483735 -0.01394955 0.04566470
v 0.00337050 0.04879585 0.01037330
v 0.01496545 -0.01243450 0.04605885
v 0.00289520 0.04911435 0.00891050
v 0.01507875 -0.01090715 0.04640760
v 0.00241705 0.04938440 0.00743890
v 0.01517715 -0.00936905 0.04671055
v 0.00193650 0.04960575 0.00595995
v 0.01526060 -0.00782170 0.04696735
v 0.00145405 0.04977810 0.00447510
v 0.01532900 -0.00626665 0.04717785
v 0.00097015 0.04990135 0.00298585
v 0.01538230 -0.00470540 0.04734180
v 0.00048530 0.04997530 0.00149365
v 0.01542035 -0.00313950 0.04745900
v 0.00173220 -0.04977810 0.00437500
v 0.01826110 0.00626665 0.04612225
v 0.01817960 0.00782175 0.04591645
v 0.00230690 -0.04960575 0.00582660
v 0.01808020 0.00936905 0.04566540
v 0.00287935 -0.04938440 0.00727245
v 0.01796295 0.01090715 0.04536920
v 0.00344900 -0.04911435 0.00871115
v 0.01782795 0.01243450 0.04502830
v 0.00401520 -0.04879585 0.01014125
v 0.01767540 0.01394955 0.04464290
v 0.00457745 -0.04842915 0.01156130
v 0.01750535 0.01545085 0.04421350
v 0.00513515 -0.04801470 0.01296995
v 0.01731805 0.01693690 0.04374045
v 0.00568785 -0.04755285 0.01436585
v 0.01711370 0.01840625 0.04322420
v 0.00623490 -0.04704405 0.01574755
v 0.01689240 0.01985740 0.04266535
v 0.00677580 -0.04648880 0.01711370
v 0.01665445 0.02128895 0.04206435
v 0.00731000 -0.04588775 0.01846295
v 0.01640005 0.02269955 0.04142185
v 0.00783700 -0.04524135 0.01979400
v 0.01612950 0.02408770 0.04073845
v 0.00835625 -0.04455035 0.02110550
v 0.01584300 0.02545205 0.04001490
v 0.00886725 -0.04381535 0.02239615
v 0.01554090 0.02679135 0.03925180
v 0.00936955 -0.04303710 0.02366475
v 0.01522345 0.02810415 0.03845000
v 0.00986255 -0.04221640 0.02490995
v 0.01489095 0.02938925 0.03761025
v 0.01034585 -0.04135405 0.02613060
v 0.01454375 0.03064535 0.03673335
v 0.01081890 -0.04045085 0.02732545
v 0.01418225 0.03187120 0.03582025
v 0.01128130 -0.03950775 0.02849335
v 0.01380670 0.03306560 0.03487180
v 0.01173255 -0.03852565 0.02963310
v 0.01341755 0.03422735 0.03388890
v 0.01217225 -0.03750555 0.03074360
v 0.01301515 0.03535535 0.03287255
v 0.01259995 -0.03644845 0.03182380
v 0.01259995 0.03644845 0.03182380
v 0.01301515 -0.03535535 0.03287255
v 0.01217225 0.03750555 0.03074360
v 0.01341755 -0.03422735 0.03388890
v 0.01173255 0.03852565 0.02963310
v 0.01380670 -0.03306560 0.03487180
v 0.01128130 0.03950775 0.02849330
v 0.01418225 -0.03187120 0.03582025
v 0.01081890 0.04045085 0.02732545
v 0.01454375 -0.03064535 0.03673340
v 0.01034585 0.04135405 0.02613060
v 0.01489095 -0.02938925 0.03761025
v 0.00986255 0.04221640 0.02490995
v 0.01522345 -0.02810415 0.03845000
v 0.00936955 0.04303710 0.02366475
v 0.01554090 -0.02679135 0.03925180
v 0.00886725 0.04381535 0.02239615
v 0.01584300 -0.02545205 0.04001490
v 0.00835625 0.04455035 0.02110550
v 0.01612950 -0.02408770 0.04073845
v 0.00783700 0.04524135 0.01979400
v 0.01640005 -0.02269955 0.04142185
v 0.00731000 0.04588775 0.01846295
v 0.01665445 -0.02128895 0.04206435
v 0.00677580 0.04648880 0.01711365
v 0.01689240 -0.01985740 0.04266535
v 0.00623490 0.04704405 0.01574750
v 0.01711370 -0.01840620 0.04322420
v 0.00568785 0.04755285 0.01436585
v 0.01731805 -0.01693690 0.04374045
v 0.00513515 0.04801470 0.01296995
v 0.01750535 -0.01545085 0.04421350
v 0.00457745 0.04842915 0.01156130
v 0.01767540 -0.01394955 0.04464290
v 0.00401520 0.04879585 0.01014120
v 0.01782795 -0.01243450 0.04502830
v 0.00344900 0.04911435 0.00871115
v 0.01796295 -0.01090715 0.04536920
v 0.00287935 0.04938440 0.00727245
v 0.01808020 -0.00936905 0.04566540
v 0.00230690 0.04960575 0.00582660
v 0.01817960 -0.00782170 0.04591645
v 0.00173220 0.04977810 0.00437500
v 0.01826110 -0.00626665 0.04612225
v 0.00115575 0.04990135 0.00291905
v 0.01832455 -0.00470540 0.04628250
v 0.00057815 0.04997530 0.00146025
v 0.01836990 -0.00313950 0.04639710
v 0.01839715 -0.00157055 0.04646590
v 0.01840625 0.00000000 0.04648880
v 0.01839715 0.00157055 0.04646590
v 0.01836990 0.00313955 0.04639710
v 0.00057815 -0.04997530 0.00146025
v 0.01832455 0.00470540 0.04628250
v 0.00115575 -0.04990135 0.00291905
v 0.02062015 0.01243450 0.04382000
v 0.02044365 0.01394955 0.04344500
v 0.00529435 -0.04842915 0.01125105
v 0.02024700 0.01545085 0.04302710
v 0.00593945 -0.04801470 0.01262195
v 0.02003040 0.01693690 0.04256670
v 0.00657865 -0.04755285 0.01398035
v 0.01979400 0.01840625 0.04206435
v 0.00721140 -0.04704405 0.01532495
v 0.01953805 0.01985740 0.04152045
v 0.00783700 -0.04648880 0.01665445
v 0.01926285 0.02128895 0.04093560
v 0.00845485 -0.04588775 0.01796750
v 0.01896860 0.02269955 0.04031035
v 0.00906440 -0.04524135 0.01926285
v 0.01865565 0.02408770 0.03964530
v 0.00966500 -0.04455035 0.02053915
v 0.01832430 0.02545205 0.03894115
v 0.01025605 -0.04381535 0.02179520
v 0.01797485 0.02679135 0.03819855
v 0.01083695 -0.04303710 0.02302975
v 0.01760770 0.02810415 0.03741825
v 0.01140720 -0.04221640 0.02424155
v 0.01722315 0.02938925 0.03660100
v 0.01196615 -0.04135405 0.02542940
v 0.01682160 0.03064535 0.03574770
v 0.01251335 -0.04045085 0.02659220
v 0.01640345 0.03187120 0.03485905
v 0.01304815 -0.03950775 0.02772875
v 0.01596910 0.03306560 0.03393605
v 0.01357010 -0.03852565 0.02883790
v 0.01551900 0.03422735 0.03297950
v 0.01407865 -0.03750555 0.02991865
v 0.01505355 0.03535535 0.03199045
v 0.01457330 -0.03644845 0.03096985
v 0.01457330 0.03644845 0.03096985
v 0.01505355 -0.03535535 0.03199045
v 0.01407865 0.03750555 0.02991865
v 0.01551900 -0.03422735 0.03297950
v 0.01357010 0.03852565 0.02883790
v 0.01596910 -0.03306560 0.03393605
v 0.01304815 0.03950775 0.02772875
v 0.01640345 -0.03187120 0.03485905
v 0.01251335 0.04045085 0.02659220
v 0.01682160 -0.03064535 0.03574770
v 0.01196615 0.04135405 0.02542940
v 0.01722315 -0.02938925 0.03660105
v 0.01140720 0.04221640 0.02424155
v 0.01760770 -0.02810415 0.03741825
v 0.01083695 0.04303710 0.02302970
v 0.01797485 -0.02679135 0.03819855
v 0.01025605 0.04381535 0.02179520
v 0.01832430 -0.02545205 0.03894115
v 0.00966500 0.04455035 0.02053915
v 0.01865565 -0.02408770 0.03964530
v 0.00906440 0.04524135 0.01926285
v 0.01896860 -0.02269955 0.04031035
v 0.00845485 0.04588775 0.01796750
v 0.01926285 -0.02128895 0.04093560
v 0.00783700 0.04648880 0.01665445
v 0.01953805 -0.01985740 0.04152045
v 0.00721140 0.04704405 0.01532495
v 0.01979400 -0.01840620 0.04206435
v 0.00657865 0.04755285 0.01398035
v 0.02003040 -0.01693690 0.04256670
v 0.00593945 0.04801470 0.01262195
v 0.02024700 -0.01545085 0.04302710
v 0.00529435 0.04842915 0.01125105
v 0.02044365 -0.01394955 0.04344500
v 0.00464405 0.04879585 0.00986910
v 0.02062015 -0.01243450 0.04382000
v 0.00398915 0.04911435 0.00847740
v 0.02077625 -0.01090715 0.04415180
v 0.00333035 0.04938440 0.00707730
v 0.02091190 -0.00936905 0.04444000
v 0.00266820 0.04960575 0.00567025
v 0.02102685 -0.00782170 0.04468435
v 0.00200345 0.04977810 0.00425760
v 0.02112110 -0.00626665 0.04488460
v 0.00133675 0.04990135 0.00284070
v 0.02119450 -0.00470540 0.04504055
v 0.00066870 0.04997530 0.00142105
v 0.02124695 -0.00313950 0.04515210
v 0.02127845 -0.00157055 0.04521905
v 0.02128895 0.00000000 0.04524135
v 0.02127845 0.00157055 0.04521905
v 0.02124695 0.00313955 0.04515210
v 0.00066870 -0.04997530 0.00142105
v 0.02119450 0.00470540 0.04504055
v 0.00133675 -0.04990135 0.00284075
v 0.02112110 0.00626665 0.04488460
v 0.00200345 -0.04977810 0.00425760
v 0.02102685 0.00782175 0.04468435
v 0.00266820 -0.04960575 0.00567025
v 0.02091190 0.00936905 0.04444000
v 0.00333035 -0.04938440 0.00707730
v 0.02077625 0.01090715 0.04415180
v 0.00398915 -0.04911435 0.00847740
v 0.00464405 -0.04879585 0.00986910
v 0.02210660 0.01985740 0.04021170
v 0.02179520 0.02128895 0.03964530
v 0.00886725 -0.04648880 0.01612950
v 0.00956635 -0.04588775 0.01740115
v 0.02146230 0.02269955 0.03903975
v 0.01025605 -0.04524135 0.01865565
v 0.02110820 0.02408770 0.03839565
v 0.01093560 -0.04455035 0.01989175
v 0.02073330 0.02545205 0.03771370
v 0.01160435 -0.04381535 0.02110820
v 0.02033790 0.02679135 0.03699450
v 0.01226165 -0.04303710 0.02230385
v 0.01992245 0.02810415 0.03623880
v 0.01290685 -0.04221640 0.02347745
v 0.01948735 0.02938925 0.03544735
v 0.01353930 -0.04135405 0.02462785
v 0.01903300 0.03064535 0.03462090
v 0.01415840 -0.04045085 0.02575400
v 0.01855990 0.03187120 0.03376030
v 0.01476350 -0.03950775 0.02685475
v 0.01806845 0.03306560 0.03286635
v 0.01535405 -0.03852565 0.02792895
v 0.01755915 0.03422735 0.03194000
v 0.01592945 -0.03750555 0.02897560
v 0.01703255 0.03535535 0.03098210
v 0.01648915 -0.03644845 0.02999365
v 0.01648915 0.03644845 0.02999365
v 0.01703255 -0.03535535 0.03098210
v 0.01592945 0.03750555 0.02897560
v 0.01755915 -0.03422735 0.03194000
v 0.01535405 0.03852565 0.02792895
v 0.01806845 -0.03306560 0.03286635
v 0.01476350 0.03950775 0.02685470
v 0.01855990 -0.03187120 0.03376030
v 0.01415840 0.04045085 0.02575400
v 0.01903300 -0.03064535 0.03462090
v 0.01353930 0.04135405 0.02462785
v 0.01948735 -0.02938925 0.03544735
v 0.01290685 0.04221640 0.02347745
v 0.01992245 -0.02810415 0.03623880
v 0.01226165 0.04303710 0.02230380
v 0.02033790 -0.02679135 0.03699450
v 0.01160435 0.04381535 0.02110820
v 0.02073330 -0.02545205 0.03771370
v 0.01093560 0.04455035 0.01989175
v 0.02110820 -0.02408770 0.03839565
v 0.01025605 0.04524135 0.01865565
v 0.02146230 -0.02269955 0.03903975
v 0.00956635 0.04588775 0.01740115
v 0.02179520 -0.02128895 0.03964530
v 0.00886725 0.04648880 0.01612950
v 0.02210660 -0.01985740 0.04021170
v 0.00815940 0.04704405 0.01484190
v 0.02239615 -0.01840620 0.04073845
v 0.00744350 0.04755285 0.01353970
v 0.02266365 -0.01693690 0.04122500
v 0.00672025 0.04801470 0.01222410
v 0.02290875 -0.01545085 0.04167085
v 0.00599035 0.04842915 0.01089645
v 0.02313125 -0.01394955 0.04207560
v 0.00525455 0.04879585 0.00955800
v 0.02333090 -0.01243450 0.04243880
v 0.00451360 0.04911435 0.00821015
v 0.02350755 -0.01090715 0.04276010
v 0.00376815 0.04938440 0.00685420
v 0.02366100 -0.00936905 0.04303925
v 0.00301900 0.04960575 0.00549150
v 0.02379110 -0.00782170 0.04327590
v 0.00226685 0.04977810 0.00412340
v 0.02389775 -0.00626665 0.04346985
v 0.00151250 0.04990135 0.00275120
v 0.02398080 -0.00470540 0.04362090
v 0.00075660 0.04997530 0.00137625
v 0.02404015 -0.00313950 0.04372885
v 0.02407580 -0.00157055 0.04379370
v 0.02408770 0.00000000 0.04381535
v 0.02407580 0.00157055 0.04379370
v 0.02404015 0.00313955 0.04372885
v 0.00075660 -0.04997530 0.00137630
v 0.02398080 0.00470540 0.04362090
v 0.00151250 -0.04990135 0.00275120
v 0.02389775 0.00626665 0.04346985
v 0.00226685 -0.04977810 0.00412340
v 0.02379110 0.00782175 0.04327590
v 0.00301900 -0.04960575 0.00549150
v 0.02366100 0.00936905 0.04303925
v 0.00376815 -0.04938440 0.00685425
v 0.02350755 0.01090715 0.04276010
v 0.00451360 -0.04911435 0.00821020
v 0.02333090 0.01243450 0.04243880
v 0.00525455 -0.04879585 0.00955800
v 0.02313125 0.01394955 0.04207560
v 0.00599035 -0.04842915 0.01089645
v 0.02290875 0.01545085 0.04167085
v 0.00672025 -0.04801470 0.01222410
v 0.02266365 0.01693690 0.04122500
v 0.00744350 -0.04755285 0.01353970
v 0.02239615 0.01840625 0.04073845
v 0.00815940 -0.04704405 0.01484190
v 0.01363790 -0.04303710 0.02148990
v 0.02215860 0.02810415 0.03491635
v 0.01435550 -0.04221640 0.02262070
v 0.02167465 0.02938925 0.03415380
v 0.01505895 -0.04135405 0.02372915
v 0.02116930 0.03064535 0.03335750
v 0.01574755 -0.04045085 0.02481415
v 0.02064310 0.03187120 0.03252830
v 0.01642060 -0.03950775 0.02587475
v 0.02009650 0.03306560 0.03166700
v 0.01707745 -0.03852565 0.02690975
v 0.01953005 0.03422735 0.03077440
v 0.01771745 -0.03750555 0.02791820
v 0.01894435 0.03535535 0.02985150
v 0.01833995 -0.03644845 0.02889910
v 0.01833995 0.03644845 0.02889910
v 0.01894435 -0.03535535 0.02985150
v 0.01771745 0.03750555 0.02791820
v 0.01953005 -0.03422735 0.03077445
v 0.01707745 0.03852565 0.02690975
v 0.02009650 -0.03306560 0.03166700
v 0.01642060 0.03950775 0.02587470
v 0.02064310 -0.03187120 0.03252830
v 0.01574755 0.04045085 0.02481415
v 0.02116930 -0.03064535 0.03335750
v 0.01505895 0.04135405 0.02372915
v 0.02167465 -0.02938925 0.03415380
v 0.01435550 0.04221640 0.02262070
v 0.02215860 -0.02810415 0.03491635
v 0.01363790 0.04303710 0.02148990
v 0.02262070 -0.02679135 0.03564450
v 0.01290685 0.04381535 0.02033790
v 0.02306045 -0.02545205 0.03633740
v 0.01216300 0.04455035 0.01916585
v 0.02347745 -0.02408770 0.03699450
v 0.01140720 0.04524135 0.01797485
v 0.02387125 -0.02269955 0.03761510
v 0.01064010 0.04588775 0.01676615
v 0.02424155 -0.02128895 0.03819855
v 0.00986255 0.04648880 0.01554090
v 0.02458785 -0.01985740 0.03874430
v 0.00907525 0.04704405 0.01430030
v 0.02490995 -0.01840620 0.03925180
v 0.00827900 0.04755285 0.01304560
v 0.02520745 -0.01693690 0.03972060
v 0.00747455 0.04801470 0.01177800
v 0.02548005 -0.01545085 0.04015020
v 0.00666275 0.04842915 0.01049880
v 0.02572755 -0.01394955 0.04054015
v 0.00584435 0.04879585 0.00920920
v 0.02594965 -0.01243450 0.04089010
v 0.00502020 0.04911435 0.00791055
v 0.02614610 -0.01090715 0.04119970
v 0.00419110 0.04938440 0.00660410
v 0.02631680 -0.00936905 0.04146860
v 0.00335785 0.04960575 0.00529110
v 0.02646150 -0.00782170 0.04169665
v 0.00252130 0.04977810 0.00397290
v 0.02658010 -0.00626665 0.04188350
v 0.00168225 0.04990135 0.00265080
v 0.02667245 -0.00470540 0.04202905
v 0.00084155 0.04997530 0.00132605
v 0.02673845 -0.00313950 0.04213310
v 0.02677810 -0.00157055 0.04219555
v 0.02679135 0.00000000 0.04221640
v 0.02677810 0.00157055 0.04219555
v 0.02673845 0.00313955 0.04213310
v 0.00084155 -0.04997530 0.00132605
v 0.02667245 0.00470540 0.04202905
v 0.00168225 -0.04990135 0.00265080
v 0.02658010 0.00626665 0.04188350
v 0.00252130 -0.04977810 0.00397290
v 0.02646150 0.00782175 0.04169665
v 0.00335785 -0.04960575 0.00529110
v 0.02631680 0.00936905 0.04146860
v 0.00419110 -0.04938440 0.00660410
v 0.02614610 0.01090715 0.04119970
v 0.00502020 -0.04911435 0.00791055
v 0.02594965 0.01243450 0.04089010
v 0.00584435 -0.04879585 0.00920920
v 0.02572755 0.01394955 0.04054015
v 0.00666275 -0.04842915 0.01049880
v 0.02548005 0.01545085 0.04015020
v 0.00747455 -0.04801470 0.01177800
v 0.02520745 0.01693690 0.03972060
v 0.00827900 -0.04755285 0.01304560
v 0.02490995 0.01840625 0.03925180
v 0.00907525 -0.04704405 0.01430030
v 0.02458785 0.01985740 0.03874430
v 0.00986255 -0.04648880 0.01554090
v 0.02424155 0.02128895 0.03819855
v 0.01064010 -0.04588775 0.01676615
v 0.02387125 0.02269955 0.03761510
v 0.01140720 -0.04524135 0.01797485
v 0.02347745 0.02408770 0.03699450
v 0.01216300 -0.04455035 0.01916585
v 0.02306045 0.02545205 0.03633740
v 0.01290685 -0.04381535 0.02033790
v 0.02262070 0.02679135 0.03564450
v 0.01574755 -0.04221640 0.02167465
v 0.02430730 0.02810415 0.03345610
v 0.02377640 0.02938925 0.03272545
v 0.01651920 -0.04135405 0.02273675
v 0.02322205 0.03064535 0.03196245
v 0.01727455 -0.04045085 0.02377640
v 0.02264480 0.03187120 0.03116790
v 0.01801290 -0.03950775 0.02479260
v 0.02204520 0.03306560 0.03034265
v 0.01873340 -0.03852565 0.02578435
v 0.02142385 0.03422735 0.02948740
v 0.01943545 -0.03750555 0.02675065
v 0.02078135 0.03535535 0.02860305
v 0.02011835 -0.03644845 0.02769050
v 0.02011835 0.03644845 0.02769050
v 0.02078135 -0.03535535 0.02860305
v 0.01943545 0.03750555 0.02675065
v 0.02142385 -0.03422735 0.02948740
v 0.01873340 0.03852565 0.02578435
v 0.02204520 -0.03306560 0.03034265
v 0.01801290 0.03950775 0.02479260
v 0.02264480 -0.03187120 0.03116790
v 0.01727455 0.04045085 0.02377640
v 0.02322205 -0.03064535 0.03196245
v 0.01651920 0.04135405 0.02273675
v 0.02377640 -0.02938925 0.03272545
v 0.01574755 0.04221640 0.02167465
v 0.02430730 -0.02810415 0.03345610
v 0.01496035 0.04303710 0.02059115
v 0.02481420 -0.02679135 0.03415380
v 0.01415840 0.04381535 0.01948735
v 0.02529655 -0.02545205 0.03481775
v 0.01334245 0.04455035 0.01836430
v 0.02575400 -0.02408770 0.03544735
v 0.01251335 0.04524135 0.01722315
v 0.02618600 -0.02269955 0.03604195
v 0.01167190 0.04588775 0.01606495
v 0.02659220 -0.02128895 0.03660100
v 0.01081890 0.04648880 0.01489095
v 0.02697215 -0.01985740 0.03712395
v 0.00995525 0.04704405 0.01370225
v 0.02732545 -0.01840620 0.03761025
v 0.00908180 0.04755285 0.01250000
v 0.02765180 -0.01693690 0.03805945
v 0.00819935 0.04801470 0.01128540
v 0.02795085 -0.01545085 0.03847105
v 0.00730880 0.04842915 0.01005970
v 0.02822230 -0.01394955 0.03884470
v 0.00641105 0.04879585 0.00882410
v 0.02846595 -0.01243450 0.03918000
v 0.00550700 0.04911435 0.00757975
v 0.02868145 -0.01090715 0.03947665
v 0.00459750 0.04938440 0.00632790
v 0.02886870 -0.00936905 0.03973435
v 0.00368345 0.04960575 0.00506985
v 0.02902745 -0.00782170 0.03995285
v 0.00276575 0.04977810 0.00380675
v 0.02915750 -0.00626665 0.04013190
v 0.00184535 0.04990135 0.00253995
v 0.02925885 -0.00470540 0.04027130
v 0.00092315 0.04997530 0.00127060
v 0.02933125 -0.00313950 0.04037105
v 0.02937475 -0.00157055 0.04043090
v 0.02938925 0.00000000 0.04045085
v 0.02937475 0.00157055 0.04043090
v 0.02933125 0.00313955 0.04037105
v 0.00092315 -0.04997530 0.00127060
v 0.02925885 0.00470540 0.04027130
v 0.00184535 -0.04990135 0.00253995
v 0.02915750 0.00626665 0.04013190
v 0.00276575 -0.04977810 0.00380675
v 0.02902745 0.00782175 0.03995285
v 0.00368345 -0.04960575 0.00506985
v 0.02886870 0.00936905 0.03973435
v 0.00459750 -0.04938440 0.00632790
v 0.02868145 0.01090715 0.03947665
v 0.00550700 -0.04911435 0.00757975
v 0.02846595 0.01243450 0.03918000
v 0.00641105 -0.04879585 0.00882410
v 0.02822230 0.01394955 0.03884470
v 0.00730880 -0.04842915 0.01005970
v 0.02795085 0.01545085 0.03847105
v 0.00819935 -0.04801470 0.01128545
v 0.02765180 0.01693690 0.03805945
v 0.00908180 -0.04755285 0.01250000
v 0.02732545 0.01840625 0.03761025
v 0.00995525 -0.04704405 0.01370225
v 0.02697215 0.01985740 0.03712395
v 0.01081890 -0.04648880 0.01489095
v 0.02659220 0.02128895 0.03660100
v 0.01167190 -0.04588775 0.01606495
v 0.02618600 0.02269955 0.03604195
v 0.01251335 -0.04524135 0.01722315
v 0.02575400 0.02408770 0.03544735
v 0.01334245 -0.04455035 0.01836430
v 0.02529655 0.02545205 0.03481775
v 0.01415840 -0.04381535 0.01948735
v 0.02481420 0.02679135 0.03415380
v 0.01496035 -0.04303710 0.02059115
v 0.02323310 0.03422735 0.02808400
v 0.02107680 -0.03750555 0.02547750
v 0.02253635 0.03535535 0.02724175
v 0.02181735 -0.03644845 0.02637265
v 0.02181735 0.03644845 0.02637265
v 0.02253635 -0.03535535 0.02724175
v 0.02107680 0.03750555 0.02547745
v 0.02323310 -0.03422735 0.02808400
v 0.02031545 0.03852565 0.02455720
v 0.02390695 -0.03306560 0.02889855
v 0.01953410 0.03950775 0.02361265
v 0.02455720 -0.03187120 0.02968455
v 0.01873340 0.04045085 0.02264480
v 0.02518320 -0.03064535 0.03044125
v 0.01791425 0.04135405 0.02165465
v 0.02578435 -0.02938925 0.03116790
v 0.01707745 0.04221640 0.02064310
v 0.02636005 -0.02810415 0.03186385
v 0.01622375 0.04303710 0.01961115
v 0.02690975 -0.02679135 0.03252830
v 0.01535405 0.04381535 0.01855990
v 0.02743290 -0.02545205 0.03316065
v 0.01446920 0.04455035 0.01749030
v 0.02792895 -0.02408770 0.03376030
v 0.01357010 0.04524135 0.01640340
v 0.02839745 -0.02269955 0.03432660
v 0.01265760 0.04588775 0.01530040
v 0.02883790 -0.02128895 0.03485905
v 0.01173255 0.04648880 0.01418225
v 0.02924995 -0.01985740 0.03535710
v 0.01079600 0.04704405 0.01305010
v 0.02963310 -0.01840620 0.03582025
v 0.00984875 0.04755285 0.01190510
v 0.02998700 -0.01693690 0.03624805
v 0.00889180 0.04801470 0.01074830
v 0.03031130 -0.01545085 0.03664010
v 0.00792605 0.04842915 0.00958095
v 0.03060570 -0.01394955 0.03699595
v 0.00695250 0.04879585 0.00840410
v 0.03086990 -0.01243450 0.03731530
v 0.00597205 0.04911435 0.00721900
v 0.03110365 -0.01090715 0.03759785
v 0.00498575 0.04938440 0.00602675
v 0.03130665 -0.00936905 0.03784325
v 0.00399450 0.04960575 0.00482855
v 0.03147880 -0.00782170 0.03805135
v 0.00299935 0.04977810 0.00362560
v 0.03161990 -0.00626665 0.03822190
v 0.00200120 0.04990135 0.00241905
v 0.03172975 -0.00470540 0.03835470
v 0.00100110 0.04997530 0.00121010
v 0.03180830 -0.00313950 0.03844965
v 0.03185545 -0.00157055 0.03850665
v 0.03187120 0.00000000 0.03852565
v 0.03185545 0.00157055 0.03850665
v 0.03180830 0.00313955 0.03844965
v 0.00100110 -0.04997530 0.00121010
v 0.03172975 0.00470540 0.03835470
v 0.00200120 -0.04990135 0.00241905
v 0.03161990 0.00626665 0.03822190
v 0.00299935 -0.04977810 0.00362560
v 0.03147880 0.00782175 0.03805135
v 0.00399450 -0.04960575 0.00482855
v 0.03130665 0.00936905 0.03784325
v 0.00498575 -0.04938440 0.00602675
v 0.03110365 0.01090715 0.03759785
v 0.00597205 -0.04911435 0.00721900
v 0.03086990 0.01243450 0.03731530
v 0.00695250 -0.04879585 0.00840410
v 0.03060570 0.01394955 0.03699595
v 0.00792605 -0.04842915 0.00958095
v 0.03031130 0.01545085 0.03664010
v 0.00889180 -0.04801470 0.01074830
v 0.02998700 0.01693690 0.03624805
v 0.00984875 -0.04755285 0.01190510
v 0.02963310 0.01840625 0.03582025
v 0.01079600 -0.04704405 0.01305010
v 0.02924995 0.01985740 0.03535710
v 0.01173255 -0.04648880 0.01418225
v 0.02883790 0.02128895 0.03485905
v 0.01265760 -0.04588775 0.01530040
v 0.02839745 0.02269955 0.03432660
v 0.01357010 -0.04524135 0.01640345
v 0.02792895 0.02408770 0.03376030
v 0.01446920 -0.04455035 0.01749030
v 0.02743290 0.02545205 0.03316065
v 0.01535405 -0.04381535 0.01855990
v 0.02690975 0.02679135 0.03252830
v 0.01622375 -0.04303710 0.01961115
v 0.02636005 0.02810415 0.03186385
v 0.01707745 -0.04221640 0.02064310
v 0.02578435 0.02938925 0.03116790
v 0.01791425 -0.04135405 0.02165465
v 0.02518320 0.03064535 0.03044125
v 0.01873340 -0.04045085 0.02264480
v 0.02455720 0.03187120 0.02968455
v 0.01953410 -0.03950775 0.02361265
v 0.02390695 0.03306560 0.02889850
v 0.02031545 -0.03852565 0.02455720
v 0.02097820 0.03950775 0.02233950
v 0.02567430 -0.03306560 0.02734040
v 0.02637265 -0.03187120 0.02808400
v 0.02011835 0.04045085 0.02142385
v 0.02704490 -0.03064535 0.02879990
v 0.01923860 0.04135405 0.02048705
v 0.02769050 -0.02938925 0.02948740
v 0.01833995 0.04221640 0.01953005
v 0.02830880 -0.02810415 0.03014580
v 0.01742315 0.04303710 0.01855375
v 0.02889910 -0.02679135 0.03077445
v 0.01648915 0.04381535 0.01755915
v 0.02946090 -0.02545205 0.03137270
v 0.01553890 0.04455035 0.01654725
v 0.02999365 -0.02408770 0.03194000
v 0.01457330 0.04524135 0.01551900
v 0.03049680 -0.02269955 0.03247580
v 0.01359330 0.04588775 0.01447540
v 0.03096985 -0.02128895 0.03297955
v 0.01259995 0.04648880 0.01341755
v 0.03141230 -0.01985740 0.03345070
v 0.01159410 0.04704405 0.01234645
v 0.03182380 -0.01840620 0.03388890
v 0.01057685 0.04755285 0.01126320
v 0.03220385 -0.01693690 0.03429365
v 0.00954915 0.04801470 0.01016880
v 0.03255215 -0.01545085 0.03466450
v 0.00851200 0.04842915 0.00906435
v 0.03286830 -0.01394955 0.03500120
v 0.00746645 0.04879585 0.00795100
v 0.03315205 -0.01243450 0.03530335
v 0.00641355 0.04911435 0.00682975
v 0.03340305 -0.01090715 0.03557065
v 0.00535435 0.04938440 0.00570180
v 0.03362110 -0.00936905 0.03580280
v 0.00428985 0.04960575 0.00456820
v 0.03380595 -0.00782170 0.03599970
v 0.00322110 0.04977810 0.00343010
v 0.03395745 -0.00626665 0.03616105
v 0.00214915 0.04990135 0.00228860
v 0.03407545 -0.00470540 0.03628665
v 0.00107510 0.04997530 0.00114485
v 0.03415980 -0.00313950 0.03637650
v 0.03421045 -0.00157055 0.03643045
v 0.03422735 0.00000000 0.03644845
v 0.03421045 0.00157055 0.03643045
v 0.03415980 0.00313955 0.03637650
v 0.00107510 -0.04997530 0.00114490
v 0.03407545 0.00470540 0.03628665
v 0.00214915 -0.04990135 0.00228860
v 0.03395745 0.00626665 0.03616105
v 0.00322110 -0.04977810 0.00343010
v 0.03380595 0.00782175 0.03599970
v 0.00428985 -0.04960575 0.00456820
v 0.03362110 0.00936905 0.03580280
v 0.00535435 -0.04938440 0.00570180
v 0.03340305 0.01090715 0.03557065
v 0.00641355 -0.04911435 0.00682975
v 0.03315205 0.01243450 0.03530335
v 0.00746645 -0.04879585 0.00795100
v 0.03286830 0.01394955 0.03500120
v 0.00851200 -0.04842915 0.00906435
v 0.03255215 0.01545085 0.03466450
v 0.00954915 -0.04801470 0.01016880
v 0.03220385 0.01693690 0.03429365
v 0.01057685 -0.04755285 0.01126320
v 0.03182380 0.01840625 0.03388890
v 0.01159410 -0.04704405 0.01234645
v 0.03141230 0.01985740 0.03345070
v 0.01259995 -0.04648880 0.01341755
v 0.03096985 0.02128895 0.03297950
v 0.01359330 -0.04588775 0.01447540
v 0.03049680 0.02269955 0.03247580
v 0.01457330 -0.04524135 0.01551900
v 0.02999365 0.02408770 0.03194000
v 0.01553890 -0.04455035 0.01654725
v 0.02946090 0.02545205 0.03137270
v 0.01648915 -0.04381535 0.01755915
v 0.02889910 0.02679135 0.03077445
v 0.01742315 -0.04303710 0.01855375
v 0.02830880 0.02810415 0.03014580
v 0.01833995 -0.04221640 0.01953005
v 0.02769050 0.02938925 0.02948740
v 0.01923860 -0.04135405 0.02048705
v 0.02704490 0.03064535 0.02879990
v 0.02011835 -0.04045085 0.02142385
v 0.02637265 0.03187120 0.02808400
v 0.02097820 -0.03950775 0.02233950
v 0.02567430 0.03306560 0.02734035
v 0.02181735 -0.03852565 0.02323310
v 0.02495065 0.03422735 0.02656975
v 0.02263495 -0.03750555 0.02410380
v 0.02420240 0.03535535 0.02577295
v 0.02343025 -0.03644845 0.02495065
v 0.02343025 0.03644845 0.02495065
v 0.02420240 -0.03535535 0.02577295
v 0.02263495 0.03750555 0.02410380
v 0.02495065 -0.03422735 0.02656975
v 0.02181735 0.03852565 0.02323310
v 0.03014580 -0.02810415 0.02830880
v 0.03077445 -0.02679135 0.02889910
v 0.01755915 0.04381535 0.01648915
v 0.03137270 -0.02545205 0.02946090
v 0.01654725 0.04455035 0.01553890
v 0.03194000 -0.02408770 0.02999365
v 0.01551900 0.04524135 0.01457330
v 0.03247580 -0.02269955 0.03049680
v 0.01447540 0.04588775 0.01359330
v 0.03297955 -0.02128895 0.03096985
v 0.01341755 0.04648880 0.01259995
v 0.03345070 -0.01985740 0.03141230
v 0.01234645 0.04704405 0.01159410
v 0.03388890 -0.01840620 0.03182380
v 0.01126320 0.04755285 0.01057685
v 0.03429360 -0.01693690 0.03220385
v 0.01016880 0.04801470 0.00954910
v 0.03466450 -0.01545085 0.03255215
v 0.00906435 0.04842915 0.00851200
v 0.03500120 -0.01394955 0.03286830
v 0.00795100 0.04879585 0.00746645
v 0.03530335 -0.01243450 0.03315205
v 0.00682975 0.04911435 0.00641355
v 0.03557065 -0.01090715 0.03340305
v 0.00570180 0.04938440 0.00535435
v 0.03580280 -0.00936905 0.03362110
v 0.00456820 0.04960575 0.00428980
v 0.03599970 -0.00782170 0.03380595
v 0.00343010 0.04977810 0.00322110
v 0.03616105 -0.00626665 0.03395745
v 0.00228860 0.04990135 0.00214915
v 0.03628665 -0.00470540 0.03407545
v 0.00114485 0.04997530 0.00107510
v 0.03637650 -0.00313950 0.03415980
v 0.03643045 -0.00157055 0.03421045
v 0.03644840 0.00000000 0.03422735
v 0.03643045 0.00157055 0.03421045
v 0.03637650 0.00313955 0.03415980
v 0.00114485 -0.04997530 0.00107510
v 0.03628665 0.00470540 0.03407545
v 0.00228860 -0.04990135 0.00214915
v 0.03616105 0.00626665 0.03395745
v 0.00343010 -0.04977810 0.00322110
v 0.03599970 0.00782175 0.03380595
v 0.00456820 -0.04960575 0.00428985
v 0.03580280 0.00936905 0.03362110
v 0.00570180 -0.04938440 0.00535435
v 0.03557065 0.01090715 0.03340305
v 0.00682975 -0.04911435 0.00641355
v 0.03530335 0.01243450 0.03315205
v 0.00795100 -0.04879585 0.00746645
v 0.03500120 0.01394955 0.03286830
v 0.00906435 -0.04842915 0.00851200
v 0.03466450 0.01545085 0.03255215
v 0.01016880 -0.04801470 0.00954915
v 0.03429360 0.01693690 0.03220385
v 0.01126320 -0.04755285 0.01057685
v 0.03388890 0.01840625 0.03182380
v 0.01234645 -0.04704405 0.01159410
v 0.03345070 0.01985740 0.03141230
v 0.01341755 -0.04648880 0.01259995
v 0.03297955 0.02128895 0.03096985
v 0.01447540 -0.04588775 0.01359330
v 0.03247580 0.02269955 0.03049680
v 0.01551900 -0.04524135 0.01457330
v 0.03194000 0.02408770 0.02999365
v 0.01654725 -0.04455035 0.01553890
v 0.03137270 0.02545205 0.02946090
v 0.01755915 -0.04381535 0.01648915
v 0.03077445 0.02679135 0.02889910
v 0.01855375 -0.04303710 0.01742315
v 0.03014580 0.02810415 0.02830880
v 0.01953005 -0.04221640 0.01833995
v 0.02948740 0.02938925 0.02769050
v 0.02048705 -0.04135405 0.01923865
v 0.02879990 0.03064535 0.02704490
v 0.02142385 -0.04045085 0.02011835
v 0.02808400 0.03187120 0.02637265
v 0.02233950 -0.03950775 0.02097820
v 0.02734035 0.03306560 0.02567430
v 0.02323310 -0.03852565 0.02181735
v 0.02656975 0.03422735 0.02495065
v 0.02410380 -0.03750555 0.02263495
v 0.02577295 0.03535535 0.02420240
v 0.02495065 -0.03644845 0.02343025
v 0.02495065 0.03644845 0.02343025
v 0.02577295 -0.03535535 0.02420240
v 0.02410380 0.03750555 0.02263495
v 0.02656975 -0.03422735 0.02495065
v 0.02323310 0.03852565 0.02181735
v 0.02734035 -0.03306560 0.02567430
v 0.02233950 0.03950775 0.02097820
v 0.02808400 -0.03187120 0.02637265
v 0.02142385 0.04045085 0.02011835
v 0.02879990 -0.03064535 0.02704490
v 0.02048705 0.04135405 0.01923860
v 0.02948740 -0.02938925 0.02769050
v 0.01953005 0.04221640 0.01833995
v 0.01855375 0.04303710 0.01742315
v 0.01418225 0.04648880 0.01173255
v 0.03535710 -0.01985740 0.02924995
v 0.01305010 0.04704405 0.01079600
v 0.03582025 -0.01840620 0.02963310
v 0.01190510 0.04755285 0.00984875
v 0.03624805 -0.01693690 0.02998700
v 0.01074830 0.04801470 0.00889180
v 0.03664010 -0.01545085 0.03031130
v 0.00958095 0.04842915 0.00792605
v 0.03699595 -0.01394955 0.03060570
v 0.00840410 0.04879585 0.00695250
v 0.03731530 -0.01243450 0.03086990
v 0.00721900 0.04911435 0.00597205
v 0.03759785 -0.01090715 0.03110365
v 0.00602675 0.04938440 0.00498575
v 0.03784325 -0.00936905 0.03130665
v 0.00482855 0.04960575 0.00399450
v 0.03805135 -0.00782170 0.03147880
v 0.00362560 0.04977810 0.00299935
v 0.03822190 -0.00626665 0.03161990
v 0.00241905 0.04990135 0.00200120
v 0.03835470 -0.00470540 0.03172975
v 0.00121010 0.04997530 0.00100110
v 0.03844965 -0.00313950 0.03180830
v 0.03850665 -0.00157055 0.03185550
v 0.03852565 0.00000000 0.03187120
v 0.03850665 0.00157055 0.03185550
v 0.03844965 0.00313955 0.03180830
v 0.00121010 -0.04997530 0.00100110
v 0.03835470 0.00470540 0.03172975
v 0.00241905 -0.04990135 0.00200120
v 0.03822190 0.00626665 0.03161990
v 0.00362560 -0.04977810 0.00299935
v 0.03805135 0.00782175 0.03147880
v 0.00482855 -0.04960575 0.00399450
v 0.03784325 0.00936905 0.03130665
v 0.00602675 -0.04938440 0.00498575
v 0.03759785 0.01090715 0.03110365
v 0.00721900 -0.04911435 0.00597205
v 0.03731530 0.01243450 0.03086990
v 0.00840410 -0.04879585 0.00695250
v 0.03699595 0.01394955 0.03060570
v 0.00958095 -0.04842915 0.00792605
v 0.03664010 0.01545085 0.03031130
v 0.01074830 -0.04801470 0.00889180
v 0.03624805 0.01693690 0.02998700
v 0.01190510 -0.04755285 0.00984875
v 0.03582025 0.01840625 0.02963310
v 0.01305010 -0.04704405 0.01079600
v 0.03535710 0.01985740 0.02924995
v 0.01418225 -0.04648880 0.01173260
v 0.03485905 0.02128895 0.02883790
v 0.01530040 -0.04588775 0.01265760
v 0.03432660 0.02269955 0.02839745
v 0.01640345 -0.04524135 0.01357010
v 0.03376030 0.02408770 0.02792895
v 0.01749030 -0.04455035 0.01446925
v 0.03316065 0.02545205 0.02743285
v 0.01855990 -0.04381535 0.01535405
v 0.03252830 0.02679135 0.02690975
v 0.01961115 -0.04303710 0.01622375
v 0.03186380 0.02810415 0.02636005
v 0.02064310 -0.04221640 0.01707745
v 0.03116790 0.02938925 0.02578435
v 0.02165465 -0.04135405 0.01791425
v 0.03044125 0.03064535 0.02518320
v 0.02264480 -0.04045085 0.01873340
v 0.02968455 0.03187120 0.02455720
v 0.02361265 -0.03950775 0.01953410
v 0.02889850 0.03306560 0.02390695
v 0.02455720 -0.03852565 0.02031545
v 0.02808400 0.03422735 0.02323310
v 0.02547745 -0.03750555 0.02107680
v 0.02724175 0.03535535 0.02253635
v 0.02637265 -0.03644845 0.02181735
v 0.02637265 0.03644845 0.02181735
v 0.02724175 -0.03535535 0.02253635
v 0.02547745 0.03750555 0.02107680
v 0.02808400 -0.03422735 0.02323310
v 0.02455720 0.03852565 0.02031545
v 0.02889850 -0.03306560 0.02390695
v 0.02361265 0.03950775 0.01953410
v 0.02968455 -0.03187120 0.02455720
v 0.02264480 0.04045085 0.01873340
v 0.03044125 -0.03064535 0.02518320
v 0.02165465 0.04135405 0.01791425
v 0.03116790 -0.02938925 0.02578435
v 0.02064310 0.04221640 0.01707745
v 0.03186380 -0.02810415 0.02636005
v 0.01961115 0.04303710 0.01622375
v 0.03252830 -0.02679135 0.02690975
v 0.01855990 0.04381535 0.01535405
v 0.03316065 -0.02545205 0.02743290
v 0.01749030 0.04455035 0.01446920
v 0.03376030 -0.02408770 0.02792895
v 0.01640345 0.04524135 0.01357010
v 0.03432660 -0.02269955 0.02839745
v 0.01530040 0.04588775 0.01265760
v 0.03485905 -0.02128895 0.02883790
v 0.03847105 -0.01545085 0.02795085
v 0.03884470 -0.01394955 0.02822230
v 0.00882410 0.04879585 0.00641105
v 0.03918000 -0.01243450 0.02846595
v 0.00757975 0.04911435 0.00550700
v 0.03947665 -0.01090715 0.02868145
v 0.00632790 0.04938440 0.00459750
v 0.03973435 -0.00936905 0.02886870
v 0.00506985 0.04960575 0.00368345
v 0.03995285 -0.00782170 0.02902745
v 0.00380675 0.04977810 0.00276575
v 0.04013190 -0.00626665 0.02915750
v 0.00253995 0.04990135 0.00184535
v 0.04027135 -0.00470540 0.02925885
v 0.00127060 0.04997530 0.00092315
v 0.04037100 -0.00313950 0.02933125
v 0.04043090 -0.00157055 0.02937475
v 0.04045085 0.00000000 0.02938925
v 0.04043090 0.00157055 0.02937475
v 0.04037100 0.00313955 0.02933125
v 0.00127060 -0.04997530 0.00092315
v 0.04027135 0.00470540 0.02925885
v 0.00253995 -0.04990135 0.00184535
v 0.04013190 0.00626665 0.02915750
v 0.00380675 -0.04977810 0.00276580
v 0.03995285 0.00782175 0.02902745
v 0.00506985 -0.04960575 0.00368345
v 0.03973435 0.00936905 0.02886870
v 0.00632790 -0.04938440 0.00459750
v 0.03947665 0.01090715 0.02868145
v 0.00757975 -0.04911435 0.00550700
v 0.03918000 0.01243450 0.02846595
v 0.00882410 -0.04879585 0.00641105
v 0.03884470 0.01394955 0.02822230
v 0.01005970 -0.04842915 0.00730880
v 0.03847105 0.01545085 0.02795085
v 0.01128545 -0.04801470 0.00819935
v 0.03805940 0.01693690 0.02765180
v 0.01250000 -0.04755285 0.00908180
v 0.03761025 0.01840625 0.02732545
v 0.01370225 -0.04704405 0.00995525
v 0.03712395 0.01985740 0.02697215
v 0.01489095 -0.04648880 0.01081890
v 0.03660105 0.02128895 0.02659220
v 0.01606495 -0.04588775 0.01167190
v 0.03604195 0.02269955 0.02618600
v 0.01722315 -0.04524135 0.01251335
v 0.03544735 0.02408770 0.02575400
v 0.01836430 -0.04455035 0.01334245
v 0.03481775 0.02545205 0.02529655
v 0.01948735 -0.04381535 0.01415840
v 0.03415380 0.02679135 0.02481415
v 0.02059115 -0.04303710 0.01496035
v 0.03345610 0.02810415 0.02430730
v 0.02167465 -0.04221640 0.01574755
v 0.03272540 0.02938925 0.02377640
v 0.02273675 -0.04135405 0.01651920
v 0.03196245 0.03064535 0.02322205
v 0.02377640 -0.04045085 0.01727460
v 0.03116790 0.03187120 0.02264480
v 0.02479260 -0.03950775 0.01801290
v 0.03034265 0.03306560 0.02204520
v 0.02578435 -0.03852565 0.01873340
v 0.02948740 0.03422735 0.02142385
v 0.02675065 -0.03750555 0.01943545
v 0.02860305 0.03535535 0.02078135
v 0.02769050 -0.03644845 0.02011835
v 0.02769050 0.03644845 0.02011835
v 0.02860305 -0.03535535 0.02078135
v 0.02675065 0.03750555 0.01943545
v 0.02948740 -0.03422735 0.02142385
v 0.02578435 0.03852565 0.01873340
v 0.03034265 -0.03306560 0.02204520
v 0.02479260 0.03950775 0.01801290
v 0.03116790 -0.03187120 0.02264480
v 0.02377640 0.04045085 0.01727455
v 0.03196245 -0.03064535 0.02322210
v 0.02273675 0.04135405 0.01651920
v 0.03272540 -0.02938925 0.02377640
v 0.02167465 0.04221640 0.01574755
v 0.03345610 -0.02810415 0.02430730
v 0.02059115 0.04303710 0.01496035
v 0.03415380 -0.02679135 0.02481415
v 0.01948735 0.04381535 0.01415840
v 0.03481775 -0.02545205 0.02529655
v 0.01836430 0.04455035 0.01334245
v 0.03544735 -0.02408770 0.02575400
v 0.01722315 0.04524135 0.01251335
v 0.03604195 -0.02269955 0.02618605
v 0.01606495 0.04588775 0.01167190
v 0.03660105 -0.02128895 0.02659220
v 0.01489095 0.04648880 0.01081890
v 0.03712395 -0.01985740 0.02697215
v 0.01370225 0.04704405 0.00995525
v 0.03761025 -0.01840620 0.02732545
v 0.01250000 0.04755285 0.00908180
v 0.03805940 -0.01693690 0.02765180
v 0.01128545 0.04801470 0.00819935
v 0.01005970 0.04842915 0.00730880
v 0.00397290 0.04977810 0.00252130
v 0.04169665 -0.00782170 0.02646150
v 0.04188350 -0.00626665 0.02658010
v 0.00265080 0.04990135 0.00168225
v 0.04202905 -0.00470540 0.02667245
v 0.00132605 0.04997530 0.00084155
v 0.04213310 -0.00313950 0.02673845
v 0.04219555 -0.00157055 0.02677810
v 0.04221640 0.00000000 0.02679135
v 0.04219555 0.00157055 0.02677810
v 0.04213310 0.00313955 0.02673845
v 0.00132605 -0.04997530 0.00084155
v 0.04202905 0.00470540 0.02667245
v 0.00265080 -0.04990135 0.00168225
v 0.04188350 0.00626665 0.02658010
v 0.00397290 -0.04977810 0.00252130
v 0.04169665 0.00782175 0.02646150
v 0.00529110 -0.04960575 0.00335785
v 0.04146860 0.00936905 0.02631680
v 0.00660410 -0.04938440 0.00419110
v 0.04119970 0.01090715 0.02614610
v 0.00791055 -0.04911435 0.00502020
v 0.04089010 0.01243450 0.02594965
v 0.00920920 -0.04879585 0.00584435
v 0.04054015 0.01394955 0.02572755
v 0.01049880 -0.04842915 0.00666275
v 0.04015020 0.01545085 0.02548010
v 0.01177800 -0.04801470 0.00747455
v 0.03972060 0.01693690 0.02520745
v 0.01304560 -0.04755285 0.00827900
v 0.03925180 0.01840625 0.02490995
v 0.01430030 -0.04704405 0.00907525
v 0.03874430 0.01985740 0.02458785
v 0.01554090 -0.04648880 0.00986255
v 0.03819855 0.02128895 0.02424155
v 0.01676615 -0.04588775 0.01064015
v 0.03761510 0.02269955 0.02387125
v 0.01797485 -0.04524135 0.01140720
v 0.03699450 0.02408770 0.02347740
v 0.01916585 -0.04455035 0.01216300
v 0.03633740 0.02545205 0.02306045
v 0.02033790 -0.04381535 0.01290685
v 0.03564450 0.02679135 0.02262065
v 0.02148990 -0.04303710 0.01363790
v 0.03491635 0.02810415 0.02215860
v 0.02262070 -0.04221640 0.01435550
v 0.03415380 0.02938925 0.02167465
v 0.02372915 -0.04135405 0.01505895
v 0.03335750 0.03064535 0.02116930
v 0.02481415 -0.04045085 0.01574755
v 0.03252830 0.03187120 0.02064310
v 0.02587470 -0.03950775 0.01642060
v 0.03166700 0.03306560 0.02009650
v 0.02690975 -0.03852565 0.01707745
v 0.03077445 0.03422735 0.01953005
v 0.02791820 -0.03750555 0.01771745
v 0.02985150 0.03535535 0.01894435
v 0.02889910 -0.03644845 0.01833995
v 0.02889910 0.03644845 0.01833995
v 0.02985150 -0.03535535 0.01894435
v 0.02791820 0.03750555 0.01771745
v 0.03077445 -0.03422735 0.01953005
v 0.02690975 0.03852565 0.01707745
v 0.03166700 -0.03306560 0.02009650
v 0.02587470 0.03950775 0.01642060
v 0.03252830 -0.03187120 0.02064310
v 0.02481415 0.04045085 0.01574755
v 0.03335750 -0.03064535 0.02116930
v 0.02372915 0.04135405 0.01505895
v 0.03415380 -0.02938925 0.02167465
v 0.02262070 0.04221640 0.01435550
v 0.03491635 -0.02810415 0.02215860
v 0.02148990 0.04303710 0.01363790
v 0.03564450 -0.02679135 0.02262070
v 0.02033790 0.04381535 0.01290680
v 0.03633740 -0.02545205 0.02306045
v 0.01916585 0.04455035 0.01216300
v 0.03699450 -0.02408770 0.02347745
v 0.01797485 0.04524135 0.01140720
v 0.03761510 -0.02269955 0.02387125
v 0.01676615 0.04588775 0.01064010
v 0.03819855 -0.02128895 0.02424155
v 0.01554090 0.04648880 0.00986255
v 0.03874430 -0.01985740 0.02458790
v 0.01430030 0.04704405 0.00907525
v 0.03925180 -0.01840620 0.02490995
v 0.01304560 0.04755285 0.00827900
v 0.03972060 -0.01693690 0.02520745
v 0.01177800 0.04801470 0.00747455
v 0.04015020 -0.01545085 0.02548010
v 0.01049880 0.04842915 0.00666275
v 0.04054015 -0.01394955 0.02572755
v 0.00920920 0.04879585 0.00584435
v 0.04089010 -0.01243450 0.02594965
v 0.00791055 0.04911435 0.00502020
v 0.04119970 -0.01090715 0.02614610
v 0.00660410 0.04938440 0.00419110
v 0.04146860 -0.00936905 0.02631680
v 0.00529110 0.04960575 0.00335785
v 0.04381530 0.00000000 0.02408770
v 0.04379370 0.00157055 0.02407580
v 0.04372885 0.00313955 0.02404015
v 0.00137625 -0.04997530 0.00075660
v 0.04362090 0.00470540 0.02398080
v 0.00275120 -0.04990135 0.00151250
v 0.04346985 0.00626665 0.02389775
v 0.00412340 -0.04977810 0.00226685
v 0.04327590 0.00782175 0.02379115
v 0.00549150 -0.04960575 0.00301900
v 0.04303925 0.00936905 0.02366100
v 0.00685425 -0.04938440 0.00376815
v 0.04276010 0.01090715 0.02350755
v 0.00821015 -0.04911435 0.00451360
v 0.04243880 0.01243450 0.02333090
v 0.00955800 -0.04879585 0.00525455
v 0.04207560 0.01394955 0.02313125
v 0.01089645 -0.04842915 0.00599035
v 0.04167085 0.01545085 0.02290875
v 0.01222410 -0.04801470 0.00672025
v 0.04122500 0.01693690 0.02266365
v 0.01353970 -0.04755285 0.00744350
v 0.04073845 0.01840625 0.02239615
v 0.01484190 -0.04704405 0.00815940
v 0.04021170 0.01985740 0.02210660
v 0.01612950 -0.04648880 0.00886725
v 0.03964530 0.02128895 0.02179520
v 0.01740115 -0.04588775 0.00956640
v 0.03903975 0.02269955 0.02146230
v 0.01865565 -0.04524135 0.01025605
v 0.03839565 0.02408770 0.02110820
v 0.01989175 -0.04455035 0.01093560
v 0.03771370 0.02545205 0.02073330
v 0.02110820 -0.04381535 0.01160435
v 0.03699450 0.02679135 0.02033790
v 0.02230380 -0.04303710 0.01226165
v 0.03623880 0.02810415 0.01992245
v 0.02347745 -0.04221640 0.01290685
v 0.03544735 0.02938925 0.01948735
v 0.02462785 -0.04135405 0.01353930
v 0.03462090 0.03064535 0.01903300
v 0.02575400 -0.04045085 0.01415840
v 0.03376030 0.03187120 0.01855985
v 0.02685470 -0.03950775 0.01476350
v 0.03286635 0.03306560 0.01806845
v 0.02792895 -0.03852565 0.01535405
v 0.03194000 0.03422735 0.01755915
v 0.02897560 -0.03750555 0.01592945
v 0.03098210 0.03535535 0.01703255
v 0.02999365 -0.03644845 0.01648915
v 0.02999365 0.03644845 0.01648915
v 0.03098210 -0.03535535 0.01703255
v 0.02897560 0.03750555 0.01592945
v 0.03194000 -0.03422735 0.01755915
v 0.02792895 0.03852565 0.01535405
v 0.03286635 -0.03306560 0.01806845
v 0.02685470 0.03950775 0.01476350
v 0.03376030 -0.03187120 0.01855990
v 0.02575400 0.04045085 0.01415840
v 0.03462090 -0.03064535 0.01903300
v 0.02462785 0.04135405 0.01353930
v 0.03544735 -0.02938925 0.01948735
v 0.02347745 0.04221640 0.01290685
v 0.03623880 -0.02810415 0.01992245
v 0.02230380 0.04303710 0.01226165
v 0.03699450 -0.02679135 0.02033790
v 0.02110820 0.04381535 0.01160435
v 0.03771370 -0.02545205 0.02073330
v 0.01989175 0.04455035 0.01093560
v 0.03839565 -0.02408770 0.02110820
v 0.01865565 0.04524135 0.01025605
v 0.03903975 -0.02269955 0.02146230
v 0.01740115 0.04588775 0.00956635
v 0.03964530 -0.02128895 0.02179520
v 0.01612950 0.04648880 0.00886725
v 0.04021170 -0.01985740 0.02210660
v 0.01484190 0.04704405 0.00815940
v 0.04073845 -0.01840625 0.02239615
v 0.01353970 0.04755285 0.00744350
v 0.04122500 -0.01693690 0.02266365
v 0.01222410 0.04801470 0.00672025
v 0.04167085 -0.01545085 0.02290875
v 0.01089645 0.04842915 0.00599035
v 0.04207560 -0.01394955 0.02313125
v 0.00955800 0.04879585 0.00525455
v 0.04243880 -0.01243450 0.02333090
v 0.00821015 0.04911435 0.00451360
v 0.04276010 -0.01090715 0.02350755
v 0.00685425 0.04938440 0.00376815
v 0.04303925 -0.00936905 0.02366100
v 0.00549150 0.04960575 0.00301900
v 0.04327590 -0.00782170 0.02379115
v 0.00412340 0.04977810 0.00226685
v 0.04346985 -0.00626665 0.02389775
v 0.00275120 0.04990135 0.00151245
v 0.04362090 -0.00470540 0.02398080
v 0.00137625 0.04997530 0.00075660
v 0.04372885 -0.00313950 0.02404015
v 0.04379370 -0.00157055 0.02407580
v 0.01796750 -0.04588775 0.00845485
v 0.01926285 -0.04524135 0.00906440
v 0.04031035 0.02269955 0.01896860
v 0.03964530 0.02408770 0.01865565
v 0.02053915 -0.04455035 0.00966500
v 0.03894110 0.02545205 0.01832430
v 0.02179520 -0.04381535 0.01025605
v 0.03819855 0.02679135 0.01797485
v 0.02302970 -0.04303710 0.01083695
v 0.03741825 0.02810415 0.01760770
v 0.02424155 -0.04221640 0.01140720
v 0.03660100 0.02938925 0.01722315
v 0.02542940 -0.04135405 0.01196615
v 0.03574770 0.03064535 0.01682160
v 0.02659220 -0.04045085 0.01251335
v 0.03485905 0.03187120 0.01640345
v 0.02772875 -0.03950775 0.01304815
v 0.03393605 0.03306560 0.01596910
v 0.02883790 -0.03852565 0.01357010
v 0.03297955 0.03422735 0.01551900
v 0.02991865 -0.03750555 0.01407865
v 0.03199045 0.03535535 0.01505355
v 0.03096985 -0.03644845 0.01457330
v 0.03096985 0.03644845 0.01457330
v 0.03199045 -0.03535535 0.01505355
v 0.02991865 0.03750555 0.01407865
v 0.03297955 -0.03422735 0.01551900
v 0.02883790 0.03852565 0.01357010
v 0.03393605 -0.03306560 0.01596910
v 0.02772875 0.03950775 0.01304815
v 0.03485905 -0.03187120 0.01640345
v 0.02659220 0.04045085 0.01251335
v 0.03574770 -0.03064535 0.01682160
v 0.02542940 0.04135405 0.01196615
v 0.03660100 -0.02938925 0.01722315
v 0.02424155 0.04221640 0.01140720
v 0.03741825 -0.02810415 0.01760770
v 0.02302970 0.04303710 0.01083695
v 0.03819855 -0.02679135 0.01797485
v 0.02179520 0.04381535 0.01025605
v 0.03894110 -0.02545205 0.01832430
v 0.02053915 0.04455035 0.00966500
v 0.03964530 -0.02408770 0.01865565
v 0.01926285 0.04524135 0.00906440
v 0.04031035 -0.02269955 0.01896860
v 0.01796750 0.04588775 0.00845485
v 0.04093560 -0.02128895 0.01926285
v 0.01665445 0.04648880 0.00783700
v 0.04152045 -0.01985740 0.01953805
v 0.01532495 0.04704405 0.00721135
v 0.04206435 -0.01840625 0.01979400
v 0.01398035 0.04755285 0.00657865
v 0.04256670 -0.01693690 0.02003040
v 0.01262195 0.04801470 0.00593945
v 0.04302710 -0.01545085 0.02024700
v 0.01125105 0.04842915 0.00529435
v 0.04344500 -0.01394955 0.02044365
v 0.00986910 0.04879585 0.00464405
v 0.04382000 -0.01243450 0.02062015
v 0.00847740 0.04911435 0.00398915
v 0.04415180 -0.01090715 0.02077625
v 0.00707730 0.04938440 0.00333030
v 0.04444000 -0.00936905 0.02091185
v 0.00567025 0.04960575 0.00266820
v 0.04468435 -0.00782170 0.02102685
v 0.00425760 0.04977810 0.00200345
v 0.04488460 -0.00626665 0.02112110
v 0.00284075 0.04990135 0.00133675
v 0.04504055 -0.00470540 0.02119450
v 0.00142105 0.04997530 0.00066870
v 0.04515205 -0.00313950 0.02124695
v 0.04521905 -0.00157055 0.02127845
v 0.04524135 0.00000000 0.02128895
v 0.04521905 0.00157055 0.02127845
v 0.04515205 0.00313955 0.02124695
v 0.00142105 -0.04997530 0.00066870
v 0.04504055 0.00470540 0.02119450
v 0.00284075 -0.04990135 0.00133675
v 0.04488460 0.00626665 0.02112110
v 0.00425760 -0.04977810 0.00200345
v 0.04468435 0.00782175 0.02102685
v 0.00567025 -0.04960575 0.00266820
v 0.04444000 0.00936905 0.02091185
v 0.00707730 -0.04938440 0.00333035
v 0.04415180 0.01090715 0.02077625
v 0.00847740 -0.04911435 0.00398915
v 0.04382000 0.01243450 0.02062015
v 0.00986910 -0.04879585 0.00464405
v 0.04344500 0.01394955 0.02044365
v 0.01125105 -0.04842915 0.00529435
v 0.04302710 0.01545085 0.02024700
v 0.01262195 -0.04801470 0.00593945
v 0.04256670 0.01693690 0.02003040
v 0.01398035 -0.04755285 0.00657865
v 0.04206435 0.01840625 0.01979395
v 0.01532495 -0.04704405 0.00721140
v 0.04152045 0.01985740 0.01953805
v 0.01665445 -0.04648880 0.00783700
v 0.04093560 0.02128895 0.01926285
v 0.03761025 0.02938925 0.01489095
v 0.02490995 -0.04221640 0.00986255
v 0.02613060 -0.04135405 0.01034585
v 0.03673335 0.03064535 0.01454375
v 0.02732545 -0.04045085 0.01081890
v 0.03582025 0.03187120 0.01418225
v 0.02849330 -0.03950775 0.01128130
v 0.03487180 0.03306560 0.01380670
v 0.02963310 -0.03852565 0.01173255
v 0.03388890 0.03422735 0.01341755
v 0.03074360 -0.03750555 0.01217225
v 0.03287255 0.03535535 0.01301515
v 0.03182380 -0.03644845 0.01259995
v 0.03182380 0.03644845 0.01259995
v 0.03287255 -0.03535535 0.01301515
v 0.03074360 0.03750555 0.01217225
v 0.03388890 -0.03422735 0.01341755
v 0.02963310 0.03852565 0.01173255
v 0.03487180 -0.03306560 0.01380670
v 0.02849330 0.03950775 0.01128130
v 0.03582025 -0.03187120 0.01418225
v 0.02732545 0.04045085 0.01081890
v 0.03673335 -0.03064535 0.01454380
v 0.02613060 0.04135405 0.01034585
v 0.03761025 -0.02938925 0.01489095
v 0.02490995 0.04221640 0.00986255
v 0.03845000 -0.02810415 0.01522345
v 0.02366475 0.04303710 0.00936955
v 0.03925180 -0.02679135 0.01554090
v 0.02239615 0.04381535 0.00886725
v 0.04001490 -0.02545205 0.01584300
v 0.02110550 0.04455035 0.00835625
v 0.04073845 -0.02408770 0.01612950
v 0.01979400 0.04524135 0.00783700
v 0.04142185 -0.02269955 0.01640005
v 0.01846295 0.04588775 0.00731000
v 0.04206435 -0.02128895 0.01665445
v 0.01711370 0.04648880 0.00677580
v 0.04266535 -0.01985740 0.01689240
v 0.01574755 0.04704405 0.00623490
v 0.04322420 -0.01840625 0.01711370
v 0.01436585 0.04755285 0.00568785
v 0.04374045 -0.01693690 0.01731805
v 0.01296995 0.04801470 0.00513515
v 0.04421350 -0.01545085 0.01750535
v 0.01156130 0.04842915 0.00457745
v 0.04464290 -0.01394955 0.01767540
v 0.01014120 0.04879585 0.00401520
v 0.04502830 -0.01243450 0.01782795
v 0.00871115 0.04911435 0.00344900
v 0.04536920 -0.01090715 0.01796295
v 0.00727245 0.04938440 0.00287935
v 0.04566535 -0.00936905 0.01808020
v 0.00582660 0.04960575 0.00230690
v 0.04591645 -0.00782170 0.01817960
v 0.00437500 0.04977810 0.00173220
v 0.04612225 -0.00626665 0.01826110
v 0.00291905 0.04990135 0.00115575
v 0.04628250 -0.00470540 0.01832455
v 0.00146025 0.04997530 0.00057815
v 0.04639710 -0.00313950 0.01836990
v 0.04646590 -0.00157055 0.01839715
v 0.04648880 0.00000000 0.01840625
v 0.04646590 0.00157055 0.01839715
v 0.04639710 0.00313955 0.01836990
v 0.00146025 -0.04997530 0.00057815
v 0.04628250 0.00470540 0.01832455
v 0.00291905 -0.04990135 0.00115575
v 0.04612225 0.00626665 0.01826110
v 0.00437500 -0.04977810 0.00173220
v 0.04591645 0.00782170 0.01817960
v 0.00582660 -0.04960575 0.00230690
v 0.04566535 0.00936905 0.01808020
v 0.00727245 -0.04938440 0.00287935
v 0.04536920 0.01090715 0.01796295
v 0.00871115 -0.04911435 0.00344900
v 0.04502830 0.01243450 0.01782795
v 0.01014120 -0.04879585 0.00401520
v 0.04464290 0.01394955 0.01767540
v 0.01156130 -0.04842915 0.00457745
v 0.04421350 0.01545085 0.01750535
v 0.01296995 -0.04801470 0.00513520
v 0.04374045 0.01693690 0.01731805
v 0.01436585 -0.04755285 0.00568785
v 0.04322420 0.01840625 0.01711365
v 0.01574755 -0.04704405 0.00623490
v 0.04266535 0.01985740 0.01689240
v 0.01711370 -0.04648880 0.00677580
v 0.04206435 0.02128895 0.01665445
v 0.01846295 -0.04588775 0.00731000
v 0.04142185 0.02269955 0.01640005
v 0.01979400 -0.04524135 0.00783700
v 0.04073845 0.02408770 0.01612950
v 0.02110550 -0.04455035 0.00835625
v 0.04001490 0.02545205 0.01584300
v 0.02239615 -0.04381535 0.00886725
v 0.03925180 0.02679135 0.01554090
v 0.02366475 -0.04303710 0.00936955
v 0.03845000 0.02810415 0.01522345
v 0.03144725 -0.03750555 0.01021785
v 0.03362490 0.03535535 0.01092540
v 0.03255215 -0.03644845 0.01057685
v 0.03255215 0.03644845 0.01057685
v 0.03362490 -0.03535535 0.01092540
v 0.03144725 0.03750555 0.01021785
v 0.03466450 -0.03422735 0.01126320
v 0.03031130 0.03852565 0.00984875
v 0.03566990 -0.03306560 0.01158985
v 0.02914545 0.03950775 0.00946995
v 0.03664010 -0.03187120 0.01190510
v 0.02795085 0.04045085 0.00908175
v 0.03757410 -0.03064535 0.01220855
v 0.02672865 0.04135405 0.00868465
v 0.03847105 -0.02938925 0.01250000
v 0.02548010 0.04221640 0.00827900
v 0.03933000 -0.02810415 0.01277910
v 0.02420635 0.04303710 0.00786510
v 0.04015020 -0.02679135 0.01304560
v 0.02290875 0.04381535 0.00744350
v 0.04093070 -0.02545205 0.01329920
v 0.02158855 0.04455035 0.00701455
v 0.04167085 -0.02408770 0.01353970
v 0.02024700 0.04524135 0.00657865
v 0.04236985 -0.02269955 0.01376680
v 0.01888550 0.04588775 0.00613625
v 0.04302710 -0.02128895 0.01398035
v 0.01750535 0.04648880 0.00568785
v 0.04364180 -0.01985740 0.01418010
v 0.01610795 0.04704405 0.00523380
v 0.04421350 -0.01840625 0.01436585
v 0.01469465 0.04755285 0.00477455
v 0.04474155 -0.01693690 0.01453740
v 0.01326680 0.04801470 0.00431065
v 0.04522540 -0.01545085 0.01469465
v 0.01182590 0.04842915 0.00384245
v 0.04566465 -0.01394955 0.01483735
v 0.01037335 0.04879585 0.00337050
v 0.04605885 -0.01243450 0.01496545
v 0.00891050 0.04911435 0.00289520
v 0.04640760 -0.01090715 0.01507875
v 0.00743890 0.04938440 0.00241705
v 0.04671055 -0.00936905 0.01517715
v 0.00595995 0.04960575 0.00193650
v 0.04696735 -0.00782170 0.01526065
v 0.00447510 0.04977810 0.00145405
v 0.04717785 -0.00626665 0.01532900
v 0.00298585 0.04990135 0.00097015
v 0.04734180 -0.00470540 0.01538230
v 0.00149365 0.04997530 0.00048530
v 0.04745900 -0.00313950 0.01542035
v 0.04752935 -0.00157055 0.01544325
v 0.04755280 0.00000000 0.01545085
v 0.04752935 0.00157055 0.01544325
v 0.04745900 0.00313955 0.01542035
v 0.00149365 -0.04997530 0.00048535
v 0.04734180 0.00470540 0.01538230
v 0.00298585 -0.04990135 0.00097015
v 0.04717785 0.00626665 0.01532900
v 0.00447510 -0.04977810 0.00145405
v 0.04696735 0.00782170 0.01526065
v 0.00595995 -0.04960575 0.00193650
v 0.04671055 0.00936905 0.01517715
v 0.00743890 -0.04938440 0.00241705
v 0.04640760 0.01090715 0.01507875
v 0.00891050 -0.04911435 0.00289520
v 0.04605885 0.01243450 0.01496545
v 0.01037335 -0.04879585 0.00337050
v 0.04566465 0.01394955 0.01483735
v 0.01182590 -0.04842915 0.00384245
v 0.04522540 0.01545085 0.01469465
v 0.01326680 -0.04801470 0.00431065
v 0.04474155 0.01693690 0.01453740
v 0.01469465 -0.04755285 0.00477460
v 0.04421350 0.01840625 0.01436585
v 0.01610795 -0.04704405 0.00523380
v 0.04364180 0.01985740 0.01418010
v 0.01750535 -0.04648880 0.00568785
v 0.04302710 0.02128895 0.01398035
v 0.01888550 -0.04588775 0.00613630
v 0.04236985 0.02269955 0.01376680
v 0.02024700 -0.04524135 0.00657865
v 0.04167085 0.02408770 0.01353970
v 0.02158855 -0.04455035 0.00701455
v 0.04093070 0.02545205 0.01329920
v 0.02290875 -0.04381535 0.00744350
v 0.04015020 0.02679135 0.01304560
v 0.02420635 -0.04303710 0.00786515
v 0.03933000 0.02810415 0.01277910
v 0.02548010 -0.04221640 0.00827900
v 0.03847105 0.02938925 0.01250000
v 0.02672865 -0.04135405 0.00868465
v 0.03757410 0.03064535 0.01220855
v 0.02795085 -0.04045085 0.00908180
v 0.03664010 0.03187120 0.01190510
v 0.02914545 -0.03950775 0.00946995
v 0.03566990 0.03306560 0.01158985
v 0.03031130 -0.03852565 0.00984875
v 0.03466450 0.03422735 0.01126320
v 0.02968255 0.03950775 0.00762120
v 0.03731530 -0.03187120 0.00958095
v 0.02846595 0.04045085 0.00730880
v 0.03826655 -0.03064535 0.00982520
v 0.02722120 0.04135405 0.00698920
v 0.03918000 -0.02938925 0.01005975
v 0.02594965 0.04221640 0.00666275
v 0.04005480 -0.02810415 0.01028435
v 0.02465245 0.04303710 0.00632965
v 0.04089010 -0.02679135 0.01049880
v 0.02333090 0.04381535 0.00599035
v 0.04168500 -0.02545205 0.01070290
v 0.02198635 0.04455035 0.00564515
v 0.04243880 -0.02408770 0.01089645
v 0.02062015 0.04524135 0.00529435
v 0.04315070 -0.02269955 0.01107920
v 0.01923355 0.04588775 0.00493835
v 0.04382000 -0.02128895 0.01125105
v 0.01782795 0.04648880 0.00457745
v 0.04444610 -0.01985740 0.01141180
v 0.01640480 0.04704405 0.00421205
v 0.04502830 -0.01840625 0.01156130
v 0.01496545 0.04755285 0.00384245
v 0.04556605 -0.01693690 0.01169940
v 0.01351130 0.04801470 0.00346910
v 0.04605885 -0.01545085 0.01182590
v 0.01204385 0.04842915 0.00309235
v 0.04650620 -0.01394955 0.01194075
v 0.01056450 0.04879585 0.00271250
v 0.04690765 -0.01243450 0.01204385
v 0.00907470 0.04911435 0.00233000
v 0.04726280 -0.01090715 0.01213500
v 0.00757600 0.04938440 0.00194520
v 0.04757135 -0.00936905 0.01221425
v 0.00606980 0.04960575 0.00155845
v 0.04783290 -0.00782170 0.01228140
v 0.00455760 0.04977810 0.00117020
v 0.04804730 -0.00626665 0.01233645
v 0.00304090 0.04990135 0.00078075
v 0.04821425 -0.00470540 0.01237930
v 0.00152120 0.04997530 0.00039055
v 0.04833360 -0.00313955 0.01240995
v 0.04840525 -0.00157055 0.01242835
v 0.04842915 0.00000000 0.01243450
v 0.04840525 0.00157055 0.01242835
v 0.04833360 0.00313955 0.01240995
v 0.00152120 -0.04997530 0.00039060
v 0.04821425 0.00470540 0.01237930
v 0.00304090 -0.04990135 0.00078075
v 0.04804730 0.00626665 0.01233645
v 0.00455760 -0.04977810 0.00117020
v 0.04783290 0.00782170 0.01228140
v 0.00606980 -0.04960575 0.00155845
v 0.04757135 0.00936905 0.01221425
v 0.00757600 -0.04938440 0.00194520
v 0.04726280 0.01090715 0.01213500
v 0.00907470 -0.04911435 0.00233000
v 0.04690765 0.01243450 0.01204385
v 0.01056450 -0.04879585 0.00271250
v 0.04650620 0.01394955 0.01194075
v 0.01204385 -0.04842915 0.00309235
v 0.04605885 0.01545085 0.01182590
v 0.01351130 -0.04801470 0.00346910
v 0.04556605 0.01693690 0.01169940
v 0.01496545 -0.04755285 0.00384250
v 0.04502830 0.01840625 0.01156130
v 0.01640480 -0.04704405 0.00421205
v 0.04444610 0.01985740 0.01141180
v 0.01782795 -0.04648880 0.00457745
v 0.04382000 0.02128895 0.01125105
v 0.01923355 -0.04588775 0.00493835
v 0.04315070 0.02269955 0.01107920
v 0.02062015 -0.04524135 0.00529435
v 0.04243880 0.02408770 0.01089640
v 0.02198635 -0.04455035 0.00564515
v 0.04168500 0.02545205 0.01070290
v 0.02333090 -0.04381535 0.00599035
v 0.04089010 0.02679135 0.01049880
v 0.02465245 -0.04303710 0.00632970
v 0.04005480 0.02810415 0.01028435
v 0.02594965 -0.04221640 0.00666275
v 0.03918000 0.02938925 0.01005970
v 0.02722120 -0.04135405 0.00698920
v 0.03826655 0.03064535 0.00982520
v 0.02846595 -0.04045085 0.00730880
v 0.03731530 0.03187120 0.00958095
v 0.02968255 -0.03950775 0.00762120
v 0.03632725 0.03306560 0.00932725
v 0.03086990 -0.03852565 0.00792605
v 0.03530335 0.03422735 0.00906435
v 0.03202680 -0.03750555 0.00822310
v 0.03424455 0.03535535 0.00879250
v 0.03315205 -0.03644845 0.00851200
v 0.03315205 0.03644845 0.00851200
v 0.03424455 -0.03535535 0.00879250
v 0.03202680 0.03750555 0.00822310
v 0.03530335 -0.03422735 0.00906435
v 0.03086990 0.03852565 0.00792605
v 0.03632725 -0.03306560 0.00932725
v 0.02366100 0.04381535 0.00451360
v 0.04227480 -0.02545205 0.00806435
v 0.02229745 0.04455035 0.00425345
v 0.04303925 -0.02408770 0.00821015
v 0.02091190 0.04524135 0.00398915
v 0.04376120 -0.02269955 0.00834790
v 0.01950565 0.04588775 0.00372090
v 0.04444000 -0.02128895 0.00847740
v 0.01808020 0.04648880 0.00344900
v 0.04507495 -0.01985740 0.00859850
v 0.01663690 0.04704405 0.00317365
v 0.04566535 -0.01840625 0.00871115
v 0.01517715 0.04755285 0.00289520
v 0.04621075 -0.01693690 0.00881520
v 0.01370245 0.04801470 0.00261390
v 0.04671055 -0.01545085 0.00891050
v 0.01221425 0.04842915 0.00233000
v 0.04716420 -0.01394955 0.00899705
v 0.01071395 0.04879585 0.00204380
v 0.04757135 -0.01243450 0.00907470
v 0.00920310 0.04911435 0.00175560
v 0.04793155 -0.01090715 0.00914340
v 0.00768320 0.04938440 0.00146565
v 0.04824440 -0.00936905 0.00920310
v 0.00615565 0.04960575 0.00117425
v 0.04850965 -0.00782170 0.00925370
v 0.00462205 0.04977810 0.00088170
v 0.04872710 -0.00626665 0.00929520
v 0.00308390 0.04990135 0.00058830
v 0.04889640 -0.00470540 0.00932750
v 0.00154270 0.04997530 0.00029430
v 0.04901745 -0.00313955 0.00935060
v 0.04909010 -0.00157055 0.00936445
v 0.04911435 0.00000000 0.00936905
v 0.04909010 0.00157055 0.00936445
v 0.04901745 0.00313955 0.00935060
v 0.00154270 -0.04997530 0.00029430
v 0.04889640 0.00470540 0.00932750
v 0.00308390 -0.04990135 0.00058830
v 0.04872710 0.00626665 0.00929520
v 0.00462205 -0.04977810 0.00088170
v 0.04850965 0.00782170 0.00925370
v 0.00615565 -0.04960575 0.00117425
v 0.04824440 0.00936905 0.00920310
v 0.00768320 -0.04938440 0.00146565
v 0.04793155 0.01090715 0.00914340
v 0.00920310 -0.04911435 0.00175560
v 0.04757135 0.01243450 0.00907470
v 0.01071395 -0.04879585 0.00204380
v 0.04716420 0.01394955 0.00899705
v 0.01221425 -0.04842915 0.00233000
v 0.04671055 0.01545085 0.00891050
v 0.01370245 -0.04801470 0.00261390
v 0.04621075 0.01693690 0.00881520
v 0.01517715 -0.04755285 0.00289520
v 0.04566535 0.01840625 0.00871115
v 0.01663690 -0.04704405 0.00317365
v 0.04507495 0.01985740 0.00859850
v 0.01808020 -0.04648880 0.00344900
v 0.04444000 0.02128895 0.00847740
v 0.01950565 -0.04588775 0.00372090
v 0.04376120 0.02269955 0.00834790
v 0.02091190 -0.04524135 0.00398915
v 0.04303925 0.02408770 0.00821015
v 0.02229745 -0.04455035 0.00425345
v 0.04227480 0.02545205 0.00806435
v 0.02366100 -0.04381535 0.00451360
v 0.04146865 0.02679135 0.00791055
v 0.02500125 -0.04303710 0.00476925
v 0.04062155 0.02810415 0.00774895
v 0.02631680 -0.04221640 0.00502020
v 0.03973435 0.02938925 0.00757975
v 0.02760635 -0.04135405 0.00526620
v 0.03880795 0.03064535 0.00740300
v 0.02886870 -0.04045085 0.00550700
v 0.03784325 0.03187120 0.00721900
v 0.03010255 -0.03950775 0.00574235
v 0.03684125 0.03306560 0.00702785
v 0.03130665 -0.03852565 0.00597205
v 0.03580285 0.03422735 0.00682975
v 0.03247990 -0.03750555 0.00619590
v 0.03472910 0.03535535 0.00662495
v 0.03362110 -0.03644845 0.00641355
v 0.03362110 0.03644845 0.00641355
v 0.03472910 -0.03535535 0.00662495
v 0.03247990 0.03750555 0.00619585
v 0.03580285 -0.03422735 0.00682975
v 0.03130665 0.03852565 0.00597205
v 0.03684125 -0.03306560 0.00702785
v 0.03010255 0.03950775 0.00574235
v 0.03784325 -0.03187120 0.00721900
v 0.02886870 0.04045085 0.00550700
v 0.03880795 -0.03064535 0.00740300
v 0.02760635 0.04135405 0.00526620
v 0.03973435 -0.02938925 0.00757975
v 0.02631680 0.04221640 0.00502020
v 0.04062155 -0.02810415 0.00774900
v 0.02500125 0.04303710 0.00476925
v 0.04146865 -0.02679135 0.00791055
v 0.04552590 -0.01985740 0.00575125
v 0.01826110 0.04648880 0.00230690
v 0.01680335 0.04704405 0.00212275
v 0.04612225 -0.01840625 0.00582660
v 0.01532900 0.04755285 0.00193650
v 0.04667310 -0.01693690 0.00589620
v 0.01383955 0.04801470 0.00174835
v 0.04717785 -0.01545085 0.00595995
v 0.01233645 0.04842915 0.00155845
v 0.04763605 -0.01394955 0.00601785
v 0.01082115 0.04879585 0.00136705
v 0.04804725 -0.01243450 0.00606980
v 0.00929520 0.04911435 0.00117425
v 0.04841105 -0.01090715 0.00611575
v 0.00776005 0.04938440 0.00098030
v 0.04872705 -0.00936905 0.00615565
v 0.00621725 0.04960575 0.00078540
v 0.04899500 -0.00782170 0.00618950
v 0.00466830 0.04977810 0.00058975
v 0.04921460 -0.00626665 0.00621725
v 0.00311475 0.04990135 0.00039350
v 0.04938560 -0.00470540 0.00623885
v 0.00155815 0.04997530 0.00019685
v 0.04950785 -0.00313955 0.00625430
v 0.04958125 -0.00157055 0.00626355
v 0.04960570 0.00000000 0.00626665
v 0.04958125 0.00157055 0.00626355
v 0.04950785 0.00313955 0.00625430
v 0.00155815 -0.04997530 0.00019685
v 0.04938560 0.00470540 0.00623885
v 0.00311475 -0.04990135 0.00039350
v 0.04921460 0.00626665 0.00621725
v 0.00466830 -0.04977810 0.00058975
v 0.04899500 0.00782170 0.00618950
v 0.00621725 -0.04960575 0.00078540
v 0.04872705 0.00936905 0.00615565
v 0.00776005 -0.04938440 0.00098035
v 0.04841105 0.01090715 0.00611575
v 0.00929520 -0.04911435 0.00117425
v 0.04804725 0.01243450 0.00606980
v 0.01082115 -0.04879585 0.00136705
v 0.04763605 0.01394955 0.00601785
v 0.01233645 -0.04842915 0.00155845
v 0.04717785 0.01545085 0.00595995
v 0.01383955 -0.04801470 0.00174835
v 0.04667310 0.01693690 0.00589620
v 0.01532900 -0.04755285 0.00193650
v 0.04612225 0.01840625 0.00582660
v 0.01680335 -0.04704405 0.00212275
v 0.04552590 0.01985740 0.00575125
v 0.01826110 -0.04648880 0.00230690
v 0.04488460 0.02128895 0.00567025
v 0.01970080 -0.04588775 0.00248880
v 0.04419905 0.02269955 0.00558365
v 0.02112110 -0.04524135 0.00266820
v 0.04346985 0.02408770 0.00549150
v 0.02252055 -0.04455035 0.00284500
v 0.04269775 0.02545205 0.00539400
v 0.02389775 -0.04381535 0.00301900
v 0.04188350 0.02679135 0.00529110
v 0.02525135 -0.04303710 0.00319000
v 0.04102795 0.02810415 0.00518305
v 0.02658010 -0.04221640 0.00335785
v 0.04013190 0.02938925 0.00506985
v 0.02788255 -0.04135405 0.00352240
v 0.03919620 0.03064535 0.00495165
v 0.02915750 -0.04045085 0.00368345
v 0.03822185 0.03187120 0.00482855
v 0.03040370 -0.03950775 0.00384090
v 0.03720980 0.03306560 0.00470070
v 0.03161990 -0.03852565 0.00399450
v 0.03616105 0.03422735 0.00456820
v 0.03280485 -0.03750555 0.00414420
v 0.03507655 0.03535535 0.00443120
v 0.03395745 -0.03644845 0.00428985
v 0.03395745 0.03644845 0.00428985
v 0.03507655 -0.03535535 0.00443120
v 0.03280485 0.03750555 0.00414420
v 0.03616105 -0.03422735 0.00456820
v 0.03161990 0.03852565 0.00399450
v 0.03720980 -0.03306560 0.00470070
v 0.03040370 0.03950775 0.00384090
v 0.03822185 -0.03187120 0.00482855
v 0.02915750 0.04045085 0.00368345
v 0.03919620 -0.03064535 0.00495165
v 0.02788255 0.04135405 0.00352240
v 0.04013190 -0.02938925 0.00506985
v 0.02658010 0.04221640 0.00335785
v 0.04102795 -0.02810415 0.00518305
v 0.02525135 0.04303710 0.00319000
v 0.04188350 -0.02679135 0.00529110
v 0.02389775 0.04381535 0.00301900
v 0.04269775 -0.02545205 0.00539400
v 0.02252055 0.04455035 0.00284500
v 0.04346985 -0.02408770 0.00549150
v 0.02112110 0.04524135 0.00266820
v 0.04419905 -0.02269955 0.00558365
v 0.01970080 0.04588775 0.00248880
v 0.04488460 -0.02128895 0.00567025
v 0.01088565 0.04879585 0.00068485
v 0.04791995 -0.01394955 0.00301485
v 0.04833360 -0.01243450 0.00304090
v 0.00935060 0.04911435 0.00058830
v 0.04869955 -0.01090715 0.00306390
v 0.00780630 0.04938440 0.00049115
v 0.04901745 -0.00936905 0.00308390
v 0.00625430 0.04960575 0.00039350
v 0.04928695 -0.00782170 0.00310090
v 0.00469615 0.04977810 0.00029545
v 0.04950785 -0.00626665 0.00311475
v 0.00313335 0.04990135 0.00019715
v 0.04967990 -0.00470540 0.00312560
v 0.00156745 0.04997530 0.00009860
v 0.04980285 -0.00313955 0.00313335
v 0.04987670 -0.00157055 0.00313800
v 0.04990135 0.00000000 0.00313955
v 0.04987670 0.00157055 0.00313800
v 0.04980285 0.00313955 0.00313335
v 0.00156745 -0.04997530 0.00009860
v 0.04967990 0.00470540 0.00312560
v 0.00313335 -0.04990135 0.00019715
v 0.04950785 0.00626665 0.00311475
v 0.00469615 -0.04977810 0.00029545
v 0.04928695 0.00782170 0.00310090
v 0.00625430 -0.04960575 0.00039350
v 0.04901745 0.00936905 0.00308390
v 0.00780630 -0.04938440 0.00049115
v 0.04869955 0.01090715 0.00306390
v 0.00935060 -0.04911435 0.00058830
v 0.04833360 0.01243450 0.00304090
v 0.01088565 -0.04879585 0.00068485
v 0.04791995 0.01394955 0.00301485
v 0.01240995 -0.04842915 0.00078075
v 0.04745900 0.01545085 0.00298585
v 0.01392205 -0.04801470 0.00087590
v 0.04695120 0.01693690 0.00295390
v 0.01542035 -0.04755285 0.00097015
v 0.04639710 0.01840625 0.00291905
v 0.01690345 -0.04704405 0.00106350
v 0.04579715 0.01985740 0.00288130
v 0.01836990 -0.04648880 0.00115575
v 0.04515210 0.02128895 0.00284070
v 0.01981820 -0.04588775 0.00124685
v 0.04446240 0.02269955 0.00279735
v 0.02124695 -0.04524135 0.00133675
v 0.04372885 0.02408770 0.00275120
v 0.02265475 -0.04455035 0.00142530
v 0.04295215 0.02545205 0.00270230
v 0.02404015 -0.04381535 0.00151250
v 0.04213310 0.02679135 0.00265080
v 0.02540185 -0.04303710 0.00159815
v 0.04127245 0.02810415 0.00259665
v 0.02673845 -0.04221640 0.00168225
v 0.04037105 0.02938925 0.00253995
v 0.02804870 -0.04135405 0.00176470
v 0.03942980 0.03064535 0.00248070
v 0.02933125 -0.04045085 0.00184535
v 0.03844965 0.03187120 0.00241905
v 0.03058490 -0.03950775 0.00192425
v 0.03743155 0.03306560 0.00235500
v 0.03180830 -0.03852565 0.00200120
v 0.03637650 0.03422735 0.00228860
v 0.03300035 -0.03750555 0.00207620
v 0.03528555 0.03535535 0.00222000
v 0.03415980 -0.03644845 0.00214915
v 0.03415980 0.03644845 0.00214915
v 0.03528555 -0.03535535 0.00222000
v 0.03300035 0.03750555 0.00207620
v 0.03637650 -0.03422735 0.00228860
v 0.03180830 0.03852565 0.00200120
v 0.03743155 -0.03306560 0.00235500
v 0.03058490 0.03950775 0.00192425
v 0.03844965 -0.03187120 0.00241905
v 0.02933125 0.04045085 0.00184535
v 0.03942980 -0.03064535 0.00248070
v 0.02804870 0.04135405 0.00176465
v 0.04037105 -0.02938925 0.00253995
v 0.02673845 0.04221640 0.00168225
v 0.04127245 -0.02810415 0.00259665
v 0.02540185 0.04303710 0.00159815
v 0.04213310 -0.02679135 0.00265080
v 0.02404015 0.04381535 0.00151250
v 0.04295215 -0.02545205 0.00270235
v 0.02265475 0.04455035 0.00142530
v 0.04372885 -0.02408770 0.00275120
v 0.02124695 0.04524135 0.00133675
v 0.04446240 -0.02269955 0.00279735
v 0.01981820 0.04588775 0.00124685
v 0.04515210 -0.02128895 0.00284070
v 0.01836990 0.04648880 0.00115575
v 0.04579715 -0.01985740 0.00288130
v 0.01690345 0.04704405 0.00106345
v 0.04639710 -0.01840625 0.00291905
v 0.01542035 0.04755285 0.00097015
v 0.04695120 -0.01693690 0.00295390
v 0.01392205 0.04801470 0.00087590
v 0.04745900 -0.01545085 0.00298585
v 0.01240995 0.04842915 0.00078075
v 0.04938440 -0.00782170 0.00000000
v 0.04951520 -0.00690280 0.00000000
v 0.00470540 0.04977810 0.00000000
v 0.00400945 0.04983285 0.00000000
v 0.04960575 -0.00626665 0.00000000
v 0.04977810 -0.00470540 0.00000000
v 0.00313955 0.04990135 0.00000000
v 0.00157055 0.04997530 0.00000000
v 0.04990135 -0.00313955 0.00000000
v 0.04997530 -0.00157055 0.00000000
v 0.04997965 -0.00129340 0.00000000
v 0.05000000 0.00000000 0.00000000
v 0.04997965 0.00129340 0.00000000
v 0.04997530 0.00157055 0.00000000
v 0.04990135 0.00313955 0.00000000
v 0.00157055 -0.04997530 0.00000000
v 0.04977810 0.00470540 0.00000000
v 0.00313955 -0.04990135 0.00000000
v 0.04960575 0.00626665 0.00000000
v 0.00400945 -0.04983285 0.00000000
v 0.04951520 0.00690280 0.00000000
v 0.00470540 -0.04977810 0.00000000
v 0.00505235 -0.04973980 0.00000000
v 0.04938440 0.00782170 0.00000000
v 0.04923815 0.00865985 0.00000000
v 0.00626665 -0.04960575 0.00000000
v 0.00664200 -0.04955230 0.00000000
v 0.04911435 0.00936905 0.00000000
v 0.04879585 0.01090715 0.00000000
v 0.00782170 -0.04938440 0.00000000
v 0.00867275 -0.04923590 0.00000000
v 0.04849515 0.01215960 0.00000000
v 0.00936905 -0.04911435 0.00000000
v 0.01009765 -0.04896350 0.00000000
v 0.04842915 0.01243450 0.00000000
v 0.04801470 0.01394955 0.00000000
v 0.01090715 -0.04879585 0.00000000
v 0.01153055 -0.04864615 0.00000000
v 0.04755280 0.01545085 0.00000000
v 0.01243450 -0.04842915 0.00000000
v 0.01394955 -0.04801470 0.00000000
v 0.04704405 0.01693690 0.00000000
v 0.01467430 -0.04779170 0.00000000
v 0.04671745 0.01780120 0.00000000
v 0.01545085 -0.04755285 0.00000000
v 0.01587145 -0.04740885 0.00000000
v 0.04588770 0.01985740 0.00000000
v 0.01693690 -0.04704405 0.00000000
v 0.01795205 -0.04666045 0.00000000
v 0.04524135 0.02128895 0.00000000
v 0.01840625 -0.04648880 0.00000000
v 0.01947885 -0.04604455 0.00000000
v 0.04467760 0.02243970 0.00000000
v 0.02128895 -0.04524135 0.00000000
v 0.01985740 -0.04588775 0.00000000
v 0.04455030 0.02269955 0.00000000
v 0.04438955 0.02300320 0.00000000
v 0.02269950 -0.04455035 0.00000000
v 0.04381535 0.02408770 0.00000000
v 0.04324310 0.02509090 0.00000000
v 0.02289785 -0.04444535 0.00000000
v 0.04303710 0.02545205 0.00000000
v 0.04260260 0.02616110 0.00000000
v 0.02545205 -0.04303710 0.00000000
v 0.04221640 0.02679135 0.00000000
v 0.04178520 0.02744775 0.00000000
v 0.02679135 -0.04221640 0.00000000
v 0.04045085 0.02938925 0.00000000
v 0.02711955 -0.04200080 0.00000000
v 0.03950775 0.03064535 0.00000000
v 0.02938925 -0.04045085 0.00000000
v 0.02810415 -0.04135405 0.00000000
v 0.03870755 0.03164420 0.00000000
v 0.03057145 -0.03956325 0.00000000
v 0.03852565 0.03187120 0.00000000
v 0.03750555 0.03306560 0.00000000
v 0.03064535 -0.03950775 0.00000000
v 0.03069645 -0.03946685 0.00000000
v 0.03644845 0.03422735 0.00000000
v 0.03306560 -0.03750555 0.00000000
v 0.03187120 -0.03852565 0.00000000
v 0.03599835 0.03469180 0.00000000
v 0.03422735 -0.03644845 0.00000000
v 0.03422735 0.03644845 0.00000000
v 0.03535535 -0.03535535 0.00000000
v 0.03306560 0.03750555 0.00000000
v 0.03599835 -0.03469180 0.00000000
v 0.03187120 0.03852565 0.00000000
v 0.03644845 -0.03422735 0.00000000
v 0.03750555 -0.03306560 0.00000000
v 0.03069645 0.03946685 0.00000000
v 0.03852565 -0.03187120 0.00000000
v 0.03064535 0.03950775 0.00000000
v 0.03057145 0.03956325 0.00000000
v 0.03870755 -0.03164420 0.00000000
v 0.02938925 0.04045085 0.00000000
v 0.02810415 0.04135405 0.00000000
v 0.04045085 -0.02938925 0.00000000
v 0.02711955 0.04200080 0.00000000
v 0.04135405 -0.02810415 0.00000000
v 0.02545205 0.04303710 0.00000000
v 0.04178520 -0.02744775 0.00000000
v 0.02408770 0.04381535 0.00000000
v 0.04221640 -0.02679135 0.00000000
v 0.04260260 -0.02616110 0.00000000
v 0.02289785 0.04444535 0.00000000
v 0.04303710 -0.02545205 0.00000000
v 0.04324310 -0.02509090 0.00000000
v 0.02269950 0.04455035 0.00000000
v 0.02128895 0.04524135 0.00000000
v 0.04381535 -0.02408770 0.00000000
v 0.04438955 -0.02300320 0.00000000
v 0.01985740 0.04588775 0.00000000
v 0.04455030 -0.02269955 0.00000000
v 0.04467760 -0.02243970 0.00000000
v 0.01947885 0.04604455 0.00000000
v 0.04588770 -0.01985740 0.00000000
v 0.01840625 0.04648880 0.00000000
v 0.01795205 0.04666045 0.00000000
v 0.04648880 -0.01840625 0.00000000
v 0.01693690 0.04704405 0.00000000
v 0.01587145 0.04740885 0.00000000
v 0.04671745 -0.01780120 0.00000000
v 0.01545085 0.04755285 0.00000000
v 0.01467430 0.04779170 0.00000000
v 0.04755280 -0.01545085 0.00000000
v 0.01243450 0.04842915 0.00000000
v 0.04801470 -0.01394955 0.00000000
v 0.01153055 0.04864615 0.00000000
v 0.04842915 -0.01243450 0.00000000
v 0.01090715 0.04879585 0.00000000
v 0.01009765 0.04896350 0.00000000
v 0.04849515 -0.01215960 0.00000000
v 0.00936905 0.04911435 0.00000000
v 0.00867275 0.04923590 0.00000000
v 0.04911435 -0.00936905 0.00000000
v 0.04879585 -0.01090715 0.00000000
v 0.00782170 0.04938440 0.00000000
v 0.00664200 0.04955230 0.00000000
v 0.04923815 -0.00865985 0.00000000
v 0.00626665 0.04960575 0.00000000
v 0.00505235 0.04973980 0.00000000
v 0.03064535 0.03950775 0.00000000
v 0.03950775 -0.03064535 0.00000000
v 0.03950775 -0.03064535 0.00000000
v 0.04045085 -0.02938925 0.00000000
v 0.02679135 0.04221640 0.00000000
v 0.02679135 0.04221640 0.00000000
v 0.04135405 -0.02810415 0.00000000
v 0.02545205 0.04303710 0.00000000
v 0.02408770 0.04381535 0.00000000
v 0.04303710 -0.02545205 0.00000000
v 0.04455030 -0.02269955 0.00000000
v 0.01840625 0.04648880 0.00000000
v 0.01545085 0.04755285 0.00000000
v 0.04704405 -0.01693690 0.00000000
v 0.04704405 -0.01693690 0.00000000
v 0.04755280 -0.01545085 0.00000000
v 0.04801470 -0.01394955 0.00000000
v 0.01090715 0.04879585 0.00000000
v 0.04842915 -0.01243450 0.00000000
v 0.00782170 0.04938440 0.00000000
v 0.04938440 -0.00782170 0.00000000
v 0.00470540 0.04977810 0.00000000
v 0.05000000 0.00000000 0.00000000
v 0.00470540 -0.04977810 0.00000000
v 0.04938440 0.00782170 0.00000000
v 0.00782170 -0.04938440 0.00000000
v 0.04842915 0.01243450 0.00000000
v 0.01090715 -0.04879585 0.00000000
v 0.04801470 0.01394955 0.00000000
v 0.04755280 0.01545085 0.00000000
v 0.04704405 0.01693690 0.00000000
v 0.01545085 -0.04755285 0.00000000
v 0.01840625 -0.04648880 0.00000000
v 0.04455030 0.02269955 0.00000000
v 0.04303710 0.02545205 0.00000000
v 0.02408770 -0.04381535 0.00000000
v 0.02408770 -0.04381535 0.00000000
v 0.02545205 -0.04303710 0.00000000
v 0.04135405 0.02810415 0.00000000
v 0.04135405 0.02810415 0.00000000
v 0.02679135 -0.04221640 0.00000000
v 0.04045085 0.02938925 0.00000000
v 0.03950775 0.03064535 0.00000000
v 0.03064535 -0.03950775 0.00000000
v 0.03535535 0.03535535 0.00000000
v 0.03535535 0.03535535 0.00000000
v 0.03422735 -0.03644845 0.00000000
v 0.03422735 0.03644845 0.00000000
v 0.03535535 -0.03535535 0.00000000
v -0.01243450 -0.04842915 0.00000000
v -0.01394955 -0.04801470 0.00000000
v -0.01394955 -0.04801470 0.00000000
v -0.01424015 -0.04792530 0.00000000
v -0.04671745 0.01780120 0.00000000
v -0.04648880 0.01840625 0.00000000
v -0.04648880 0.01840625 0.00000000
v -0.01693690 -0.04704405 0.00000000
v -0.01693690 -0.04704405 0.00000000
v -0.01599720 -0.04736575 0.00000000
v -0.04588770 0.01985740 0.00000000
v -0.04588770 0.01985740 0.00000000
v -0.01786605 -0.04669295 0.00000000
v -0.04524135 0.02128895 0.00000000
v -0.04524135 0.02128895 0.00000000
v -0.01985740 -0.04588775 0.00000000
v -0.01985740 -0.04588775 0.00000000
v -0.01888995 -0.04628845 0.00000000
v -0.04455035 0.02269955 0.00000000
v -0.04455035 0.02269955 0.00000000
v -0.02128895 -0.04524135 0.00000000
v -0.02128895 -0.04524135 0.00000000
v -0.04381535 0.02408770 0.00000000
v -0.04381535 0.02408770 0.00000000
v -0.02269955 -0.04455035 0.00000000
v -0.02269955 -0.04455035 0.00000000
v -0.04355175 0.02454980 0.00000000
v -0.02408765 -0.04381535 0.00000000
v -0.02408765 -0.04381535 0.00000000
v -0.04256975 0.02621470 0.00000000
v -0.04221640 0.02679135 0.00000000
v -0.04221640 0.02679135 0.00000000
v -0.02460395 -0.04352085 0.00000000
v -0.04135405 0.02810415 0.00000000
v -0.04135405 0.02810415 0.00000000
v -0.04045090 0.02938925 0.00000000
v -0.04045090 0.02938925 0.00000000
v -0.02810415 -0.04135405 0.00000000
v -0.02810415 -0.04135405 0.00000000
v -0.02711955 -0.04200080 0.00000000
v -0.03974350 0.03033135 0.00000000
v -0.02938925 -0.04045085 0.00000000
v -0.02938925 -0.04045085 0.00000000
v -0.03048150 -0.03963075 0.00000000
v -0.03818065 0.03227520 0.00000000
v -0.03750560 0.03306560 0.00000000
v -0.03750560 0.03306560 0.00000000
v -0.03187115 -0.03852565 0.00000000
v -0.03187115 -0.03852565 0.00000000
v -0.03073290 -0.03943760 0.00000000
v -0.03659075 0.03407095 0.00000000
v -0.03306560 -0.03750555 0.00000000
v -0.03604570 0.03464295 0.00000000
v -0.03535530 0.03535535 0.00000000
v -0.03535530 0.03535535 0.00000000
v -0.03502520 0.03567525 0.00000000
v -0.03535530 -0.03535535 0.00000000
v -0.03535530 -0.03535535 0.00000000
v -0.03502520 -0.03567525 0.00000000
v -0.03604570 -0.03464295 0.00000000
v -0.03187115 0.03852565 0.00000000
v -0.03187115 0.03852565 0.00000000
v -0.03306560 0.03750555 0.00000000
v -0.03659075 -0.03407095 0.00000000
v -0.03750560 -0.03306560 0.00000000
v -0.03750560 -0.03306560 0.00000000
v -0.03073290 0.03943760 0.00000000
v -0.03818065 -0.03227520 0.00000000
v -0.02938925 0.04045085 0.00000000
v -0.03048150 0.03963075 0.00000000
v -0.02938925 0.04045085 0.00000000
v -0.02810415 0.04135405 0.00000000
v -0.03974350 -0.03033135 0.00000000
v -0.04045090 -0.02938925 0.00000000
v -0.04045090 -0.02938925 0.00000000
v -0.02810415 0.04135405 0.00000000
v -0.02711955 0.04200080 0.00000000
v -0.04135405 -0.02810415 0.00000000
v -0.04135405 -0.02810415 0.00000000
v -0.04221640 -0.02679135 0.00000000
v -0.04221640 -0.02679135 0.00000000
v -0.02408765 0.04381535 0.00000000
v -0.02460395 0.04352085 0.00000000
v -0.02408765 0.04381535 0.00000000
v -0.04256975 -0.02621470 0.00000000
v -0.02269955 0.04455035 0.00000000
v -0.04355175 -0.02454980 0.00000000
v -0.04381535 -0.02408770 0.00000000
v -0.04381535 -0.02408770 0.00000000
v -0.02269955 0.04455035 0.00000000
v -0.02128895 0.04524135 0.00000000
v -0.04455035 -0.02269955 0.00000000
v -0.04455035 -0.02269955 0.00000000
v -0.02128895 0.04524135 0.00000000
v -0.01985740 0.04588775 0.00000000
v -0.04524135 -0.02128895 0.00000000
v -0.04524135 -0.02128895 0.00000000
v -0.01985740 0.04588775 0.00000000
v -0.01888995 0.04628845 0.00000000
v -0.04588770 -0.01985740 0.00000000
v -0.04588770 -0.01985740 0.00000000
v -0.01693690 0.04704405 0.00000000
v -0.01786605 0.04669295 0.00000000
v -0.01693690 0.04704405 0.00000000
v -0.04648880 -0.01840625 0.00000000
v -0.04648880 -0.01840625 0.00000000
v -0.01599720 0.04736575 0.00000000
v -0.04671745 -0.01780120 0.00000000
v -0.01394955 0.04801470 0.00000000
v -0.01424015 0.04792530 0.00000000
v -0.01394955 0.04801470 0.00000000
v -0.01243450 0.04842915 0.00000000
v -0.01243450 0.04842915 0.00000000
v -0.01108475 0.04875320 0.00000000
v -0.04818735 -0.01331830 0.00000000
v -0.04842915 -0.01243450 0.00000000
v -0.04842915 -0.01243450 0.00000000
v -0.04879585 -0.01090715 0.00000000
v -0.04879585 -0.01090715 0.00000000
v -0.04911435 -0.00936905 0.00000000
v -0.04911435 -0.00936905 0.00000000
v -0.00626665 0.04960575 0.00000000
v -0.00656085 0.04956385 0.00000000
v -0.00626665 0.04960575 0.00000000
v -0.04935945 -0.00796455 0.00000000
v -0.00569145 0.04966925 0.00000000
v -0.00313955 0.04990135 0.00000000
v -0.00387025 0.04984380 0.00000000
v -0.00313955 0.04990135 0.00000000
v -0.04971290 -0.00529615 0.00000000
v -0.04977810 -0.00470540 0.00000000
v -0.04977810 -0.00470540 0.00000000
v -0.00157055 0.04997530 0.00000000
v -0.04990135 -0.00313955 0.00000000
v -0.04990135 -0.00313955 0.00000000
v -0.00157055 0.04997530 0.00000000
v -0.04996185 -0.00185580 0.00000000
v -0.04998025 -0.00125645 0.00000000
v -0.04999995 0.00000000 0.00000000
v -0.04999995 0.00000000 0.00000000
v -0.04998025 0.00125645 0.00000000
v -0.04996185 0.00185580 0.00000000
v -0.04990135 0.00313955 0.00000000
v -0.04990135 0.00313955 0.00000000
v -0.00157055 -0.04997530 0.00000000
v -0.00157055 -0.04997530 0.00000000
v -0.04977810 0.00470540 0.00000000
v -0.04977810 0.00470540 0.00000000
v -0.00313955 -0.04990135 0.00000000
v -0.00313955 -0.04990135 0.00000000
v -0.04971290 0.00529615 0.00000000
v -0.00387025 -0.04984380 0.00000000
v -0.00626665 -0.04960575 0.00000000
v -0.00626665 -0.04960575 0.00000000
v -0.00569145 -0.04966925 0.00000000
v -0.04935945 0.00796455 0.00000000
v -0.04911435 0.00936905 0.00000000
v -0.04911435 0.00936905 0.00000000
v -0.00656085 -0.04956385 0.00000000
v -0.04879585 0.01090715 0.00000000
v -0.04879585 0.01090715 0.00000000
v -0.04842915 0.01243450 0.00000000
v -0.04842915 0.01243450 0.00000000
v -0.04818735 0.01331830 0.00000000
v -0.01243450 -0.04842915 0.00000000
v -0.01108475 -0.04875320 0.00000000
v -0.01981820 -0.04588775 0.00124685
v -0.04515210 0.02128895 0.00284075
v -0.04446240 0.02269955 0.00279735
v -0.02124695 -0.04524135 0.00133675
v -0.04372890 0.02408770 0.00275120
v -0.02265475 -0.04455035 0.00142530
v -0.04295215 0.02545205 0.00270230
v -0.04303710 0.02545205 0.00000000
v -0.02404015 -0.04381535 0.00151250
v -0.04213310 0.02679135 0.00265080
v -0.02540185 -0.04303710 0.00159815
v -0.04127245 0.02810415 0.00259665
v -0.02679135 -0.04221640 0.00000000
v -0.02545205 -0.04303710 0.00000000
v -0.04037105 0.02938925 0.00253995
v -0.02804870 -0.04135405 0.00176470
v -0.03942975 0.03064535 0.00248070
v -0.03950775 0.03064535 0.00000000
v -0.02933125 -0.04045085 0.00184535
v -0.03844965 0.03187120 0.00241905
v -0.03852565 0.03187120 0.00000000
v -0.03058490 -0.03950775 0.00192425
v -0.03743160 0.03306560 0.00235500
v -0.03180830 -0.03852565 0.00200120
v -0.03637650 0.03422735 0.00228860
v -0.03644845 0.03422735 0.00000000
v -0.03300035 -0.03750555 0.00207620
v -0.03528555 0.03535535 0.00222000
v -0.03415985 -0.03644845 0.00214915
v -0.03422735 -0.03644845 0.00000000
v -0.03415985 0.03644845 0.00214915
v -0.03422735 0.03644845 0.00000000
v -0.03528555 -0.03535535 0.00222000
v -0.03637650 -0.03422735 0.00228860
v -0.03644845 -0.03422735 0.00000000
v -0.03300035 0.03750555 0.00207620
v -0.03180830 0.03852565 0.00200120
v -0.03743160 -0.03306560 0.00235500
v -0.03058490 0.03950775 0.00192425
v -0.03064535 0.03950775 0.00000000
v -0.03844965 -0.03187120 0.00241905
v -0.03852565 -0.03187120 0.00000000
v -0.02933125 0.04045085 0.00184535
v -0.03950775 -0.03064535 0.00000000
v -0.02804870 0.04135405 0.00176465
v -0.04037105 -0.02938925 0.00253995
v -0.02673845 0.04221640 0.00168225
v -0.02679135 0.04221640 0.00000000
v -0.04127245 -0.02810415 0.00259665
v -0.02540185 0.04303710 0.00159815
v -0.02545205 0.04303710 0.00000000
v -0.04213310 -0.02679135 0.00265080
v -0.02404015 0.04381535 0.00151250
v -0.04295215 -0.02545205 0.00270230
v -0.04303710 -0.02545205 0.00000000
v -0.02265475 0.04455035 0.00142530
v -0.04372890 -0.02408770 0.00275120
v -0.02124695 0.04524135 0.00133675
v -0.04446240 -0.02269955 0.00279735
v -0.01981820 0.04588775 0.00124685
v -0.04515210 -0.02128895 0.00284075
v -0.01836990 0.04648880 0.00115575
v -0.01840625 0.04648880 0.00000000
v -0.04579715 -0.01985740 0.00288135
v -0.01690345 0.04704405 0.00106350
v -0.04639710 -0.01840625 0.00291905
v -0.01542035 0.04755285 0.00097015
v -0.01545085 0.04755285 0.00000000
v -0.04695120 -0.01693690 0.00295390
v -0.04704405 -0.01693690 0.00000000
v -0.01392205 0.04801470 0.00087590
v -0.04745900 -0.01545085 0.00298585
v -0.04755280 -0.01545085 0.00000000
v -0.01240995 0.04842915 0.00078075
v -0.04801465 -0.01394955 0.00000000
v -0.01088565 0.04879585 0.00068485
v -0.01090715 0.04879585 0.00000000
v -0.04833355 -0.01243450 0.00304090
v -0.00936905 0.04911435 0.00000000
v -0.04869955 -0.01090715 0.00306395
v -0.00935060 0.04911435 0.00058830
v -0.00782170 0.04938440 0.00000000
v -0.04901740 -0.00936905 0.00308395
v -0.00625430 0.04960575 0.00039350
v -0.00780630 0.04938440 0.00049110
v -0.04928695 -0.00782170 0.00310085
v -0.04938440 -0.00782170 0.00000000
v -0.00469615 0.04977810 0.00029545
v -0.00470540 0.04977810 0.00000000
v -0.04950790 -0.00626665 0.00311475
v -0.04960575 -0.00626665 0.00000000
v -0.00313335 0.04990135 0.00019715
v -0.04967990 -0.00470540 0.00312560
v -0.00156745 0.04997530 0.00009860
v -0.04980285 -0.00313955 0.00313335
v -0.04987670 -0.00157055 0.00313800
v -0.04997530 -0.00157055 0.00000000
v -0.04990130 0.00000000 0.00313955
v -0.04987670 0.00157055 0.00313800
v -0.04997530 0.00157055 0.00000000
v -0.04980285 0.00313955 0.00313335
v -0.00156745 -0.04997530 0.00009860
v -0.04967990 0.00470540 0.00312560
v -0.00313335 -0.04990135 0.00019715
v -0.04950790 0.00626665 0.00311475
v -0.04960575 0.00626665 0.00000000
v -0.00469615 -0.04977810 0.00029545
v -0.04938440 0.00782170 0.00000000
v -0.00625430 -0.04960575 0.00039350
v -0.04901740 0.00936905 0.00308395
v -0.00780630 -0.04938440 0.00049115
v -0.04869955 0.01090715 0.00306395
v -0.00782170 -0.04938440 0.00000000
v -0.00935060 -0.04911435 0.00058830
v -0.00936905 -0.04911435 0.00000000
v -0.04833355 0.01243450 0.00304090
v -0.01088565 -0.04879585 0.00068485
v -0.01090715 -0.04879585 0.00000000
v -0.04791990 0.01394955 0.00301485
v -0.04801465 0.01394955 0.00000000
v -0.01240995 -0.04842915 0.00078080
v -0.04745900 0.01545085 0.00298585
v -0.04755280 0.01545085 0.00000000
v -0.01392205 -0.04801470 0.00087590
v -0.04704405 0.01693690 0.00000000
v -0.01542035 -0.04755285 0.00097015
v -0.04639710 0.01840625 0.00291905
v -0.01690345 -0.04704405 0.00106350
v -0.04579715 0.01985740 0.00288130
v -0.01836990 -0.04648880 0.00115575
v -0.04102795 0.02810415 0.00518305
v -0.02673845 -0.04221640 0.00168225
v -0.02525135 -0.04303710 0.00319000
v -0.02658010 -0.04221640 0.00335785
v -0.04013190 0.02938925 0.00506985
v -0.02788250 -0.04135405 0.00352240
v -0.03919620 0.03064535 0.00495165
v -0.02915750 -0.04045085 0.00368345
v -0.03822190 0.03187120 0.00482855
v -0.03040370 -0.03950775 0.00384090
v -0.03720985 0.03306560 0.00470070
v -0.03161985 -0.03852565 0.00399455
v -0.03616105 0.03422735 0.00456820
v -0.03280485 -0.03750555 0.00414420
v -0.03507655 0.03535535 0.00443120
v -0.03395750 -0.03644845 0.00428980
v -0.03395750 0.03644845 0.00428980
v -0.03507655 -0.03535535 0.00443120
v -0.03280485 0.03750555 0.00414420
v -0.03616105 -0.03422735 0.00456820
v -0.03161985 0.03852565 0.00399450
v -0.03720985 -0.03306560 0.00470070
v -0.03040370 0.03950775 0.00384090
v -0.03822190 -0.03187120 0.00482855
v -0.02915750 0.04045085 0.00368345
v -0.03942975 -0.03064535 0.00248070
v -0.03919620 -0.03064535 0.00495165
v -0.02788250 0.04135405 0.00352240
v -0.04013190 -0.02938925 0.00506985
v -0.02658010 0.04221640 0.00335785
v -0.04102795 -0.02810415 0.00518305
v -0.02525135 0.04303710 0.00319000
v -0.04188350 -0.02679135 0.00529115
v -0.02389775 0.04381535 0.00301900
v -0.04269775 -0.02545205 0.00539395
v -0.02252055 0.04455035 0.00284500
v -0.04346985 -0.02408770 0.00549150
v -0.02112110 0.04524135 0.00266820
v -0.04419905 -0.02269955 0.00558365
v -0.01970080 0.04588775 0.00248880
v -0.04488465 -0.02128895 0.00567025
v -0.01826110 0.04648880 0.00230690
v -0.04552585 -0.01985740 0.00575125
v -0.01680335 0.04704405 0.00212275
v -0.04612225 -0.01840625 0.00582660
v -0.01532905 0.04755285 0.00193650
v -0.04667310 -0.01693690 0.00589620
v -0.01383955 0.04801470 0.00174835
v -0.04717785 -0.01545085 0.00595995
v -0.01233645 0.04842915 0.00155845
v -0.04791990 -0.01394955 0.00301485
v -0.04763605 -0.01394955 0.00601785
v -0.01082115 0.04879585 0.00136705
v -0.04804725 -0.01243450 0.00606980
v -0.00929520 0.04911435 0.00117425
v -0.04841110 -0.01090715 0.00611575
v -0.00776005 0.04938440 0.00098030
v -0.04872705 -0.00936905 0.00615565
v -0.00621725 0.04960575 0.00078540
v -0.04899500 -0.00782170 0.00618950
v -0.00466830 0.04977810 0.00058975
v -0.04921460 -0.00626665 0.00621725
v -0.00311475 0.04990135 0.00039350
v -0.04938560 -0.00470540 0.00623885
v -0.00155815 0.04997530 0.00019685
v -0.04950785 -0.00313955 0.00625430
v -0.04958125 -0.00157055 0.00626355
v -0.04960570 0.00000000 0.00626665
v -0.04958125 0.00157055 0.00626355
v -0.04950785 0.00313955 0.00625430
v -0.00155815 -0.04997530 0.00019685
v -0.04938560 0.00470540 0.00623885
v -0.00311475 -0.04990135 0.00039350
v -0.04921460 0.00626665 0.00621725
v -0.00466830 -0.04977810 0.00058975
v -0.04928695 0.00782170 0.00310085
v -0.04899500 0.00782170 0.00618950
v -0.00621725 -0.04960575 0.00078545
v -0.04872705 0.00936905 0.00615565
v -0.00776005 -0.04938440 0.00098030
v -0.04841110 0.01090715 0.00611575
v -0.00929520 -0.04911435 0.00117425
v -0.04804725 0.01243450 0.00606980
v -0.01082115 -0.04879585 0.00136705
v -0.04763605 0.01394955 0.00601785
v -0.01233645 -0.04842915 0.00155845
v -0.04717785 0.01545085 0.00595995
v -0.01383955 -0.04801470 0.00174835
v -0.04695120 0.01693690 0.00295390
v -0.04667310 0.01693690 0.00589620
v -0.01532905 -0.04755285 0.00193650
v -0.04612225 0.01840625 0.00582660
v -0.01680335 -0.04704405 0.00212275
v -0.04552585 0.01985740 0.00575125
v -0.01826110 -0.04648880 0.00230690
v -0.04488465 0.02128895 0.00567025
v -0.01970080 -0.04588775 0.00248880
v -0.04419905 0.02269955 0.00558365
v -0.02112110 -0.04524135 0.00266820
v -0.04346985 0.02408770 0.00549150
v -0.02252055 -0.04455035 0.00284500
v -0.04269775 0.02545205 0.00539395
v -0.02389775 -0.04381535 0.00301900
v -0.04188350 0.02679135 0.00529110
v -0.03010255 -0.03950775 0.00574235
v -0.03130665 -0.03852565 0.00597205
v -0.03580285 0.03422735 0.00682975
v -0.03247990 -0.03750555 0.00619590
v -0.03472905 0.03535535 0.00662495
v -0.03362110 -0.03644845 0.00641355
v -0.03362110 0.03644845 0.00641355
v -0.03472905 -0.03535535 0.00662495
v -0.03247990 0.03750555 0.00619585
v -0.03580285 -0.03422735 0.00682975
v -0.03130665 0.03852565 0.00597205
v -0.03684125 -0.03306560 0.00702785
v -0.03010255 0.03950775 0.00574235
v -0.03784325 -0.03187120 0.00721900
v -0.02886870 0.04045085 0.00550700
v -0.03880795 -0.03064535 0.00740300
v -0.02760635 0.04135405 0.00526620
v -0.03973440 -0.02938925 0.00757975
v -0.02631680 0.04221640 0.00502020
v -0.04062155 -0.02810415 0.00774900
v -0.02500125 0.04303710 0.00476925
v -0.04146860 -0.02679135 0.00791055
v -0.02366100 0.04381535 0.00451360
v -0.04227480 -0.02545205 0.00806435
v -0.02229745 0.04455035 0.00425345
v -0.04303925 -0.02408770 0.00821020
v -0.02091190 0.04524135 0.00398915
v -0.04376120 -0.02269955 0.00834790
v -0.01950565 0.04588775 0.00372090
v -0.04444000 -0.02128895 0.00847740
v -0.01808020 0.04648880 0.00344900
v -0.04507490 -0.01985740 0.00859850
v -0.01663690 0.04704405 0.00317365
v -0.04566540 -0.01840625 0.00871115
v -0.01517720 0.04755285 0.00289520
v -0.04621075 -0.01693690 0.00881515
v -0.01370250 0.04801470 0.00261390
v -0.04671055 -0.01545085 0.00891050
v -0.01221425 0.04842915 0.00233000
v -0.04716420 -0.01394955 0.00899705
v -0.01071395 0.04879585 0.00204380
v -0.04757130 -0.01243450 0.00907470
v -0.00920310 0.04911435 0.00175560
v -0.04793155 -0.01090715 0.00914345
v -0.00768320 0.04938440 0.00146565
v -0.04824440 -0.00936905 0.00920310
v -0.00615565 0.04960575 0.00117425
v -0.04850965 -0.00782170 0.00925370
v -0.00462205 0.04977810 0.00088170
v -0.04872710 -0.00626665 0.00929520
v -0.00308390 0.04990135 0.00058830
v -0.04889640 -0.00470540 0.00932750
v -0.00154270 0.04997530 0.00029430
v -0.04901745 -0.00313955 0.00935060
v -0.04909010 -0.00157055 0.00936445
v -0.04911435 0.00000000 0.00936905
v -0.04909010 0.00157055 0.00936445
v -0.04901745 0.00313955 0.00935060
v -0.00154270 -0.04997530 0.00029430
v -0.04889640 0.00470540 0.00932750
v -0.00308390 -0.04990135 0.00058830
v -0.04872710 0.00626665 0.00929520
v -0.00462205 -0.04977810 0.00088170
v -0.04850965 0.00782170 0.00925370
v -0.00615565 -0.04960575 0.00117425
v -0.04824440 0.00936905 0.00920310
v -0.00768320 -0.04938440 0.00146565
v -0.04793155 0.01090715 0.00914345
v -0.00920310 -0.04911435 0.00175560
v -0.04757130 0.01243450 0.00907470
v -0.01071395 -0.04879585 0.00204380
v -0.04716420 0.01394955 0.00899705
v -0.01221425 -0.04842915 0.00233000
v -0.04671055 0.01545085 0.00891050
v -0.01370250 -0.04801470 0.00261390
v -0.04621075 0.01693690 0.00881515
v -0.01517720 -0.04755285 0.00289520
v -0.04566540 0.01840625 0.00871115
v -0.01663690 -0.04704405 0.00317365
v -0.04507490 0.01985740 0.00859850
v -0.01808020 -0.04648880 0.00344900
v -0.04444000 0.02128895 0.00847740
v -0.01950565 -0.04588775 0.00372090
v -0.04376120 0.02269955 0.00834790
v -0.02091190 -0.04524135 0.00398915
v -0.04303925 0.02408770 0.00821020
v -0.02229745 -0.04455035 0.00425345
v -0.04227480 0.02545205 0.00806435
v -0.02366100 -0.04381535 0.00451360
v -0.04146860 0.02679135 0.00791055
v -0.02500125 -0.04303710 0.00476925
v -0.04062155 0.02810415 0.00774895
v -0.02631680 -0.04221640 0.00502020
v -0.03973440 0.02938925 0.00757975
v -0.02760635 -0.04135405 0.00526620
v -0.03880795 0.03064535 0.00740300
v -0.02886870 -0.04045085 0.00550700
v -0.03784325 0.03187120 0.00721900
v -0.03684125 0.03306560 0.00702785
v -0.03202675 0.03750555 0.00822310
v -0.03086990 0.03852565 0.00792605
v -0.03530335 -0.03422735 0.00906435
v -0.03632730 -0.03306560 0.00932725
v -0.02968260 0.03950775 0.00762120
v -0.03731530 -0.03187120 0.00958095
v -0.02846590 0.04045085 0.00730880
v -0.03826650 -0.03064535 0.00982515
v -0.02722120 0.04135405 0.00698920
v -0.03918005 -0.02938925 0.01005975
v -0.02594965 0.04221640 0.00666275
v -0.04005485 -0.02810415 0.01028435
v -0.02465245 0.04303710 0.00632965
v -0.04089010 -0.02679135 0.01049880
v -0.02333090 0.04381535 0.00599035
v -0.04168500 -0.02545205 0.01070290
v -0.02198640 0.04455035 0.00564515
v -0.04243880 -0.02408770 0.01089645
v -0.02062015 0.04524135 0.00529435
v -0.04315070 -0.02269955 0.01107925
v -0.01923355 0.04588775 0.00493835
v -0.04382005 -0.02128895 0.01125110
v -0.01782795 0.04648880 0.00457745
v -0.04444605 -0.01985740 0.01141180
v -0.01640480 0.04704405 0.00421205
v -0.04502830 -0.01840625 0.01156130
v -0.01496545 0.04755285 0.00384245
v -0.04556605 -0.01693690 0.01169940
v -0.01351130 0.04801470 0.00346910
v -0.04605885 -0.01545085 0.01182590
v -0.01204385 0.04842915 0.00309235
v -0.04650620 -0.01394955 0.01194075
v -0.01056450 0.04879585 0.00271250
v -0.04690765 -0.01243450 0.01204385
v -0.00907475 0.04911435 0.00233000
v -0.04726285 -0.01090715 0.01213505
v -0.00757600 0.04938440 0.00194520
v -0.04757130 -0.00936905 0.01221425
v -0.00606980 0.04960575 0.00155845
v -0.04783290 -0.00782170 0.01228140
v -0.00455760 0.04977810 0.00117020
v -0.04804730 -0.00626665 0.01233645
v -0.00304090 0.04990135 0.00078075
v -0.04821425 -0.00470540 0.01237930
v -0.00152120 0.04997530 0.00039055
v -0.04833360 -0.00313955 0.01240995
v -0.04840525 -0.00157055 0.01242835
v -0.04842915 0.00000000 0.01243450
v -0.04840525 0.00157055 0.01242835
v -0.04833360 0.00313955 0.01240995
v -0.00152120 -0.04997530 0.00039060
v -0.04821425 0.00470540 0.01237930
v -0.00304090 -0.04990135 0.00078075
v -0.04804730 0.00626665 0.01233645
v -0.00455760 -0.04977810 0.00117020
v -0.04783290 0.00782170 0.01228140
v -0.00606980 -0.04960575 0.00155845
v -0.04757130 0.00936905 0.01221425
v -0.00757600 -0.04938440 0.00194520
v -0.04726285 0.01090715 0.01213505
v -0.00907475 -0.04911435 0.00233000
v -0.04690765 0.01243450 0.01204385
v -0.01056450 -0.04879585 0.00271250
v -0.04650620 0.01394955 0.01194075
v -0.01204385 -0.04842915 0.00309235
v -0.04605885 0.01545085 0.01182590
v -0.01351130 -0.04801470 0.00346910
v -0.04556605 0.01693690 0.01169935
v -0.01496545 -0.04755285 0.00384245
v -0.04502830 0.01840625 0.01156130
v -0.01640480 -0.04704405 0.00421205
v -0.04444605 0.01985740 0.01141180
v -0.01782795 -0.04648880 0.00457745
v -0.04382005 0.02128895 0.01125110
v -0.01923355 -0.04588775 0.00493835
v -0.04315070 0.02269955 0.01107920
v -0.02062015 -0.04524135 0.00529435
v -0.04243880 0.02408770 0.01089645
v -0.02198640 -0.04455035 0.00564515
v -0.04168500 0.02545205 0.01070290
v -0.02333090 -0.04381535 0.00599035
v -0.04089010 0.02679135 0.01049880
v -0.02465245 -0.04303710 0.00632965
v -0.04005485 0.02810415 0.01028435
v -0.02594965 -0.04221640 0.00666275
v -0.03918005 0.02938925 0.01005975
v -0.02722120 -0.04135405 0.00698920
v -0.03826650 0.03064535 0.00982515
v -0.02846590 -0.04045085 0.00730880
v -0.03731530 0.03187120 0.00958095
v -0.02968260 -0.03950775 0.00762120
v -0.03632730 0.03306560 0.00932725
v -0.03086990 -0.03852565 0.00792605
v -0.03530335 0.03422735 0.00906435
v -0.03202675 -0.03750555 0.00822310
v -0.03424455 0.03535535 0.00879250
v -0.03315205 -0.03644845 0.00851200
v -0.03315205 0.03644845 0.00851200
v -0.03424455 -0.03535535 0.00879250
v -0.02420635 0.04303710 0.00786510
v -0.03933005 -0.02810415 0.01277910
v -0.04015020 -0.02679135 0.01304560
v -0.02290875 0.04381535 0.00744350
v -0.04093070 -0.02545205 0.01329920
v -0.02158855 0.04455035 0.00701455
v -0.04167085 -0.02408770 0.01353970
v -0.02024700 0.04524135 0.00657865
v -0.04236990 -0.02269955 0.01376680
v -0.01888550 0.04588775 0.00613625
v -0.04302710 -0.02128895 0.01398035
v -0.01750535 0.04648880 0.00568785
v -0.04364180 -0.01985740 0.01418010
v -0.01610795 0.04704405 0.00523380
v -0.04421350 -0.01840625 0.01436585
v -0.01469465 0.04755285 0.00477455
v -0.04474155 -0.01693690 0.01453740
v -0.01326685 0.04801470 0.00431065
v -0.04522540 -0.01545085 0.01469465
v -0.01182590 0.04842915 0.00384245
v -0.04566465 -0.01394955 0.01483735
v -0.01037330 0.04879585 0.00337050
v -0.04605885 -0.01243450 0.01496545
v -0.00891050 0.04911435 0.00289520
v -0.04640760 -0.01090715 0.01507875
v -0.00743890 0.04938440 0.00241705
v -0.04671050 -0.00936905 0.01517720
v -0.00595995 0.04960575 0.00193650
v -0.04696735 -0.00782170 0.01526060
v -0.00447510 0.04977810 0.00145405
v -0.04717790 -0.00626665 0.01532900
v -0.00298585 0.04990135 0.00097015
v -0.04734180 -0.00470540 0.01538230
v -0.00149365 0.04997530 0.00048530
v -0.04745900 -0.00313950 0.01542035
v -0.04752935 -0.00157055 0.01544320
v -0.04755280 0.00000000 0.01545085
v -0.04752935 0.00157055 0.01544320
v -0.04745900 0.00313955 0.01542035
v -0.00149365 -0.04997530 0.00048535
v -0.04734180 0.00470540 0.01538230
v -0.00298585 -0.04990135 0.00097015
v -0.04717790 0.00626665 0.01532900
v -0.00447510 -0.04977810 0.00145405
v -0.04696735 0.00782170 0.01526060
v -0.00595995 -0.04960575 0.00193650
v -0.04671050 0.00936905 0.01517720
v -0.00743890 -0.04938440 0.00241705
v -0.04640760 0.01090715 0.01507875
v -0.00891050 -0.04911435 0.00289520
v -0.04605885 0.01243450 0.01496545
v -0.01037330 -0.04879585 0.00337050
v -0.04566465 0.01394955 0.01483735
v -0.01182590 -0.04842915 0.00384250
v -0.04522540 0.01545085 0.01469465
v -0.01326685 -0.04801470 0.00431065
v -0.04474155 0.01693690 0.01453740
v -0.01469465 -0.04755285 0.00477460
v -0.04421350 0.01840625 0.01436585
v -0.01610795 -0.04704405 0.00523380
v -0.04364180 0.01985740 0.01418010
v -0.01750535 -0.04648880 0.00568785
v -0.04302710 0.02128895 0.01398035
v -0.01888550 -0.04588775 0.00613630
v -0.04236990 0.02269955 0.01376680
v -0.02024700 -0.04524135 0.00657865
v -0.04167085 0.02408770 0.01353970
v -0.02158855 -0.04455035 0.00701455
v -0.04093070 0.02545205 0.01329920
v -0.02290875 -0.04381535 0.00744350
v -0.04015020 0.02679135 0.01304560
v -0.02420635 -0.04303710 0.00786510
v -0.03933005 0.02810415 0.01277910
v -0.02548010 -0.04221640 0.00827900
v -0.03847110 0.02938925 0.01250000
v -0.02672860 -0.04135405 0.00868465
v -0.03757410 0.03064535 0.01220855
v -0.02795085 -0.04045085 0.00908180
v -0.03664010 0.03187120 0.01190510
v -0.02914545 -0.03950775 0.00946995
v -0.03566995 0.03306560 0.01158985
v -0.03031130 -0.03852565 0.00984875
v -0.03466450 0.03422735 0.01126320
v -0.03144725 -0.03750555 0.01021785
v -0.03362490 0.03535535 0.01092540
v -0.03255215 -0.03644845 0.01057685
v -0.03255215 0.03644845 0.01057685
v -0.03362490 -0.03535535 0.01092540
v -0.03144725 0.03750555 0.01021785
v -0.03466450 -0.03422735 0.01126320
v -0.03031130 0.03852565 0.00984875
v -0.03566995 -0.03306560 0.01158990
v -0.02914545 0.03950775 0.00946995
v -0.03664010 -0.03187120 0.01190510
v -0.02795085 0.04045085 0.00908180
v -0.03757410 -0.03064535 0.01220855
v -0.02672860 0.04135405 0.00868465
v -0.03847110 -0.02938925 0.01250000
v -0.02548010 0.04221640 0.00827900
v -0.04142185 -0.02269955 0.01640010
v -0.04206435 -0.02128895 0.01665445
v -0.01711370 0.04648880 0.00677580
v -0.04266530 -0.01985740 0.01689240
v -0.01574750 0.04704405 0.00623490
v -0.04322420 -0.01840625 0.01711370
v -0.01436585 0.04755285 0.00568785
v -0.04374045 -0.01693690 0.01731805
v -0.01297000 0.04801470 0.00513520
v -0.04421350 -0.01545085 0.01750535
v -0.01156130 0.04842915 0.00457745
v -0.04464290 -0.01394955 0.01767540
v -0.01014120 0.04879585 0.00401520
v -0.04502825 -0.01243450 0.01782795
v -0.00871115 0.04911435 0.00344900
v -0.04536925 -0.01090715 0.01796295
v -0.00727245 0.04938440 0.00287935
v -0.04566535 -0.00936905 0.01808020
v -0.00582660 0.04960575 0.00230690
v -0.04591645 -0.00782170 0.01817960
v -0.00437500 0.04977810 0.00173220
v -0.04612230 -0.00626665 0.01826110
v -0.00291905 0.04990135 0.00115575
v -0.04628250 -0.00470540 0.01832455
v -0.00146025 0.04997530 0.00057815
v -0.04639710 -0.00313950 0.01836990
v -0.04646590 -0.00157055 0.01839715
v -0.04648880 0.00000000 0.01840620
v -0.04646590 0.00157055 0.01839715
v -0.04639710 0.00313955 0.01836990
v -0.00146025 -0.04997530 0.00057815
v -0.04628250 0.00470540 0.01832455
v -0.00291905 -0.04990135 0.00115575
v -0.04612230 0.00626665 0.01826110
v -0.00437500 -0.04977810 0.00173220
v -0.04591645 0.00782170 0.01817960
v -0.00582660 -0.04960575 0.00230690
v -0.04566535 0.00936905 0.01808020
v -0.00727245 -0.04938440 0.00287935
v -0.04536925 0.01090715 0.01796295
v -0.00871115 -0.04911435 0.00344900
v -0.04502825 0.01243450 0.01782795
v -0.01014120 -0.04879585 0.00401520
v -0.04464290 0.01394955 0.01767540
v -0.01156130 -0.04842915 0.00457745
v -0.04421350 0.01545085 0.01750535
v -0.01297000 -0.04801470 0.00513520
v -0.04374045 0.01693690 0.01731805
v -0.01436585 -0.04755285 0.00568785
v -0.04322420 0.01840625 0.01711370
v -0.01574750 -0.04704405 0.00623490
v -0.04266530 0.01985740 0.01689240
v -0.01711370 -0.04648880 0.00677580
v -0.04206435 0.02128895 0.01665445
v -0.01846295 -0.04588775 0.00731000
v -0.04142185 0.02269955 0.01640010
v -0.01979400 -0.04524135 0.00783700
v -0.04073850 0.02408770 0.01612950
v -0.02110550 -0.04455035 0.00835625
v -0.04001490 0.02545205 0.01584300
v -0.02239615 -0.04381535 0.00886725
v -0.03925180 0.02679135 0.01554090
v -0.02366475 -0.04303710 0.00936955
v -0.03845000 0.02810415 0.01522345
v -0.02490995 -0.04221640 0.00986255
v -0.03761030 0.02938925 0.01489095
v -0.02613055 -0.04135405 0.01034585
v -0.03673335 0.03064535 0.01454375
v -0.02732540 -0.04045085 0.01081890
v -0.03582025 0.03187120 0.01418225
v -0.02849335 -0.03950775 0.01128130
v -0.03487180 0.03306560 0.01380675
v -0.02963305 -0.03852565 0.01173255
v -0.03388890 0.03422735 0.01341755
v -0.03074360 -0.03750555 0.01217225
v -0.03287255 0.03535535 0.01301515
v -0.03182380 -0.03644845 0.01259995
v -0.03182380 0.03644845 0.01259995
v -0.03287255 -0.03535535 0.01301515
v -0.03074360 0.03750555 0.01217225
v -0.03388890 -0.03422735 0.01341755
v -0.02963305 0.03852565 0.01173255
v -0.03487180 -0.03306560 0.01380675
v -0.02849335 0.03950775 0.01128130
v -0.03582025 -0.03187120 0.01418225
v -0.02732540 0.04045085 0.01081890
v -0.03673335 -0.03064535 0.01454375
v -0.02613055 0.04135405 0.01034580
v -0.03761030 -0.02938925 0.01489095
v -0.02490995 0.04221640 0.00986255
v -0.03845000 -0.02810415 0.01522345
v -0.02366475 0.04303710 0.00936950
v -0.03925180 -0.02679135 0.01554090
v -0.02239615 0.04381535 0.00886725
v -0.04001490 -0.02545205 0.01584300
v -0.02110550 0.04455035 0.00835625
v -0.04073850 -0.02408770 0.01612950
v -0.01979400 0.04524135 0.00783700
v -0.01846295 0.04588775 0.00731000
v -0.01262195 0.04801470 0.00593945
v -0.01125105 0.04842915 0.00529435
v -0.04302710 -0.01545085 0.02024700
v -0.04344495 -0.01394955 0.02044365
v -0.00986910 0.04879585 0.00464405
v -0.04382000 -0.01243450 0.02062015
v -0.00847740 0.04911435 0.00398915
v -0.04415180 -0.01090715 0.02077630
v -0.00707730 0.04938440 0.00333030
v -0.04443995 -0.00936905 0.02091190
v -0.00567025 0.04960575 0.00266820
v -0.04468435 -0.00782170 0.02102685
v -0.00425760 0.04977810 0.00200345
v -0.04488465 -0.00626665 0.02112110
v -0.00284075 0.04990135 0.00133675
v -0.04504060 -0.00470540 0.02119450
v -0.00142105 0.04997530 0.00066870
v -0.04515210 -0.00313950 0.02124695
v -0.04521900 -0.00157055 0.02127845
v -0.04524130 0.00000000 0.02128895
v -0.04521900 0.00157055 0.02127845
v -0.04515210 0.00313955 0.02124695
v -0.00142105 -0.04997530 0.00066870
v -0.04504060 0.00470540 0.02119450
v -0.00284075 -0.04990135 0.00133675
v -0.04488465 0.00626665 0.02112110
v -0.00425760 -0.04977810 0.00200345
v -0.04468435 0.00782175 0.02102685
v -0.00567025 -0.04960575 0.00266820
v -0.04443995 0.00936905 0.02091190
v -0.00707730 -0.04938440 0.00333035
v -0.04415180 0.01090715 0.02077630
v -0.00847740 -0.04911435 0.00398915
v -0.04382000 0.01243450 0.02062015
v -0.00986910 -0.04879585 0.00464405
v -0.04344495 0.01394955 0.02044365
v -0.01125105 -0.04842915 0.00529435
v -0.04302710 0.01545085 0.02024700
v -0.01262195 -0.04801470 0.00593945
v -0.04256670 0.01693690 0.02003035
v -0.01398035 -0.04755285 0.00657865
v -0.04206435 0.01840625 0.01979400
v -0.01532495 -0.04704405 0.00721140
v -0.04152045 0.01985740 0.01953805
v -0.01665445 -0.04648880 0.00783700
v -0.04093560 0.02128895 0.01926285
v -0.01796750 -0.04588775 0.00845485
v -0.04031035 0.02269955 0.01896860
v -0.01926285 -0.04524135 0.00906440
v -0.03964530 0.02408770 0.01865565
v -0.02053915 -0.04455035 0.00966500
v -0.03894115 0.02545205 0.01832430
v -0.02179520 -0.04381535 0.01025605
v -0.03819855 0.02679135 0.01797485
v -0.02302970 -0.04303710 0.01083695
v -0.03741825 0.02810415 0.01760770
v -0.02424155 -0.04221640 0.01140720
v -0.03660105 0.02938925 0.01722315
v -0.02542940 -0.04135405 0.01196615
v -0.03574765 0.03064535 0.01682155
v -0.02659220 -0.04045085 0.01251335
v -0.03485905 0.03187120 0.01640340
v -0.02772875 -0.03950775 0.01304815
v -0.03393605 0.03306560 0.01596910
v -0.02883790 -0.03852565 0.01357010
v -0.03297955 0.03422735 0.01551900
v -0.02991865 -0.03750555 0.01407865
v -0.03199045 0.03535535 0.01505355
v -0.03096985 -0.03644845 0.01457330
v -0.03096985 0.03644845 0.01457330
v -0.03199045 -0.03535535 0.01505355
v -0.02991865 0.03750555 0.01407865
v -0.03297955 -0.03422735 0.01551900
v -0.02883790 0.03852565 0.01357010
v -0.03393605 -0.03306560 0.01596910
v -0.02772875 0.03950775 0.01304815
v -0.03485905 -0.03187120 0.01640345
v -0.02659220 0.04045085 0.01251335
v -0.03574765 -0.03064535 0.01682160
v -0.02542940 0.04135405 0.01196615
v -0.03660105 -0.02938925 0.01722315
v -0.02424155 0.04221640 0.01140720
v -0.03741825 -0.02810415 0.01760770
v -0.02302970 0.04303710 0.01083695
v -0.03819855 -0.02679135 0.01797490
v -0.02179520 0.04381535 0.01025605
v -0.03894115 -0.02545205 0.01832430
v -0.02053915 0.04455035 0.00966500
v -0.03964530 -0.02408770 0.01865565
v -0.01926285 0.04524135 0.00906440
v -0.04031035 -0.02269955 0.01896860
v -0.01796750 0.04588775 0.00845485
v -0.04093560 -0.02128895 0.01926285
v -0.01665445 0.04648880 0.00783700
v -0.04152045 -0.01985740 0.01953805
v -0.01532495 0.04704405 0.00721140
v -0.04206435 -0.01840625 0.01979400
v -0.01398035 0.04755285 0.00657865
v -0.04256670 -0.01693690 0.02003040
v -0.02230380 0.04303710 0.01226160
v -0.03623880 -0.02810415 0.01992245
v -0.03699450 -0.02679135 0.02033790
v -0.02110820 0.04381535 0.01160430
v -0.03771370 -0.02545205 0.02073330
v -0.01989175 0.04455035 0.01093560
v -0.03839570 -0.02408770 0.02110820
v -0.01865565 0.04524135 0.01025605
v -0.03903975 -0.02269955 0.02146230
v -0.01740115 0.04588775 0.00956635
v -0.03964530 -0.02128895 0.02179520
v -0.01612950 0.04648880 0.00886725
v -0.04021170 -0.01985740 0.02210660
v -0.01484190 0.04704405 0.00815940
v -0.04073845 -0.01840625 0.02239615
v -0.01353970 0.04755285 0.00744350
v -0.04122500 -0.01693690 0.02266365
v -0.01222410 0.04801470 0.00672025
v -0.04167085 -0.01545085 0.02290875
v -0.01089640 0.04842915 0.00599035
v -0.04207560 -0.01394955 0.02313125
v -0.00955800 0.04879585 0.00525455
v -0.04243875 -0.01243450 0.02333090
v -0.00821020 0.04911435 0.00451360
v -0.04276010 -0.01090715 0.02350760
v -0.00685425 0.04938440 0.00376815
v -0.04303920 -0.00936905 0.02366105
v -0.00549150 0.04960575 0.00301900
v -0.04327590 -0.00782170 0.02379110
v -0.00412340 0.04977810 0.00226685
v -0.04346985 -0.00626665 0.02389775
v -0.00275120 0.04990135 0.00151245
v -0.04362090 -0.00470540 0.02398080
v -0.00137625 0.04997530 0.00075660
v -0.04372890 -0.00313950 0.02404015
v -0.04379370 -0.00157055 0.02407580
v -0.04381530 0.00000000 0.02408765
v -0.04379370 0.00157055 0.02407580
v -0.04372890 0.00313955 0.02404015
v -0.00137625 -0.04997530 0.00075660
v -0.04362090 0.00470540 0.02398080
v -0.00275120 -0.04990135 0.00151250
v -0.04346985 0.00626665 0.02389775
v -0.00412340 -0.04977810 0.00226685
v -0.04327590 0.00782175 0.02379110
v -0.00549150 -0.04960575 0.00301900
v -0.04303920 0.00936905 0.02366105
v -0.00685425 -0.04938440 0.00376815
v -0.04276010 0.01090715 0.02350760
v -0.00821020 -0.04911435 0.00451360
v -0.04243875 0.01243450 0.02333090
v -0.00955800 -0.04879585 0.00525455
v -0.04207560 0.01394955 0.02313125
v -0.01089640 -0.04842915 0.00599035
v -0.04167085 0.01545085 0.02290875
v -0.01222410 -0.04801470 0.00672025
v -0.04122500 0.01693690 0.02266365
v -0.01353970 -0.04755285 0.00744350
v -0.04073845 0.01840625 0.02239615
v -0.01484190 -0.04704405 0.00815940
v -0.04021170 0.01985740 0.02210660
v -0.01612950 -0.04648880 0.00886725
v -0.03964530 0.02128895 0.02179520
v -0.01740115 -0.04588775 0.00956640
v -0.03903975 0.02269955 0.02146230
v -0.01865565 -0.04524135 0.01025605
v -0.03839570 0.02408770 0.02110820
v -0.01989175 -0.04455035 0.01093560
v -0.03771370 0.02545205 0.02073325
v -0.02110820 -0.04381535 0.01160435
v -0.03699450 0.02679135 0.02033790
v -0.02230380 -0.04303710 0.01226165
v -0.03623880 0.02810415 0.01992245
v -0.02347745 -0.04221640 0.01290685
v -0.03544740 0.02938925 0.01948735
v -0.02462785 -0.04135405 0.01353925
v -0.03462090 0.03064535 0.01903300
v -0.02575400 -0.04045085 0.01415840
v -0.03376030 0.03187120 0.01855985
v -0.02685475 -0.03950775 0.01476350
v -0.03286640 0.03306560 0.01806845
v -0.02792890 -0.03852565 0.01535405
v -0.03194000 0.03422735 0.01755915
v -0.02897560 -0.03750555 0.01592945
v -0.03098210 0.03535535 0.01703255
v -0.02999370 -0.03644845 0.01648915
v -0.02999370 0.03644845 0.01648915
v -0.03098210 -0.03535535 0.01703255
v -0.02897560 0.03750555 0.01592945
v -0.03194000 -0.03422735 0.01755915
v -0.02792890 0.03852565 0.01535405
v -0.03286640 -0.03306560 0.01806845
v -0.02685475 0.03950775 0.01476350
v -0.03376030 -0.03187120 0.01855990
v -0.02575400 0.04045085 0.01415840
v -0.03462090 -0.03064535 0.01903300
v -0.02462785 0.04135405 0.01353925
v -0.03544740 -0.02938925 0.01948735
v -0.02347745 0.04221640 0.01290680
v -0.03761510 -0.02269955 0.02387125
v -0.03819855 -0.02128895 0.02424155
v -0.01554090 0.04648880 0.00986255
v -0.03874425 -0.01985740 0.02458790
v -0.01430030 0.04704405 0.00907525
v -0.03925180 -0.01840620 0.02490995
v -0.01304560 0.04755285 0.00827900
v -0.03972060 -0.01693690 0.02520745
v -0.01177800 0.04801470 0.00747455
v -0.04015020 -0.01545085 0.02548010
v -0.01049880 0.04842915 0.00666275
v -0.04054015 -0.01394955 0.02572755
v -0.00920920 0.04879585 0.00584435
v -0.04089005 -0.01243450 0.02594965
v -0.00791055 0.04911435 0.00502020
v -0.04119970 -0.01090715 0.02614615
v -0.00660410 0.04938440 0.00419110
v -0.04146860 -0.00936905 0.02631680
v -0.00529110 0.04960575 0.00335785
v -0.04169660 -0.00782170 0.02646150
v -0.00397290 0.04977810 0.00252130
v -0.04188355 -0.00626665 0.02658010
v -0.00265080 0.04990135 0.00168225
v -0.04202905 -0.00470540 0.02667245
v -0.00132605 0.04997530 0.00084155
v -0.04213310 -0.00313950 0.02673850
v -0.04219555 -0.00157055 0.02677810
v -0.04221635 0.00000000 0.02679130
v -0.04219555 0.00157055 0.02677810
v -0.04213310 0.00313955 0.02673850
v -0.00132605 -0.04997530 0.00084155
v -0.04202905 0.00470540 0.02667245
v -0.00265080 -0.04990135 0.00168225
v -0.04188355 0.00626665 0.02658010
v -0.00397290 -0.04977810 0.00252130
v -0.04169660 0.00782175 0.02646150
v -0.00529110 -0.04960575 0.00335785
v -0.04146860 0.00936905 0.02631680
v -0.00660410 -0.04938440 0.00419110
v -0.04119970 0.01090715 0.02614615
v -0.00791055 -0.04911435 0.00502020
v -0.04089005 0.01243450 0.02594965
v -0.00920920 -0.04879585 0.00584435
v -0.04054015 0.01394955 0.02572755
v -0.01049880 -0.04842915 0.00666275
v -0.04015020 0.01545085 0.02548005
v -0.01177800 -0.04801470 0.00747455
v -0.03972060 0.01693690 0.02520745
v -0.01304560 -0.04755285 0.00827900
v -0.03925180 0.01840625 0.02490995
v -0.01430030 -0.04704405 0.00907525
v -0.03874425 0.01985740 0.02458790
v -0.01554090 -0.04648880 0.00986255
v -0.03819855 0.02128895 0.02424155
v -0.01676615 -0.04588775 0.01064015
v -0.03761510 0.02269955 0.02387125
v -0.01797485 -0.04524135 0.01140720
v -0.03699450 0.02408770 0.02347745
v -0.01916585 -0.04455035 0.01216300
v -0.03633740 0.02545205 0.02306040
v -0.02033790 -0.04381535 0.01290685
v -0.03564450 0.02679135 0.02262070
v -0.02148990 -0.04303710 0.01363790
v -0.03491640 0.02810415 0.02215860
v -0.02262070 -0.04221640 0.01435550
v -0.03415380 0.02938925 0.02167465
v -0.02372910 -0.04135405 0.01505895
v -0.03335745 0.03064535 0.02116930
v -0.02481415 -0.04045085 0.01574755
v -0.03252830 0.03187120 0.02064310
v -0.02587475 -0.03950775 0.01642060
v -0.03166700 0.03306560 0.02009650
v -0.02690970 -0.03852565 0.01707745
v -0.03077445 0.03422735 0.01953005
v -0.02791820 -0.03750555 0.01771745
v -0.02985150 0.03535535 0.01894430
v -0.02889915 -0.03644845 0.01833995
v -0.02889915 0.03644845 0.01833995
v -0.02985150 -0.03535535 0.01894435
v -0.02791820 0.03750555 0.01771745
v -0.03077445 -0.03422735 0.01953005
v -0.02690970 0.03852565 0.01707745
v -0.03166700 -0.03306560 0.02009650
v -0.02587475 0.03950775 0.01642060
v -0.03252830 -0.03187120 0.02064310
v -0.02481415 0.04045085 0.01574755
v -0.03335745 -0.03064535 0.02116930
v -0.02372910 0.04135405 0.01505895
v -0.03415380 -0.02938925 0.02167470
v -0.02262070 0.04221640 0.01435550
v -0.03491640 -0.02810415 0.02215860
v -0.02148990 0.04303710 0.01363790
v -0.03564450 -0.02679135 0.02262070
v -0.02033790 0.04381535 0.01290680
v -0.03633740 -0.02545205 0.02306040
v -0.01916585 0.04455035 0.01216300
v -0.03699450 -0.02408770 0.02347745
v -0.01797485 0.04524135 0.01140720
v -0.01676615 0.04588775 0.01064010
v -0.01128545 0.04801470 0.00819935
v -0.01005970 0.04842915 0.00730880
v -0.03847105 -0.01545085 0.02795085
v -0.03884470 -0.01394955 0.02822230
v -0.00882410 0.04879585 0.00641105
v -0.03918000 -0.01243450 0.02846595
v -0.00757975 0.04911435 0.00550700
v -0.03947665 -0.01090715 0.02868150
v -0.00632790 0.04938440 0.00459750
v -0.03973430 -0.00936905 0.02886870
v -0.00506985 0.04960575 0.00368345
v -0.03995280 -0.00782170 0.02902740
v -0.00380675 0.04977810 0.00276575
v -0.04013190 -0.00626665 0.02915755
v -0.00253995 0.04990135 0.00184535
v -0.04027135 -0.00470540 0.02925885
v -0.00127060 0.04997530 0.00092315
v -0.04037105 -0.00313950 0.02933130
v -0.04043090 -0.00157055 0.02937475
v -0.04045080 0.00000000 0.02938925
v -0.04043090 0.00157055 0.02937475
v -0.04037105 0.00313955 0.02933130
v -0.00127060 -0.04997530 0.00092315
v -0.04027135 0.00470540 0.02925885
v -0.00253995 -0.04990135 0.00184535
v -0.04013190 0.00626665 0.02915755
v -0.00380675 -0.04977810 0.00276580
v -0.03995280 0.00782175 0.02902740
v -0.00506985 -0.04960575 0.00368345
v -0.03973430 0.00936905 0.02886870
v -0.00632790 -0.04938440 0.00459750
v -0.03947665 0.01090715 0.02868150
v -0.00757975 -0.04911435 0.00550700
v -0.03918000 0.01243450 0.02846595
v -0.00882410 -0.04879585 0.00641105
v -0.03884470 0.01394955 0.02822230
v -0.01005970 -0.04842915 0.00730880
v -0.03847105 0.01545085 0.02795085
v -0.01128545 -0.04801470 0.00819935
v -0.03805945 0.01693690 0.02765180
v -0.01250000 -0.04755285 0.00908180
v -0.03761025 0.01840625 0.02732545
v -0.01370225 -0.04704405 0.00995525
v -0.03712395 0.01985740 0.02697215
v -0.01489095 -0.04648880 0.01081890
v -0.03660105 0.02128895 0.02659220
v -0.01606495 -0.04588775 0.01167190
v -0.03604200 0.02269955 0.02618605
v -0.01722315 -0.04524135 0.01251335
v -0.03544735 0.02408770 0.02575400
v -0.01836430 -0.04455035 0.01334245
v -0.03481775 0.02545205 0.02529655
v -0.01948735 -0.04381535 0.01415840
v -0.03415380 0.02679135 0.02481420
v -0.02059115 -0.04303710 0.01496035
v -0.03345610 0.02810415 0.02430730
v -0.02167465 -0.04221640 0.01574755
v -0.03272545 0.02938925 0.02377645
v -0.02273670 -0.04135405 0.01651920
v -0.03196240 0.03064535 0.02322205
v -0.02377640 -0.04045085 0.01727455
v -0.03116790 0.03187120 0.02264480
v -0.02479260 -0.03950775 0.01801290
v -0.03034265 0.03306560 0.02204525
v -0.02578430 -0.03852565 0.01873340
v -0.02948740 0.03422735 0.02142385
v -0.02675065 -0.03750555 0.01943545
v -0.02860305 0.03535535 0.02078135
v -0.02769055 -0.03644845 0.02011835
v -0.02769055 0.03644845 0.02011835
v -0.02860305 -0.03535535 0.02078135
v -0.02675065 0.03750555 0.01943545
v -0.02948740 -0.03422735 0.02142385
v -0.02578430 0.03852565 0.01873340
v -0.03034265 -0.03306560 0.02204525
v -0.02479260 0.03950775 0.01801290
v -0.03116790 -0.03187120 0.02264480
v -0.02377640 0.04045085 0.01727455
v -0.03196240 -0.03064535 0.02322205
v -0.02273670 0.04135405 0.01651920
v -0.03272545 -0.02938925 0.02377645
v -0.02167465 0.04221640 0.01574755
v -0.03345610 -0.02810415 0.02430730
v -0.02059115 0.04303710 0.01496035
v -0.03415380 -0.02679135 0.02481420
v -0.01948735 0.04381535 0.01415840
v -0.03481775 -0.02545205 0.02529655
v -0.01836430 0.04455035 0.01334245
v -0.03544735 -0.02408770 0.02575400
v -0.01722315 0.04524135 0.01251335
v -0.03604200 -0.02269955 0.02618605
v -0.01606495 0.04588775 0.01167190
v -0.03660105 -0.02128895 0.02659220
v -0.01489095 0.04648880 0.01081890
v -0.03712395 -0.01985740 0.02697215
v -0.01370225 0.04704405 0.00995525
v -0.03761025 -0.01840620 0.02732545
v -0.01250000 0.04755285 0.00908180
v -0.03805945 -0.01693690 0.02765180
v -0.03805135 -0.00782170 0.03147880
v -0.00362560 0.04977810 0.00299935
v -0.03822190 -0.00626665 0.03161990
v -0.00241905 0.04990135 0.00200120
v -0.03835470 -0.00470540 0.03172980
v -0.00121010 0.04997530 0.00100110
v -0.03844965 -0.00313950 0.03180830
v -0.03850665 -0.00157055 0.03185545
v -0.03852565 0.00000000 0.03187120
v -0.03850665 0.00157055 0.03185545
v -0.03844965 0.00313955 0.03180830
v -0.00121010 -0.04997530 0.00100110
v -0.03835470 0.00470540 0.03172980
v -0.00241905 -0.04990135 0.00200120
v -0.03822190 0.00626665 0.03161990
v -0.00362560 -0.04977810 0.00299935
v -0.03805135 0.00782175 0.03147880
v -0.00482855 -0.04960575 0.00399455
v -0.03784325 0.00936905 0.03130665
v -0.00602675 -0.04938440 0.00498575
v -0.03759785 0.01090715 0.03110365
v -0.00721900 -0.04911435 0.00597210
v -0.03731530 0.01243450 0.03086990
v -0.00840410 -0.04879585 0.00695250
v -0.03699595 0.01394955 0.03060570
v -0.00958095 -0.04842915 0.00792605
v -0.03664010 0.01545085 0.03031130
v -0.01074835 -0.04801470 0.00889180
v -0.03624805 0.01693690 0.02998700
v -0.01190510 -0.04755285 0.00984875
v -0.03582025 0.01840625 0.02963310
v -0.01305010 -0.04704405 0.01079600
v -0.03535710 0.01985740 0.02924995
v -0.01418225 -0.04648880 0.01173255
v -0.03485905 0.02128895 0.02883795
v -0.01530040 -0.04588775 0.01265760
v -0.03432660 0.02269955 0.02839745
v -0.01640345 -0.04524135 0.01357010
v -0.03376030 0.02408770 0.02792895
v -0.01749030 -0.04455035 0.01446925
v -0.03316065 0.02545205 0.02743285
v -0.01855985 -0.04381535 0.01535405
v -0.03252830 0.02679135 0.02690975
v -0.01961115 -0.04303710 0.01622375
v -0.03186385 0.02810415 0.02636005
v -0.02064310 -0.04221640 0.01707745
v -0.03116795 0.02938925 0.02578435
v -0.02165460 -0.04135405 0.01791425
v -0.03044120 0.03064535 0.02518315
v -0.02264480 -0.04045085 0.01873340
v -0.02968455 0.03187120 0.02455720
v -0.02361265 -0.03950775 0.01953410
v -0.02889855 0.03306560 0.02390695
v -0.02455715 -0.03852565 0.02031545
v -0.02808400 0.03422735 0.02323310
v -0.02547745 -0.03750555 0.02107680
v -0.02724175 0.03535535 0.02253635
v -0.02637265 -0.03644845 0.02181735
v -0.02637265 0.03644845 0.02181735
v -0.02724175 -0.03535535 0.02253635
v -0.02547745 0.03750555 0.02107680
v -0.02808400 -0.03422735 0.02323310
v -0.02455715 0.03852565 0.02031545
v -0.02889855 -0.03306560 0.02390700
v -0.02361265 0.03950775 0.01953410
v -0.02968455 -0.03187120 0.02455720
v -0.02264480 0.04045085 0.01873340
v -0.03044120 -0.03064535 0.02518320
v -0.02165460 0.04135405 0.01791425
v -0.03116795 -0.02938925 0.02578440
v -0.02064310 0.04221640 0.01707745
v -0.03186385 -0.02810415 0.02636005
v -0.01961115 0.04303710 0.01622375
v -0.03252830 -0.02679135 0.02690975
v -0.01855985 0.04381535 0.01535405
v -0.03316065 -0.02545205 0.02743285
v -0.01749030 0.04455035 0.01446920
v -0.03376030 -0.02408770 0.02792895
v -0.01640345 0.04524135 0.01357010
v -0.03432660 -0.02269955 0.02839745
v -0.01530040 0.04588775 0.01265760
v -0.03485905 -0.02128895 0.02883795
v -0.01418225 0.04648880 0.01173255
v -0.03535710 -0.01985740 0.02924995
v -0.01305010 0.04704405 0.01079600
v -0.03582025 -0.01840620 0.02963310
v -0.01190510 0.04755285 0.00984875
v -0.03624805 -0.01693690 0.02998700
v -0.01074835 0.04801470 0.00889180
v -0.03664010 -0.01545085 0.03031130
v -0.00958095 0.04842915 0.00792605
v -0.03699595 -0.01394955 0.03060570
v -0.00840410 0.04879585 0.00695250
v -0.03731530 -0.01243450 0.03086990
v -0.00721900 0.04911435 0.00597205
v -0.03759785 -0.01090715 0.03110365
v -0.00602675 0.04938440 0.00498575
v -0.03784325 -0.00936905 0.03130665
v -0.00482855 0.04960575 0.00399450
v -0.03643045 -0.00157055 0.03421045
v -0.03644840 0.00000000 0.03422735
v -0.03643045 0.00157055 0.03421045
v -0.03637650 0.00313955 0.03415985
v -0.00114485 -0.04997530 0.00107510
v -0.03628670 0.00470540 0.03407550
v -0.00228860 -0.04990135 0.00214915
v -0.03616105 0.00626665 0.03395750
v -0.00343010 -0.04977810 0.00322110
v -0.03599970 0.00782175 0.03380595
v -0.00456820 -0.04960575 0.00428985
v -0.03580280 0.00936905 0.03362110
v -0.00570180 -0.04938440 0.00535435
v -0.03557065 0.01090715 0.03340305
v -0.00682975 -0.04911435 0.00641360
v -0.03530330 0.01243450 0.03315200
v -0.00795100 -0.04879585 0.00746645
v -0.03500120 0.01394955 0.03286830
v -0.00906435 -0.04842915 0.00851200
v -0.03466450 0.01545085 0.03255215
v -0.01016880 -0.04801470 0.00954915
v -0.03429365 0.01693690 0.03220385
v -0.01126320 -0.04755285 0.01057685
v -0.03388890 0.01840625 0.03182380
v -0.01234645 -0.04704405 0.01159410
v -0.03345070 0.01985740 0.03141230
v -0.01341755 -0.04648880 0.01259995
v -0.03297955 0.02128895 0.03096985
v -0.01447540 -0.04588775 0.01359335
v -0.03247580 0.02269955 0.03049680
v -0.01551900 -0.04524135 0.01457330
v -0.03194000 0.02408770 0.02999365
v -0.01654725 -0.04455035 0.01553890
v -0.03137270 0.02545205 0.02946090
v -0.01755915 -0.04381535 0.01648915
v -0.03077440 0.02679135 0.02889910
v -0.01855375 -0.04303710 0.01742315
v -0.03014580 0.02810415 0.02830880
v -0.01953005 -0.04221640 0.01833995
v -0.02948745 0.02938925 0.02769055
v -0.02048705 -0.04135405 0.01923860
v -0.02879990 0.03064535 0.02704490
v -0.02142385 -0.04045085 0.02011835
v -0.02808400 0.03187120 0.02637265
v -0.02233950 -0.03950775 0.02097820
v -0.02734040 0.03306560 0.02567435
v -0.02323305 -0.03852565 0.02181735
v -0.02656975 0.03422735 0.02495065
v -0.02410380 -0.03750555 0.02263495
v -0.02577290 0.03535535 0.02420240
v -0.02495070 -0.03644845 0.02343025
v -0.02495070 0.03644845 0.02343025
v -0.02577290 -0.03535535 0.02420240
v -0.02410380 0.03750555 0.02263495
v -0.02656975 -0.03422735 0.02495070
v -0.02323305 0.03852565 0.02181730
v -0.02734040 -0.03306560 0.02567435
v -0.02233950 0.03950775 0.02097820
v -0.02808400 -0.03187120 0.02637265
v -0.02142385 0.04045085 0.02011830
v -0.02879990 -0.03064535 0.02704490
v -0.02048705 0.04135405 0.01923860
v -0.02948745 -0.02938925 0.02769055
v -0.01953005 0.04221640 0.01833995
v -0.03014580 -0.02810415 0.02830880
v -0.01855375 0.04303710 0.01742315
v -0.03077440 -0.02679135 0.02889915
v -0.01755915 0.04381535 0.01648915
v -0.03137270 -0.02545205 0.02946090
v -0.01654725 0.04455035 0.01553890
v -0.03194000 -0.02408770 0.02999365
v -0.01551900 0.04524135 0.01457330
v -0.03247580 -0.02269955 0.03049680
v -0.01447540 0.04588775 0.01359330
v -0.03297955 -0.02128895 0.03096985
v -0.01341755 0.04648880 0.01259990
v -0.03345070 -0.01985740 0.03141230
v -0.01234645 0.04704405 0.01159410
v -0.03388890 -0.01840620 0.03182380
v -0.01126320 0.04755285 0.01057685
v -0.03429365 -0.01693690 0.03220385
v -0.01016880 0.04801470 0.00954915
v -0.03466450 -0.01545085 0.03255215
v -0.00906435 0.04842915 0.00851200
v -0.03500120 -0.01394955 0.03286830
v -0.00795100 0.04879585 0.00746645
v -0.03530330 -0.01243450 0.03315200
v -0.00682975 0.04911435 0.00641355
v -0.03557065 -0.01090715 0.03340305
v -0.00570180 0.04938440 0.00535435
v -0.03580280 -0.00936905 0.03362110
v -0.00456820 0.04960575 0.00428980
v -0.03599970 -0.00782170 0.03380595
v -0.00343010 0.04977810 0.00322110
v -0.03616105 -0.00626665 0.03395750
v -0.00228860 0.04990135 0.00214915
v -0.03628670 -0.00470540 0.03407550
v -0.00114485 0.04997530 0.00107510
v -0.03637650 -0.00313950 0.03415985
v -0.00322110 -0.04977810 0.00343010
v -0.03395750 0.00626665 0.03616105
v -0.03380595 0.00782175 0.03599965
v -0.00428980 -0.04960575 0.00456820
v -0.03362105 0.00936905 0.03580280
v -0.00535435 -0.04938440 0.00570180
v -0.03340305 0.01090715 0.03557065
v -0.00641355 -0.04911435 0.00682975
v -0.03315200 0.01243450 0.03530330
v -0.00746645 -0.04879585 0.00795100
v -0.03286830 0.01394955 0.03500120
v -0.00851200 -0.04842915 0.00906435
v -0.03255215 0.01545085 0.03466450
v -0.00954915 -0.04801470 0.01016880
v -0.03220385 0.01693690 0.03429365
v -0.01057685 -0.04755285 0.01126320
v -0.03182380 0.01840625 0.03388890
v -0.01159410 -0.04704405 0.01234645
v -0.03141230 0.01985740 0.03345070
v -0.01259995 -0.04648880 0.01341755
v -0.03096985 0.02128895 0.03297955
v -0.01359330 -0.04588775 0.01447540
v -0.03049680 0.02269955 0.03247580
v -0.01457330 -0.04524135 0.01551900
v -0.02999365 0.02408770 0.03194000
v -0.01553890 -0.04455035 0.01654725
v -0.02946090 0.02545205 0.03137270
v -0.01648915 -0.04381535 0.01755915
v -0.02889910 0.02679135 0.03077445
v -0.01742315 -0.04303710 0.01855375
v -0.02830880 0.02810415 0.03014580
v -0.01833995 -0.04221640 0.01953005
v -0.02769055 0.02938925 0.02948745
v -0.01923860 -0.04135405 0.02048705
v -0.02704490 0.03064535 0.02879990
v -0.02011830 -0.04045085 0.02142385
v -0.02637265 0.03187120 0.02808400
v -0.02097820 -0.03950775 0.02233950
v -0.02567435 0.03306560 0.02734040
v -0.02181730 -0.03852565 0.02323310
v -0.02495065 0.03422735 0.02656975
v -0.02263495 -0.03750555 0.02410380
v -0.02420235 0.03535535 0.02577290
v -0.02343025 -0.03644845 0.02495070
v -0.02343025 0.03644845 0.02495070
v -0.02420235 -0.03535535 0.02577290
v -0.02263495 0.03750555 0.02410380
v -0.02495065 -0.03422735 0.02656975
v -0.02181730 0.03852565 0.02323310
v -0.02567435 -0.03306560 0.02734040
v -0.02097820 0.03950775 0.02233950
v -0.02637265 -0.03187120 0.02808400
v -0.02011830 0.04045085 0.02142385
v -0.02704490 -0.03064535 0.02879990
v -0.01923860 0.04135405 0.02048705
v -0.02769055 -0.02938925 0.02948745
v -0.01833995 0.04221640 0.01953005
v -0.02830880 -0.02810415 0.03014580
v -0.01742315 0.04303710 0.01855375
v -0.02889910 -0.02679135 0.03077445
v -0.01648915 0.04381535 0.01755915
v -0.02946090 -0.02545205 0.03137270
v -0.01553890 0.04455035 0.01654725
v -0.02999365 -0.02408770 0.03194000
v -0.01457330 0.04524135 0.01551900
v -0.03049680 -0.02269955 0.03247580
v -0.01359330 0.04588775 0.01447540
v -0.03096985 -0.02128895 0.03297955
v -0.01259995 0.04648880 0.01341755
v -0.03141230 -0.01985740 0.03345070
v -0.01159410 0.04704405 0.01234645
v -0.03182380 -0.01840620 0.03388890
v -0.01057685 0.04755285 0.01126320
v -0.03220385 -0.01693690 0.03429365
v -0.00954915 0.04801470 0.01016880
v -0.03255215 -0.01545085 0.03466450
v -0.00851200 0.04842915 0.00906435
v -0.03286830 -0.01394955 0.03500120
v -0.00746645 0.04879585 0.00795095
v -0.03315200 -0.01243450 0.03530330
v -0.00641355 0.04911435 0.00682975
v -0.03340305 -0.01090715 0.03557065
v -0.00535435 0.04938440 0.00570180
v -0.03362105 -0.00936905 0.03580280
v -0.00428980 0.04960575 0.00456820
v -0.03380595 -0.00782170 0.03599965
v -0.00322110 0.04977810 0.00343010
v -0.03395750 -0.00626665 0.03616105
v -0.00214915 0.04990135 0.00228860
v -0.03407545 -0.00470540 0.03628670
v -0.00107510 0.04997530 0.00114485
v -0.03415980 -0.00313950 0.03637650
v -0.03421045 -0.00157055 0.03643045
v -0.03422735 0.00000000 0.03644840
v -0.03421045 0.00157055 0.03643045
v -0.03415980 0.00313955 0.03637650
v -0.00107510 -0.04997530 0.00114490
v -0.03407545 0.00470540 0.03628670
v -0.00214915 -0.04990135 0.00228860
v -0.03060570 0.01394955 0.03699595
v -0.00695250 -0.04879585 0.00840410
v -0.00792605 -0.04842915 0.00958095
v -0.03031130 0.01545085 0.03664010
v -0.00889180 -0.04801470 0.01074835
v -0.02998700 0.01693690 0.03624805
v -0.00984875 -0.04755285 0.01190510
v -0.02963310 0.01840625 0.03582025
v -0.01079600 -0.04704405 0.01305010
v -0.02924990 0.01985740 0.03535710
v -0.01173255 -0.04648880 0.01418225
v -0.02883795 0.02128895 0.03485910
v -0.01265755 -0.04588775 0.01530040
v -0.02839745 0.02269955 0.03432665
v -0.01357010 -0.04524135 0.01640345
v -0.02792895 0.02408770 0.03376030
v -0.01446920 -0.04455035 0.01749030
v -0.02743290 0.02545205 0.03316065
v -0.01535405 -0.04381535 0.01855990
v -0.02690975 0.02679135 0.03252830
v -0.01622375 -0.04303710 0.01961115
v -0.02636005 0.02810415 0.03186385
v -0.01707745 -0.04221640 0.02064310
v -0.02578435 0.02938925 0.03116795
v -0.01791425 -0.04135405 0.02165460
v -0.02518315 0.03064535 0.03044120
v -0.01873340 -0.04045085 0.02264480
v -0.02455720 0.03187120 0.02968455
v -0.01953410 -0.03950775 0.02361265
v -0.02390695 0.03306560 0.02889855
v -0.02031545 -0.03852565 0.02455715
v -0.02323310 0.03422735 0.02808400
v -0.02107680 -0.03750555 0.02547750
v -0.02253630 0.03535535 0.02724175
v -0.02181735 -0.03644845 0.02637265
v -0.02181735 0.03644845 0.02637265
v -0.02253630 -0.03535535 0.02724175
v -0.02107680 0.03750555 0.02547745
v -0.02323310 -0.03422735 0.02808400
v -0.02031545 0.03852565 0.02455715
v -0.02390695 -0.03306560 0.02889855
v -0.01953410 0.03950775 0.02361265
v -0.02455720 -0.03187120 0.02968455
v -0.01873340 0.04045085 0.02264480
v -0.02518315 -0.03064535 0.03044125
v -0.01791425 0.04135405 0.02165460
v -0.02578435 -0.02938925 0.03116795
v -0.01707745 0.04221640 0.02064310
v -0.02636005 -0.02810415 0.03186385
v -0.01622375 0.04303710 0.01961115
v -0.02690975 -0.02679135 0.03252830
v -0.01535405 0.04381535 0.01855985
v -0.02743290 -0.02545205 0.03316065
v -0.01446920 0.04455035 0.01749030
v -0.02792895 -0.02408770 0.03376030
v -0.01357010 0.04524135 0.01640345
v -0.02839745 -0.02269955 0.03432665
v -0.01265755 0.04588775 0.01530040
v -0.02883795 -0.02128895 0.03485910
v -0.01173255 0.04648880 0.01418225
v -0.02924990 -0.01985740 0.03535710
v -0.01079600 0.04704405 0.01305010
v -0.02963310 -0.01840620 0.03582025
v -0.00984875 0.04755285 0.01190510
v -0.02998700 -0.01693690 0.03624805
v -0.00889180 0.04801470 0.01074835
v -0.03031130 -0.01545085 0.03664010
v -0.00792605 0.04842915 0.00958095
v -0.03060570 -0.01394955 0.03699595
v -0.00695250 0.04879585 0.00840410
v -0.03086990 -0.01243450 0.03731530
v -0.00597205 0.04911435 0.00721900
v -0.03110365 -0.01090715 0.03759785
v -0.00498575 0.04938440 0.00602675
v -0.03130665 -0.00936905 0.03784325
v -0.00399450 0.04960575 0.00482855
v -0.03147880 -0.00782170 0.03805135
v -0.00299935 0.04977810 0.00362560
v -0.03161990 -0.00626665 0.03822190
v -0.00200120 0.04990135 0.00241905
v -0.03172975 -0.00470540 0.03835470
v -0.00100110 0.04997530 0.00121010
v -0.03180830 -0.00313950 0.03844965
v -0.03185545 -0.00157055 0.03850665
v -0.03187120 0.00000000 0.03852565
v -0.03185545 0.00157055 0.03850665
v -0.03180830 0.00313955 0.03844965
v -0.00100110 -0.04997530 0.00121010
v -0.03172975 0.00470540 0.03835470
v -0.00200120 -0.04990135 0.00241905
v -0.03161990 0.00626665 0.03822190
v -0.00299935 -0.04977810 0.00362560
v -0.03147880 0.00782175 0.03805135
v -0.00399450 -0.04960575 0.00482855
v -0.03130665 0.00936905 0.03784325
v -0.00498575 -0.04938440 0.00602675
v -0.03110365 0.01090715 0.03759785
v -0.00597205 -0.04911435 0.00721900
v -0.03086990 0.01243450 0.03731530
v -0.01081890 -0.04648880 0.01489095
v -0.02659220 0.02128895 0.03660105
v -0.01167190 -0.04588775 0.01606495
v -0.02618600 0.02269955 0.03604200
v -0.01251335 -0.04524135 0.01722315
v -0.02575400 0.02408770 0.03544735
v -0.01334245 -0.04455035 0.01836430
v -0.02529655 0.02545205 0.03481775
v -0.01415840 -0.04381535 0.01948735
v -0.02481415 0.02679135 0.03415380
v -0.01496035 -0.04303710 0.02059115
v -0.02430730 0.02810415 0.03345610
v -0.01574755 -0.04221640 0.02167465
v -0.02377645 0.02938925 0.03272545
v -0.01651920 -0.04135405 0.02273670
v -0.02322205 0.03064535 0.03196240
v -0.01727455 -0.04045085 0.02377640
v -0.02264480 0.03187120 0.03116790
v -0.01801290 -0.03950775 0.02479260
v -0.02204525 0.03306560 0.03034265
v -0.01873340 -0.03852565 0.02578430
v -0.02142385 0.03422735 0.02948740
v -0.01943545 -0.03750555 0.02675065
v -0.02078135 0.03535535 0.02860305
v -0.02011835 -0.03644845 0.02769055
v -0.02011835 0.03644845 0.02769050
v -0.02078135 -0.03535535 0.02860305
v -0.01943545 0.03750555 0.02675065
v -0.02142385 -0.03422735 0.02948740
v -0.01873340 0.03852565 0.02578430
v -0.02204525 -0.03306560 0.03034265
v -0.01801290 0.03950775 0.02479260
v -0.02264480 -0.03187120 0.03116790
v -0.01727455 0.04045085 0.02377640
v -0.02322205 -0.03064535 0.03196240
v -0.01651920 0.04135405 0.02273670
v -0.02377645 -0.02938925 0.03272545
v -0.01574755 0.04221640 0.02167465
v -0.02430730 -0.02810415 0.03345615
v -0.01496035 0.04303710 0.02059115
v -0.02481415 -0.02679135 0.03415380
v -0.01415840 0.04381535 0.01948735
v -0.02529655 -0.02545205 0.03481775
v -0.01334245 0.04455035 0.01836430
v -0.02575400 -0.02408770 0.03544735
v -0.01251335 0.04524135 0.01722315
v -0.02618600 -0.02269955 0.03604200
v -0.01167190 0.04588775 0.01606495
v -0.02659220 -0.02128895 0.03660105
v -0.01081890 0.04648880 0.01489095
v -0.02697210 -0.01985740 0.03712395
v -0.00995525 0.04704405 0.01370225
v -0.02732545 -0.01840620 0.03761025
v -0.00908180 0.04755285 0.01250000
v -0.02765180 -0.01693690 0.03805945
v -0.00819935 0.04801470 0.01128545
v -0.02795085 -0.01545085 0.03847105
v -0.00730880 0.04842915 0.01005970
v -0.02822230 -0.01394955 0.03884470
v -0.00641105 0.04879585 0.00882405
v -0.02846595 -0.01243450 0.03918000
v -0.00550700 0.04911435 0.00757975
v -0.02868145 -0.01090715 0.03947670
v -0.00459750 0.04938440 0.00632790
v -0.02886865 -0.00936905 0.03973435
v -0.00368345 0.04960575 0.00506985
v -0.02902740 -0.00782170 0.03995280
v -0.00276580 0.04977810 0.00380675
v -0.02915755 -0.00626665 0.04013190
v -0.00184535 0.04990135 0.00253995
v -0.02925885 -0.00470540 0.04027135
v -0.00092315 0.04997530 0.00127060
v -0.02933125 -0.00313950 0.04037105
v -0.02937475 -0.00157055 0.04043090
v -0.02938925 0.00000000 0.04045085
v -0.02937475 0.00157055 0.04043090
v -0.02933125 0.00313955 0.04037105
v -0.00092315 -0.04997530 0.00127060
v -0.02925885 0.00470540 0.04027135
v -0.00184535 -0.04990135 0.00253995
v -0.02915755 0.00626665 0.04013190
v -0.00276580 -0.04977810 0.00380675
v -0.02902740 0.00782175 0.03995280
v -0.00368345 -0.04960575 0.00506985
v -0.02886865 0.00936905 0.03973435
v -0.00459750 -0.04938440 0.00632790
v -0.02868145 0.01090715 0.03947670
v -0.00550700 -0.04911435 0.00757975
v -0.02846595 0.01243450 0.03918000
v -0.00641105 -0.04879585 0.00882410
v -0.02822230 0.01394955 0.03884470
v -0.00730880 -0.04842915 0.01005970
v -0.02795085 0.01545085 0.03847105
v -0.00819935 -0.04801470 0.01128545
v -0.02765180 0.01693690 0.03805940
v -0.00908180 -0.04755285 0.01250000
v -0.02732545 0.01840625 0.03761025
v -0.00995525 -0.04704405 0.01370225
v -0.02697210 0.01985740 0.03712395
v -0.02646150 -0.00782170 0.04169660
v -0.01363790 -0.04303710 0.02148990
v -0.00252130 0.04977810 0.00397290
v -0.02658010 -0.00626665 0.04188355
v -0.01435550 -0.04221640 0.02262070
v -0.00168225 0.04990135 0.00265080
v -0.02667245 -0.00470540 0.04202905
v -0.01505895 -0.04135405 0.02372910
v -0.00084155 0.04997530 0.00132605
v -0.02673845 -0.00313950 0.04213310
v -0.01574755 -0.04045085 0.02481415
v -0.02677810 -0.00157055 0.04219555
v -0.01642060 -0.03950775 0.02587475
v -0.02679130 0.00000000 0.04221635
v -0.01707740 -0.03852565 0.02690975
v -0.02677810 0.00157055 0.04219555
v -0.01771745 -0.03750555 0.02791820
v -0.02673845 0.00313955 0.04213310
v -0.01833995 -0.03644845 0.02889915
v -0.02667245 0.00470540 0.04202905
v -0.01894430 -0.03535535 0.02985150
v -0.02658010 0.00626665 0.04188355
v -0.01953005 -0.03422735 0.03077445
v -0.02646150 0.00782175 0.04169660
v -0.02009650 -0.03306560 0.03166705
v -0.02631675 0.00936905 0.04146860
v -0.02064310 -0.03187120 0.03252830
v -0.02614610 0.01090715 0.04119970
v -0.02116930 -0.03064535 0.03335750
v -0.02594960 0.01243450 0.04089005
v -0.02572755 0.01394955 0.04054015
v -0.02548010 0.01545085 0.04015020
v -0.02520745 0.01693690 0.03972060
v -0.02490995 0.01840625 0.03925180
v -0.02458785 0.01985740 0.03874430
v -0.02424155 0.02128895 0.03819855
v -0.02387125 0.02269955 0.03761510
v -0.02347745 0.02408770 0.03699450
v -0.02306045 0.02545205 0.03633740
v -0.02262065 0.02679135 0.03564450
v -0.02215860 0.02810415 0.03491635
v -0.02167465 0.02938925 0.03415385
v -0.02116930 0.03064535 0.03335745
v -0.02064310 0.03187120 0.03252830
v -0.02009650 0.03306560 0.03166705
v -0.01953005 0.03422735 0.03077445
v -0.01894430 0.03535535 0.02985150
v -0.01833995 0.03644845 0.02889915
v -0.01771745 0.03750555 0.02791820
v -0.01707740 0.03852565 0.02690970
v -0.01642060 0.03950775 0.02587475
v -0.01574755 0.04045085 0.02481415
v -0.00084155 -0.04997530 0.00132605
v -0.01505895 0.04135405 0.02372910
v -0.02167465 -0.02938925 0.03415385
v -0.00168225 -0.04990135 0.00265080
v -0.01435550 0.04221640 0.02262070
v -0.02215860 -0.02810415 0.03491640
v -0.00252130 -0.04977810 0.00397290
v -0.01363790 0.04303710 0.02148990
v -0.02262065 -0.02679135 0.03564450
v -0.00335785 -0.04960575 0.00529110
v -0.01290680 0.04381535 0.02033790
v -0.02306045 -0.02545205 0.03633740
v -0.00419110 -0.04938440 0.00660410
v -0.01216300 0.04455035 0.01916585
v -0.02347745 -0.02408770 0.03699455
v -0.00502020 -0.04911435 0.00791060
v -0.01140720 0.04524135 0.01797485
v -0.02387125 -0.02269955 0.03761510
v -0.00584435 -0.04879585 0.00920920
v -0.01064010 0.04588775 0.01676615
v -0.02424155 -0.02128895 0.03819855
v -0.00666275 -0.04842915 0.01049880
v -0.00986255 0.04648880 0.01554090
v -0.02458785 -0.01985740 0.03874430
v -0.00747455 -0.04801470 0.01177800
v -0.00907525 0.04704405 0.01430030
v -0.02490995 -0.01840620 0.03925180
v -0.00827900 -0.04755285 0.01304560
v -0.00827900 0.04755285 0.01304560
v -0.02520745 -0.01693690 0.03972060
v -0.00907525 -0.04704405 0.01430030
v -0.00747455 0.04801470 0.01177800
v -0.02548010 -0.01545085 0.04015020
v -0.00986255 -0.04648880 0.01554090
v -0.00666275 0.04842915 0.01049880
v -0.02572755 -0.01394955 0.04054015
v -0.01064010 -0.04588775 0.01676615
v -0.00584435 0.04879585 0.00920920
v -0.02594960 -0.01243450 0.04089005
v -0.01140720 -0.04524135 0.01797490
v -0.00502020 0.04911435 0.00791055
v -0.02614610 -0.01090715 0.04119970
v -0.01216300 -0.04455035 0.01916585
v -0.00419110 0.04938440 0.00660410
v -0.02631675 -0.00936905 0.04146860
v -0.01290680 -0.04381535 0.02033790
v -0.00335785 0.04960575 0.00529110
v -0.02407580 -0.00157055 0.04379370
v -0.02408765 0.00000000 0.04381530
v -0.02407580 0.00157055 0.04379370
v -0.02404015 0.00313955 0.04372890
v -0.00075660 -0.04997530 0.00137630
v -0.02398080 0.00470540 0.04362090
v -0.00151250 -0.04990135 0.00275120
v -0.02389775 0.00626665 0.04346990
v -0.00226685 -0.04977810 0.00412340
v -0.02379110 0.00782175 0.04327585
v -0.00301900 -0.04960575 0.00549150
v -0.02366100 0.00936905 0.04303920
v -0.00376815 -0.04938440 0.00685425
v -0.02350755 0.01090715 0.04276015
v -0.00451360 -0.04911435 0.00821020
v -0.02333090 0.01243450 0.04243880
v -0.00525455 -0.04879585 0.00955800
v -0.02313125 0.01394955 0.04207560
v -0.00599035 -0.04842915 0.01089645
v -0.02290875 0.01545085 0.04167085
v -0.00672025 -0.04801470 0.01222410
v -0.02266365 0.01693690 0.04122500
v -0.00744350 -0.04755285 0.01353970
v -0.02239615 0.01840625 0.04073845
v -0.00815940 -0.04704405 0.01484190
v -0.02210655 0.01985740 0.04021170
v -0.00886725 -0.04648880 0.01612950
v -0.02179520 0.02128895 0.03964530
v -0.00956635 -0.04588775 0.01740115
v -0.02146230 0.02269955 0.03903975
v -0.01025605 -0.04524135 0.01865565
v -0.02110820 0.02408770 0.03839570
v -0.01093560 -0.04455035 0.01989175
v -0.02073330 0.02545205 0.03771370
v -0.01160430 -0.04381535 0.02110820
v -0.02033790 0.02679135 0.03699450
v -0.01226160 -0.04303710 0.02230380
v -0.01992245 0.02810415 0.03623885
v -0.01290685 -0.04221640 0.02347745
v -0.01948735 0.02938925 0.03544740
v -0.01353925 -0.04135405 0.02462785
v -0.01903300 0.03064535 0.03462090
v -0.01415835 -0.04045085 0.02575400
v -0.01855990 0.03187120 0.03376030
v -0.01476350 -0.03950775 0.02685475
v -0.01806845 0.03306560 0.03286640
v -0.01535405 -0.03852565 0.02792895
v -0.01755915 0.03422735 0.03194000
v -0.01592945 -0.03750555 0.02897560
v -0.01703255 0.03535535 0.03098210
v -0.01648915 -0.03644845 0.02999370
v -0.01648915 0.03644845 0.02999365
v -0.01703255 -0.03535535 0.03098210
v -0.01592945 0.03750555 0.02897560
v -0.01755915 -0.03422735 0.03194000
v -0.01535405 0.03852565 0.02792890
v -0.01806845 -0.03306560 0.03286640
v -0.01476350 0.03950775 0.02685475
v -0.01855990 -0.03187120 0.03376030
v -0.01415835 0.04045085 0.02575400
v -0.01903300 -0.03064535 0.03462090
v -0.01353925 0.04135405 0.02462785
v -0.01948735 -0.02938925 0.03544740
v -0.01290685 0.04221640 0.02347745
v -0.01992245 -0.02810415 0.03623885
v -0.01226160 0.04303710 0.02230380
v -0.02033790 -0.02679135 0.03699450
v -0.01160430 0.04381535 0.02110820
v -0.02073330 -0.02545205 0.03771370
v -0.01093560 0.04455035 0.01989175
v -0.02110820 -0.02408770 0.03839570
v -0.01025605 0.04524135 0.01865565
v -0.02146230 -0.02269955 0.03903975
v -0.00956635 0.04588775 0.01740115
v -0.02179520 -0.02128895 0.03964530
v -0.00886725 0.04648880 0.01612950
v -0.02210655 -0.01985740 0.04021170
v -0.00815940 0.04704405 0.01484190
v -0.02239615 -0.01840620 0.04073845
v -0.00744350 0.04755285 0.01353970
v -0.02266365 -0.01693690 0.04122500
v -0.00672025 0.04801470 0.01222410
v -0.02290875 -0.01545085 0.04167085
v -0.00599035 0.04842915 0.01089640
v -0.02313125 -0.01394955 0.04207560
v -0.00525455 0.04879585 0.00955800
v -0.02333090 -0.01243450 0.04243880
v -0.00451360 0.04911435 0.00821020
v -0.02350755 -0.01090715 0.04276015
v -0.00376815 0.04938440 0.00685420
v -0.02366100 -0.00936905 0.04303920
v -0.00301900 0.04960575 0.00549150
v -0.02379110 -0.00782170 0.04327585
v -0.00226685 0.04977810 0.00412340
v -0.02389775 -0.00626665 0.04346990
v -0.00151250 0.04990135 0.00275120
v -0.02398080 -0.00470540 0.04362090
v -0.00075660 0.04997530 0.00137625
v -0.02404015 -0.00313950 0.04372890
v -0.02112110 0.00626665 0.04488465
v -0.00200345 -0.04977810 0.00425760
v -0.02102685 0.00782175 0.04468435
v -0.00266820 -0.04960575 0.00567025
v -0.02091185 0.00936905 0.04444000
v -0.00333035 -0.04938440 0.00707730
v -0.02077625 0.01090715 0.04415180
v -0.00398915 -0.04911435 0.00847740
v -0.02062010 0.01243450 0.04382000
v -0.00464405 -0.04879585 0.00986910
v -0.02044365 0.01394955 0.04344495
v -0.00529435 -0.04842915 0.01125105
v -0.02024700 0.01545085 0.04302710
v -0.00593945 -0.04801470 0.01262195
v -0.02003040 0.01693690 0.04256670
v -0.00657865 -0.04755285 0.01398035
v -0.01979395 0.01840625 0.04206435
v -0.00721135 -0.04704405 0.01532495
v -0.01953805 0.01985740 0.04152045
v -0.00783700 -0.04648880 0.01665445
v -0.01926285 0.02128895 0.04093560
v -0.00845485 -0.04588775 0.01796750
v -0.01896860 0.02269955 0.04031035
v -0.00906440 -0.04524135 0.01926285
v -0.01865565 0.02408770 0.03964530
v -0.00966500 -0.04455035 0.02053915
v -0.01832430 0.02545205 0.03894110
v -0.01025605 -0.04381535 0.02179520
v -0.01797485 0.02679135 0.03819855
v -0.01083695 -0.04303710 0.02302970
v -0.01760770 0.02810415 0.03741825
v -0.01140720 -0.04221640 0.02424155
v -0.01722315 0.02938925 0.03660105
v -0.01196615 -0.04135405 0.02542940
v -0.01682155 0.03064535 0.03574765
v -0.01251330 -0.04045085 0.02659220
v -0.01640345 0.03187120 0.03485905
v -0.01304815 -0.03950775 0.02772875
v -0.01596910 0.03306560 0.03393610
v -0.01357005 -0.03852565 0.02883790
v -0.01551900 0.03422735 0.03297955
v -0.01407865 -0.03750555 0.02991865
v -0.01505355 0.03535535 0.03199045
v -0.01457330 -0.03644845 0.03096985
v -0.01457330 0.03644845 0.03096985
v -0.01505355 -0.03535535 0.03199045
v -0.01407865 0.03750555 0.02991865
v -0.01551900 -0.03422735 0.03297955
v -0.01357005 0.03852565 0.02883790
v -0.01596910 -0.03306560 0.03393610
v -0.01304815 0.03950775 0.02772875
v -0.01640345 -0.03187120 0.03485905
v -0.01251330 0.04045085 0.02659220
v -0.01682155 -0.03064535 0.03574765
v -0.01196615 0.04135405 0.02542940
v -0.01722315 -0.02938925 0.03660110
v -0.01140720 0.04221640 0.02424155
v -0.01760770 -0.02810415 0.03741825
v -0.01083695 0.04303710 0.02302970
v -0.01797485 -0.02679135 0.03819855
v -0.01025605 0.04381535 0.02179520
v -0.01832430 -0.02545205 0.03894115
v -0.00966500 0.04455035 0.02053915
v -0.01865565 -0.02408770 0.03964530
v -0.00906440 0.04524135 0.01926285
v -0.01896860 -0.02269955 0.04031035
v -0.00845485 0.04588775 0.01796750
v -0.01926285 -0.02128895 0.04093560
v -0.00783700 0.04648880 0.01665445
v -0.01953805 -0.01985740 0.04152045
v -0.00721135 0.04704405 0.01532495
v -0.01979395 -0.01840620 0.04206435
v -0.00657865 0.04755285 0.01398035
v -0.02003040 -0.01693690 0.04256670
v -0.00593945 0.04801470 0.01262195
v -0.02024700 -0.01545085 0.04302710
v -0.00529435 0.04842915 0.01125105
v -0.02044365 -0.01394955 0.04344495
v -0.00464405 0.04879585 0.00986910
v -0.02062010 -0.01243450 0.04382000
v -0.00398915 0.04911435 0.00847740
v -0.02077625 -0.01090715 0.04415180
v -0.00333035 0.04938440 0.00707730
v -0.02091185 -0.00936905 0.04444000
v -0.00266820 0.04960575 0.00567025
v -0.02102685 -0.00782170 0.04468435
v -0.00200345 0.04977810 0.00425760
v -0.02112110 -0.00626665 0.04488465
v -0.00133675 0.04990135 0.00284070
v -0.02119450 -0.00470540 0.04504060
v -0.00066870 0.04997530 0.00142105
v -0.02124695 -0.00313950 0.04515210
v -0.02127845 -0.00157055 0.04521900
v -0.02128895 0.00000000 0.04524135
v -0.02127845 0.00157055 0.04521900
v -0.02124695 0.00313955 0.04515210
v -0.00066870 -0.04997530 0.00142105
v -0.02119450 0.00470540 0.04504060
v -0.00133675 -0.04990135 0.00284075
v -0.01767540 0.01394955 0.04464290
v -0.00401520 -0.04879585 0.01014125
v -0.00457745 -0.04842915 0.01156130
v -0.01750535 0.01545085 0.04421350
v -0.00513520 -0.04801470 0.01297000
v -0.01731805 0.01693690 0.04374045
v -0.00568785 -0.04755285 0.01436585
v -0.01711365 0.01840625 0.04322420
v -0.00623490 -0.04704405 0.01574755
v -0.01689240 0.01985740 0.04266530
v -0.00677580 -0.04648880 0.01711370
v -0.01665445 0.02128895 0.04206435
v -0.00731000 -0.04588775 0.01846295
v -0.01640005 0.02269955 0.04142185
v -0.00783700 -0.04524135 0.01979400
v -0.01612950 0.02408770 0.04073850
v -0.00835625 -0.04455035 0.02110550
v -0.01584300 0.02545205 0.04001490
v -0.00886725 -0.04381535 0.02239615
v -0.01554090 0.02679135 0.03925180
v -0.00936955 -0.04303710 0.02366475
v -0.01522345 0.02810415 0.03845000
v -0.00986255 -0.04221640 0.02490995
v -0.01489095 0.02938925 0.03761030
v -0.01034580 -0.04135405 0.02613055
v -0.01454375 0.03064535 0.03673335
v -0.01081890 -0.04045085 0.02732545
v -0.01418225 0.03187120 0.03582025
v -0.01128130 -0.03950775 0.02849335
v -0.01380675 0.03306560 0.03487180
v -0.01173255 -0.03852565 0.02963305
v -0.01341755 0.03422735 0.03388890
v -0.01217225 -0.03750555 0.03074360
v -0.01301515 0.03535535 0.03287255
v -0.01259995 -0.03644845 0.03182380
v -0.01259995 0.03644845 0.03182380
v -0.01301515 -0.03535535 0.03287255
v -0.01217225 0.03750555 0.03074360
v -0.01341755 -0.03422735 0.03388890
v -0.01173255 0.03852565 0.02963305
v -0.01380675 -0.03306560 0.03487185
v -0.01128130 0.03950775 0.02849335
v -0.01418225 -0.03187120 0.03582025
v -0.01081890 0.04045085 0.02732545
v -0.01454375 -0.03064535 0.03673335
v -0.01034580 0.04135405 0.02613055
v -0.01489095 -0.02938925 0.03761030
v -0.00986255 0.04221640 0.02490995
v -0.01522345 -0.02810415 0.03845005
v -0.00936955 0.04303710 0.02366470
v -0.01554090 -0.02679135 0.03925180
v -0.00886725 0.04381535 0.02239615
v -0.01584300 -0.02545205 0.04001490
v -0.00835625 0.04455035 0.02110550
v -0.01612950 -0.02408770 0.04073850
v -0.00783700 0.04524135 0.01979400
v -0.01640005 -0.02269955 0.04142185
v -0.00731000 0.04588775 0.01846295
v -0.01665445 -0.02128895 0.04206435
v -0.00677580 0.04648880 0.01711365
v -0.01689240 -0.01985740 0.04266530
v -0.00623490 0.04704405 0.01574750
v -0.01711365 -0.01840620 0.04322420
v -0.00568785 0.04755285 0.01436585
v -0.01731805 -0.01693690 0.04374045
v -0.00513520 0.04801470 0.01297000
v -0.01750535 -0.01545085 0.04421350
v -0.00457745 0.04842915 0.01156130
v -0.01767540 -0.01394955 0.04464290
v -0.00401520 0.04879585 0.01014120
v -0.01782795 -0.01243450 0.04502825
v -0.00344900 0.04911435 0.00871115
v -0.01796295 -0.01090715 0.04536925
v -0.00287935 0.04938440 0.00727245
v -0.01808020 -0.00936905 0.04566535
v -0.00230690 0.04960575 0.00582660
v -0.01817960 -0.00782170 0.04591645
v -0.00173220 0.04977810 0.00437500
v -0.01826110 -0.00626665 0.04612230
v -0.00115575 0.04990135 0.00291905
v -0.01832455 -0.00470540 0.04628255
v -0.00057815 0.04997530 0.00146025
v -0.01836990 -0.00313950 0.04639710
v -0.01839715 -0.00157055 0.04646590
v -0.01840620 0.00000000 0.04648880
v -0.01839715 0.00157055 0.04646590
v -0.01836990 0.00313955 0.04639710
v -0.00057815 -0.04997530 0.00146025
v -0.01832455 0.00470540 0.04628255
v -0.00115575 -0.04990135 0.00291905
v -0.01826110 0.00626665 0.04612230
v -0.00173220 -0.04977810 0.00437500
v -0.01817960 0.00782175 0.04591645
v -0.00230690 -0.04960575 0.00582660
v -0.01808020 0.00936905 0.04566535
v -0.00287935 -0.04938440 0.00727245
v -0.01796295 0.01090715 0.04536925
v -0.00344900 -0.04911435 0.00871115
v -0.01782795 0.01243450 0.04502825
v -0.00568785 -0.04648880 0.01750535
v -0.01398035 0.02128895 0.04302710
v -0.00613625 -0.04588775 0.01888550
v -0.01376680 0.02269955 0.04236990
v -0.00657865 -0.04524135 0.02024700
v -0.01353970 0.02408770 0.04167085
v -0.00701455 -0.04455035 0.02158855
v -0.01329920 0.02545205 0.04093070
v -0.00744350 -0.04381535 0.02290875
v -0.01304555 0.02679135 0.04015020
v -0.00786510 -0.04303710 0.02420635
v -0.01277910 0.02810415 0.03933005
v -0.00827900 -0.04221640 0.02548010
v -0.01250000 0.02938925 0.03847110
v -0.00868465 -0.04135405 0.02672860
v -0.01220855 0.03064535 0.03757410
v -0.00908175 -0.04045085 0.02795085
v -0.01190510 0.03187120 0.03664010
v -0.00946995 -0.03950775 0.02914545
v -0.01158985 0.03306560 0.03566995
v -0.00984870 -0.03852565 0.03031130
v -0.01126320 0.03422735 0.03466455
v -0.01021785 -0.03750555 0.03144725
v -0.01092540 0.03535535 0.03362490
v -0.01057685 -0.03644845 0.03255215
v -0.01057685 0.03644845 0.03255215
v -0.01092540 -0.03535535 0.03362490
v -0.01021785 0.03750555 0.03144725
v -0.01126320 -0.03422735 0.03466455
v -0.00984870 0.03852565 0.03031130
v -0.01158985 -0.03306560 0.03566995
v -0.00946995 0.03950775 0.02914545
v -0.01190510 -0.03187120 0.03664010
v -0.00908175 0.04045085 0.02795085
v -0.01220855 -0.03064535 0.03757410
v -0.00868465 0.04135405 0.02672860
v -0.01250000 -0.02938925 0.03847110
v -0.00827900 0.04221640 0.02548010
v -0.01277910 -0.02810415 0.03933005
v -0.00786510 0.04303710 0.02420635
v -0.01304555 -0.02679135 0.04015020
v -0.00744350 0.04381535 0.02290875
v -0.01329920 -0.02545205 0.04093070
v -0.00701455 0.04455035 0.02158855
v -0.01353970 -0.02408770 0.04167085
v -0.00657865 0.04524135 0.02024700
v -0.01376680 -0.02269955 0.04236990
v -0.00613625 0.04588775 0.01888550
v -0.01398035 -0.02128895 0.04302710
v -0.00568785 0.04648880 0.01750535
v -0.01418005 -0.01985740 0.04364180
v -0.00523380 0.04704405 0.01610795
v -0.01436585 -0.01840620 0.04421350
v -0.00477460 0.04755285 0.01469465
v -0.01453740 -0.01693690 0.04474155
v -0.00431065 0.04801470 0.01326685
v -0.01469465 -0.01545085 0.04522545
v -0.00384245 0.04842915 0.01182590
v -0.01483735 -0.01394955 0.04566465
v -0.00337050 0.04879585 0.01037330
v -0.01496540 -0.01243450 0.04605885
v -0.00289520 0.04911435 0.00891050
v -0.01507875 -0.01090715 0.04640765
v -0.00241705 0.04938440 0.00743890
v -0.01517715 -0.00936905 0.04671050
v -0.00193650 0.04960575 0.00595995
v -0.01526060 -0.00782170 0.04696735
v -0.00145405 0.04977810 0.00447510
v -0.01532905 -0.00626665 0.04717790
v -0.00097015 0.04990135 0.00298585
v -0.01538230 -0.00470540 0.04734180
v -0.00048530 0.04997530 0.00149365
v -0.01542035 -0.00313950 0.04745900
v -0.01544320 -0.00157055 0.04752935
v -0.01545085 0.00000000 0.04755280
v -0.01544320 0.00157055 0.04752935
v -0.01542035 0.00313955 0.04745900
v -0.00048530 -0.04997530 0.00149365
v -0.01538230 0.00470540 0.04734180
v -0.00097015 -0.04990135 0.00298585
v -0.01532905 0.00626665 0.04717790
v -0.00145405 -0.04977810 0.00447510
v -0.01526060 0.00782175 0.04696735
v -0.00193650 -0.04960575 0.00595995
v -0.01517715 0.00936905 0.04671050
v -0.00241705 -0.04938440 0.00743890
v -0.01507875 0.01090715 0.04640765
v -0.00289520 -0.04911435 0.00891050
v -0.01496540 0.01243450 0.04605885
v -0.00337050 -0.04879585 0.01037335
v -0.01483735 0.01394955 0.04566465
v -0.00384245 -0.04842915 0.01182590
v -0.01469465 0.01545085 0.04522545
v -0.00431065 -0.04801470 0.01326685
v -0.01453740 0.01693690 0.04474155
v -0.00477460 -0.04755285 0.01469465
v -0.01436585 0.01840625 0.04421350
v -0.00523380 -0.04704405 0.01610795
v -0.01418005 0.01985740 0.04364180
v -0.01070290 0.02545205 0.04168500
v -0.01049880 0.02679135 0.04089010
v -0.00632965 -0.04303710 0.02465245
v -0.01028435 0.02810415 0.04005485
v -0.00666275 -0.04221640 0.02594965
v -0.01005970 0.02938925 0.03918005
v -0.00698920 -0.04135405 0.02722120
v -0.00982515 0.03064535 0.03826650
v -0.00730880 -0.04045085 0.02846595
v -0.00958095 0.03187120 0.03731530
v -0.00762120 -0.03950775 0.02968260
v -0.00932725 0.03306560 0.03632730
v -0.00792605 -0.03852565 0.03086990
v -0.00906435 0.03422735 0.03530335
v -0.00822310 -0.03750555 0.03202680
v -0.00879250 0.03535535 0.03424455
v -0.00851200 -0.03644845 0.03315205
v -0.00851200 0.03644845 0.03315205
v -0.00879250 -0.03535535 0.03424455
v -0.00822310 0.03750555 0.03202680
v -0.00906435 -0.03422735 0.03530335
v -0.00792605 0.03852565 0.03086990
v -0.00932725 -0.03306560 0.03632730
v -0.00762120 0.03950775 0.02968260
v -0.00958095 -0.03187120 0.03731530
v -0.00730880 0.04045085 0.02846590
v -0.00982515 -0.03064535 0.03826650
v -0.00698920 0.04135405 0.02722120
v -0.01005970 -0.02938925 0.03918005
v -0.00666275 0.04221640 0.02594965
v -0.01028435 -0.02810415 0.04005485
v -0.00632965 0.04303710 0.02465245
v -0.01049880 -0.02679135 0.04089010
v -0.00599035 0.04381535 0.02333090
v -0.01070290 -0.02545205 0.04168500
v -0.00564515 0.04455035 0.02198640
v -0.01089645 -0.02408770 0.04243880
v -0.00529435 0.04524135 0.02062015
v -0.01107920 -0.02269955 0.04315070
v -0.00493835 0.04588775 0.01923355
v -0.01125105 -0.02128895 0.04382005
v -0.00457745 0.04648880 0.01782795
v -0.01141180 -0.01985740 0.04444605
v -0.00421205 0.04704405 0.01640480
v -0.01156130 -0.01840620 0.04502830
v -0.00384245 0.04755285 0.01496545
v -0.01169940 -0.01693690 0.04556605
v -0.00346910 0.04801470 0.01351130
v -0.01182590 -0.01545085 0.04605885
v -0.00309235 0.04842915 0.01204385
v -0.01194075 -0.01394955 0.04650620
v -0.00271250 0.04879585 0.01056450
v -0.01204385 -0.01243450 0.04690765
v -0.00233000 0.04911435 0.00907475
v -0.01213500 -0.01090715 0.04726285
v -0.00194520 0.04938440 0.00757600
v -0.01221420 -0.00936905 0.04757130
v -0.00155845 0.04960575 0.00606980
v -0.01228140 -0.00782170 0.04783290
v -0.00117020 0.04977810 0.00455760
v -0.01233645 -0.00626665 0.04804735
v -0.00078075 0.04990135 0.00304090
v -0.01237930 -0.00470540 0.04821425
v -0.00039060 0.04997530 0.00152120
v -0.01240995 -0.00313950 0.04833360
v -0.01242835 -0.00157055 0.04840525
v -0.01243450 0.00000000 0.04842915
v -0.01242835 0.00157055 0.04840525
v -0.01240995 0.00313955 0.04833360
v -0.00039060 -0.04997530 0.00152120
v -0.01237930 0.00470540 0.04821425
v -0.00078075 -0.04990135 0.00304090
v -0.01233645 0.00626665 0.04804735
v -0.00117020 -0.04977810 0.00455760
v -0.01228140 0.00782175 0.04783290
v -0.00155845 -0.04960575 0.00606980
v -0.01221420 0.00936905 0.04757130
v -0.00194520 -0.04938440 0.00757600
v -0.01213500 0.01090715 0.04726285
v -0.00233000 -0.04911435 0.00907475
v -0.01204385 0.01243450 0.04690765
v -0.00271250 -0.04879585 0.01056450
v -0.01194075 0.01394955 0.04650620
v -0.00309235 -0.04842915 0.01204385
v -0.01182590 0.01545085 0.04605885
v -0.00346910 -0.04801470 0.01351130
v -0.01169940 0.01693690 0.04556605
v -0.00384245 -0.04755285 0.01496545
v -0.01156130 0.01840625 0.04502830
v -0.00421205 -0.04704405 0.01640480
v -0.01141180 0.01985740 0.04444605
v -0.00457745 -0.04648880 0.01782795
v -0.01125105 0.02128895 0.04382005
v -0.00493835 -0.04588775 0.01923355
v -0.01107920 0.02269955 0.04315070
v -0.00529435 -0.04524135 0.02062015
v -0.01089645 0.02408770 0.04243880
v -0.00564515 -0.04455035 0.02198640
v -0.00599035 -0.04381535 0.02333090
v -0.00574235 -0.03950775 0.03010255
v -0.00721900 0.03187120 0.03784325
v -0.00702785 0.03306560 0.03684125
v -0.00597205 -0.03852565 0.03130665
v -0.00682975 0.03422735 0.03580285
v -0.00619585 -0.03750555 0.03247990
v -0.00662490 0.03535535 0.03472905
v -0.00641360 -0.03644845 0.03362110
v -0.00641360 0.03644845 0.03362110
v -0.00662490 -0.03535535 0.03472905
v -0.00619585 0.03750555 0.03247990
v -0.00682975 -0.03422735 0.03580285
v -0.00597205 0.03852565 0.03130665
v -0.00702785 -0.03306560 0.03684125
v -0.00574235 0.03950775 0.03010255
v -0.00721900 -0.03187120 0.03784325
v -0.00550700 0.04045085 0.02886870
v -0.00740300 -0.03064535 0.03880795
v -0.00526620 0.04135405 0.02760635
v -0.00757975 -0.02938925 0.03973440
v -0.00502020 0.04221640 0.02631680
v -0.00774895 -0.02810415 0.04062155
v -0.00476925 0.04303710 0.02500125
v -0.00791055 -0.02679135 0.04146865
v -0.00451360 0.04381535 0.02366100
v -0.00806435 -0.02545205 0.04227480
v -0.00425345 0.04455035 0.02229745
v -0.00821020 -0.02408770 0.04303925
v -0.00398915 0.04524135 0.02091190
v -0.00834790 -0.02269955 0.04376125
v -0.00372090 0.04588775 0.01950565
v -0.00847740 -0.02128895 0.04444005
v -0.00344900 0.04648880 0.01808020
v -0.00859850 -0.01985740 0.04507490
v -0.00317365 0.04704405 0.01663690
v -0.00871115 -0.01840620 0.04566540
v -0.00289520 0.04755285 0.01517720
v -0.00881520 -0.01693690 0.04621075
v -0.00261390 0.04801470 0.01370250
v -0.00891050 -0.01545085 0.04671055
v -0.00233000 0.04842915 0.01221425
v -0.00899705 -0.01394955 0.04716420
v -0.00204380 0.04879585 0.01071395
v -0.00907470 -0.01243450 0.04757135
v -0.00175560 0.04911435 0.00920310
v -0.00914340 -0.01090715 0.04793155
v -0.00146565 0.04938440 0.00768315
v -0.00920310 -0.00936905 0.04824440
v -0.00117425 0.04960575 0.00615565
v -0.00925370 -0.00782170 0.04850965
v -0.00088170 0.04977810 0.00462205
v -0.00929520 -0.00626665 0.04872715
v -0.00058830 0.04990135 0.00308390
v -0.00932750 -0.00470540 0.04889640
v -0.00029430 0.04997530 0.00154270
v -0.00935055 -0.00313950 0.04901745
v -0.00936445 -0.00157055 0.04909010
v -0.00936905 0.00000000 0.04911435
v -0.00936445 0.00157055 0.04909010
v -0.00935055 0.00313955 0.04901745
v -0.00029430 -0.04997530 0.00154270
v -0.00932750 0.00470540 0.04889640
v -0.00058830 -0.04990135 0.00308390
v -0.00929520 0.00626665 0.04872715
v -0.00088170 -0.04977810 0.00462210
v -0.00925370 0.00782175 0.04850965
v -0.00117425 -0.04960575 0.00615565
v -0.00920310 0.00936905 0.04824440
v -0.00146565 -0.04938440 0.00768320
v -0.00914340 0.01090715 0.04793155
v -0.00175560 -0.04911435 0.00920315
v -0.00907470 0.01243450 0.04757135
v -0.00204380 -0.04879585 0.01071395
v -0.00899705 0.01394955 0.04716420
v -0.00233000 -0.04842915 0.01221425
v -0.00891050 0.01545085 0.04671055
v -0.00261390 -0.04801470 0.01370250
v -0.00881520 0.01693690 0.04621075
v -0.00289520 -0.04755285 0.01517720
v -0.00871115 0.01840625 0.04566540
v -0.00317365 -0.04704405 0.01663690
v -0.00859850 0.01985740 0.04507490
v -0.00344900 -0.04648880 0.01808020
v -0.00847740 0.02128895 0.04444005
v -0.00372090 -0.04588775 0.01950565
v -0.00834790 0.02269955 0.04376125
v -0.00398915 -0.04524135 0.02091190
v -0.00821020 0.02408770 0.04303925
v -0.00425345 -0.04455035 0.02229745
v -0.00806435 0.02545205 0.04227480
v -0.00451360 -0.04381535 0.02366100
v -0.00791055 0.02679135 0.04146865
v -0.00476925 -0.04303710 0.02500125
v -0.00774895 0.02810415 0.04062155
v -0.00502020 -0.04221640 0.02631680
v -0.00757975 0.02938925 0.03973440
v -0.00526620 -0.04135405 0.02760635
v -0.00740300 0.03064535 0.03880795
v -0.00550700 -0.04045085 0.02886870
v -0.00428985 0.03644845 0.03395750
v -0.00414420 0.03750555 0.03280485
v -0.00456820 -0.03422735 0.03616105
v -0.00399450 0.03852565 0.03161985
v -0.00470070 -0.03306560 0.03720985
v -0.00384090 0.03950775 0.03040370
v -0.00482855 -0.03187120 0.03822190
v -0.00368345 0.04045085 0.02915750
v -0.00495165 -0.03064535 0.03919620
v -0.00352240 0.04135405 0.02788250
v -0.00506985 -0.02938925 0.04013195
v -0.00335785 0.04221640 0.02658010
v -0.00518305 -0.02810415 0.04102795
v -0.00319000 0.04303710 0.02525135
v -0.00529110 -0.02679135 0.04188350
v -0.00301900 0.04381535 0.02389775
v -0.00539400 -0.02545205 0.04269775
v -0.00284500 0.04455035 0.02252055
v -0.00549150 -0.02408770 0.04346985
v -0.00266820 0.04524135 0.02112110
v -0.00558365 -0.02269955 0.04419905
v -0.00248880 0.04588775 0.01970080
v -0.00567025 -0.02128895 0.04488465
v -0.00230690 0.04648880 0.01826110
v -0.00575125 -0.01985740 0.04552585
v -0.00212275 0.04704405 0.01680335
v -0.00582660 -0.01840620 0.04612225
v -0.00193650 0.04755285 0.01532905
v -0.00589620 -0.01693690 0.04667310
v -0.00174835 0.04801470 0.01383955
v -0.00595995 -0.01545085 0.04717785
v -0.00155845 0.04842915 0.01233645
v -0.00601785 -0.01394955 0.04763605
v -0.00136705 0.04879585 0.01082115
v -0.00606980 -0.01243450 0.04804725
v -0.00117425 0.04911435 0.00929520
v -0.00611570 -0.01090715 0.04841110
v -0.00098030 0.04938440 0.00776005
v -0.00615565 -0.00936905 0.04872705
v -0.00078540 0.04960575 0.00621725
v -0.00618950 -0.00782170 0.04899500
v -0.00058975 0.04977810 0.00466830
v -0.00621725 -0.00626665 0.04921465
v -0.00039350 0.04990135 0.00311475
v -0.00623885 -0.00470540 0.04938560
v -0.00019685 0.04997530 0.00155815
v -0.00625430 -0.00313950 0.04950785
v -0.00626355 -0.00157055 0.04958125
v -0.00626665 0.00000000 0.04960570
v -0.00626355 0.00157055 0.04958125
v -0.00625430 0.00313955 0.04950785
v -0.00019685 -0.04997530 0.00155815
v -0.00623885 0.00470540 0.04938560
v -0.00039350 -0.04990135 0.00311475
v -0.00621725 0.00626665 0.04921465
v -0.00058975 -0.04977810 0.00466830
v -0.00618950 0.00782175 0.04899500
v -0.00078540 -0.04960575 0.00621725
v -0.00615565 0.00936905 0.04872705
v -0.00098030 -0.04938440 0.00776005
v -0.00611570 0.01090715 0.04841110
v -0.00117425 -0.04911435 0.00929520
v -0.00606980 0.01243450 0.04804725
v -0.00136705 -0.04879585 0.01082115
v -0.00601785 0.01394955 0.04763605
v -0.00155845 -0.04842915 0.01233645
v -0.00595995 0.01545085 0.04717785
v -0.00174835 -0.04801470 0.01383960
v -0.00589620 0.01693690 0.04667310
v -0.00193650 -0.04755285 0.01532905
v -0.00582660 0.01840625 0.04612225
v -0.00212275 -0.04704405 0.01680335
v -0.00575125 0.01985740 0.04552585
v -0.00230690 -0.04648880 0.01826110
v -0.00567025 0.02128895 0.04488465
v -0.00248880 -0.04588775 0.01970080
v -0.00558365 0.02269955 0.04419905
v -0.00266820 -0.04524135 0.02112110
v -0.00549150 0.02408770 0.04346985
v -0.00284500 -0.04455035 0.02252055
v -0.00539400 0.02545205 0.04269775
v -0.00301900 -0.04381535 0.02389775
v -0.00529110 0.02679135 0.04188350
v -0.00319000 -0.04303710 0.02525135
v -0.00518305 0.02810415 0.04102795
v -0.00335785 -0.04221640 0.02658010
v -0.00506985 0.02938925 0.04013195
v -0.00352240 -0.04135405 0.02788250
v -0.00495165 0.03064535 0.03919620
v -0.00368345 -0.04045085 0.02915750
v -0.00482855 0.03187120 0.03822185
v -0.00384090 -0.03950775 0.03040370
v -0.00470070 0.03306560 0.03720985
v -0.00399450 -0.03852565 0.03161985
v -0.00456820 0.03422735 0.03616105
v -0.00414420 -0.03750555 0.03280485
v -0.00443120 0.03535535 0.03507650
v -0.00428985 -0.03644845 0.03395750
v -0.00443120 -0.03535535 0.03507650
v -0.00039350 0.04960575 0.00625430
v -0.00029545 0.04977810 0.00469615
v -0.00259665 -0.02810415 0.04127245
v -0.00019715 0.04990135 0.00313335
v -0.00265080 -0.02679135 0.04213310
v -0.00009860 0.04997530 0.00156745
v -0.00270235 -0.02545205 0.04295215
v -0.00275120 -0.02408770 0.04372890
v -0.00279735 -0.02269955 0.04446245
v -0.00284075 -0.02128895 0.04515210
v -0.00288130 -0.01985740 0.04579715
v -0.00291905 -0.01840620 0.04639710
v -0.00295390 -0.01693690 0.04695120
v -0.00298585 -0.01545085 0.04745900
v -0.00301485 -0.01394955 0.04791995
v -0.00304090 -0.01243450 0.04833355
v -0.00306390 -0.01090715 0.04869960
v -0.00308390 -0.00936905 0.04901740
v -0.00298585 0.01545085 0.04745900
v -0.00310085 -0.00782170 0.04928695
v -0.00295390 0.01693690 0.04695120
v -0.00311480 -0.00626665 0.04950790
v -0.00291905 0.01840625 0.04639710
v -0.00312560 -0.00470540 0.04967990
v -0.00288130 0.01985740 0.04579715
v -0.00313330 -0.00313950 0.04980290
v -0.00284075 0.02128895 0.04515210
v -0.00313800 -0.00157055 0.04987670
v -0.00279735 0.02269955 0.04446245
v -0.00313950 0.00000000 0.04990130
v -0.00275120 0.02408770 0.04372890
v -0.00313800 0.00157055 0.04987670
v -0.00270235 0.02545205 0.04295215
v -0.00313330 0.00313955 0.04980290
v -0.00009860 -0.04997530 0.00156745
v -0.00265080 0.02679135 0.04213310
v -0.00312560 0.00470540 0.04967990
v -0.00019715 -0.04990135 0.00313335
v -0.00259665 0.02810415 0.04127245
v -0.00311480 0.00626665 0.04950790
v -0.00029545 -0.04977810 0.00469615
v -0.00253990 0.02938925 0.04037110
v -0.00310085 0.00782175 0.04928695
v -0.00039350 -0.04960575 0.00625430
v -0.00248070 0.03064535 0.03942975
v -0.00308390 0.00936905 0.04901740
v -0.00049115 -0.04938440 0.00780630
v -0.00241905 0.03187120 0.03844965
v -0.00306390 0.01090715 0.04869960
v -0.00058830 -0.04911435 0.00935060
v -0.00235500 0.03306560 0.03743160
v -0.00304090 0.01243450 0.04833355
v -0.00068485 -0.04879585 0.01088565
v -0.00228860 0.03422735 0.03637650
v -0.00301485 0.01394955 0.04791995
v -0.00078075 -0.04842915 0.01240995
v -0.00221995 0.03535535 0.03528555
v -0.00087590 -0.04801470 0.01392205
v -0.00214915 0.03644845 0.03415985
v -0.00097015 -0.04755285 0.01542040
v -0.00207620 0.03750555 0.03300035
v -0.00106345 -0.04704405 0.01690345
v -0.00200120 0.03852565 0.03180825
v -0.00115575 -0.04648880 0.01836990
v -0.00192425 0.03950775 0.03058490
v -0.00124685 -0.04588775 0.01981820
v -0.00184535 0.04045085 0.02933125
v -0.00133675 -0.04524135 0.02124695
v -0.00176465 0.04135405 0.02804865
v -0.00142530 -0.04455035 0.02265475
v -0.00168225 0.04221640 0.02673845
v -0.00151245 -0.04381535 0.02404015
v -0.00159815 0.04303710 0.02540185
v -0.00159815 -0.04303710 0.02540185
v -0.00151245 0.04381535 0.02404015
v -0.00168225 -0.04221640 0.02673850
v -0.00142530 0.04455035 0.02265475
v -0.00176465 -0.04135405 0.02804865
v -0.00133675 0.04524135 0.02124695
v -0.00184535 -0.04045085 0.02933125
v -0.00124685 0.04588775 0.01981820
v -0.00192425 -0.03950775 0.03058490
v -0.00115575 0.04648880 0.01836990
v -0.00200120 -0.03852565 0.03180830
v -0.00106345 0.04704405 0.01690345
v -0.00207620 -0.03750555 0.03300035
v -0.00097015 0.04755285 0.01542035
v -0.00214915 -0.03644845 0.03415985
v -0.00087590 0.04801470 0.01392205
v -0.00221995 -0.03535535 0.03528555
v -0.00078075 0.04842915 0.01240995
v -0.00228860 -0.03422735 0.03637650
v -0.00068485 0.04879585 0.01088565
v -0.00235500 -0.03306560 0.03743160
v -0.00058830 0.04911435 0.00935060
v -0.00241905 -0.03187120 0.03844965
v -0.00049115 0.04938440 0.00780630
v -0.00248070 -0.03064535 0.03942975
v -0.00253990 -0.02938925 0.04037110
v 0.04648880 0.01840625 0.00000000
v 0.04524135 -0.02128895 0.00000000
v 0.01394955 0.04801470 0.00000000
v -0.01840625 -0.04648880 0.00000000
v -0.03064535 -0.03950775 0.00000000
v -0.00470540 -0.04977810 0.00000000
v -0.01545085 -0.04755285 0.00000000
f 1 2 3
f 4 5 6
f 7 3 8
f 4 9 10
f 11 8 12
f 10 13 14
f 11 15 16
f 14 17 18
f 19 15 20
f 18 21 22
f 23 20 24
f 22 25 26
f 27 24 28
f 29 25 30
f 27 31 32
f 33 30 34
f 32 35 36
f 37 34 38
f 39 35 40
f 37 41 42
f 39 43 44
f 42 45 46
f 44 47 48
f 46 49 50
f 51 47 52
f 50 53 54
f 55 52 56
f 57 53 58
f 55 59 60
f 57 61 62
f 60 59 63
f 64 61 65
f 64 66 67
f 67 68 69
f 69 70 71
f 72 73 74
f 71 75 76
f 77 74 78
f 76 79 80
f 77 81 82
f 83 79 84
f 82 85 86
f 87 84 88
f 89 85 90
f 91 88 92
f 93 90 94
f 91 95 96
f 93 97 98
f 96 99 100
f 98 101 102
f 100 103 104
f 102 105 106
f 107 103 108
f 106 109 110
f 111 108 112
f 110 113 114
f 111 115 116
f 117 113 118
f 116 119 120
f 121 118 122
f 123 119 124
f 121 125 126
f 127 124 128
f 126 129 130
f 127 131 132
f 133 129 134
f 135 131 136
f 137 134 138
f 135 139 140
f 141 138 142
f 143 139 144
f 145 142 146
f 147 144 148
f 149 146 150
f 147 151 152
f 149 153 154
f 155 151 156
f 154 157 158
f 159 156 160
f 161 157 162
f 159 163 164
f 161 165 166
f 167 163 168
f 166 169 170
f 167 171 172
f 170 173 174
f 172 175 176
f 174 177 178
f 179 175 180
f 178 181 182
f 183 180 184
f 185 181 186
f 187 184 188
f 189 186 190
f 191 188 192
f 189 193 194
f 191 195 196
f 194 197 198
f 196 2 199
f 198 5 200
f 9 201 13
f 12 202 15
f 17 201 203
f 15 204 20
f 21 203 205
f 20 206 24
f 21 207 25
f 24 208 28
f 25 209 30
f 31 208 210
f 30 211 34
f 35 210 212
f 34 213 38
f 35 214 40
f 38 215 41
f 43 214 216
f 45 215 217
f 43 218 47
f 45 219 49
f 47 220 52
f 49 221 53
f 56 220 222
f 58 221 223
f 56 224 59
f 58 225 61
f 59 224 63
f 65 225 226
f 66 226 227
f 66 228 68
f 70 228 229
f 74 73 230
f 70 231 75
f 74 232 78
f 75 233 79
f 81 232 234
f 79 235 84
f 85 234 236
f 84 237 88
f 90 236 238
f 88 239 92
f 90 240 94
f 92 241 95
f 97 240 242
f 95 243 99
f 97 244 101
f 103 243 245
f 101 246 105
f 108 245 247
f 105 248 109
f 108 249 112
f 113 248 250
f 112 251 115
f 113 252 118
f 119 251 253
f 122 252 254
f 119 255 124
f 125 254 256
f 124 257 128
f 129 256 258
f 128 259 131
f 134 258 260
f 136 259 261
f 138 260 262
f 139 261 263
f 142 262 264
f 144 263 265
f 142 266 146
f 148 265 267
f 146 268 150
f 148 269 151
f 150 270 153
f 151 271 156
f 157 270 272
f 156 273 160
f 157 274 162
f 160 275 163
f 162 276 165
f 168 275 277
f 165 278 169
f 171 277 279
f 173 278 280
f 175 279 281
f 173 282 177
f 180 281 283
f 181 282 284
f 180 285 184
f 186 284 286
f 184 287 188
f 186 288 190
f 192 287 289
f 190 290 193
f 192 291 195
f 193 292 197
f 195 293 2
f 197 294 5
f 2 295 3
f 6 294 296
f 3 297 8
f 6 298 9
f 8 299 12
f 208 300 210
f 209 301 211
f 212 300 302
f 211 303 213
f 214 302 304
f 215 303 305
f 214 306 216
f 215 307 217
f 216 308 218
f 217 309 219
f 218 310 220
f 219 311 221
f 220 312 222
f 223 311 313
f 222 314 224
f 225 313 315
f 224 314 63
f 225 316 226
f 226 317 227
f 227 318 228
f 228 319 229
f 230 73 320
f 229 321 231
f 230 322 232
f 231 323 233
f 232 324 234
f 233 325 235
f 234 326 236
f 235 327 237
f 238 326 328
f 239 327 329
f 238 330 240
f 239 331 241
f 240 332 242
f 241 333 243
f 244 332 334
f 245 333 335
f 246 334 336
f 245 337 247
f 246 338 248
f 247 339 249
f 250 338 340
f 251 339 341
f 250 342 252
f 251 343 253
f 254 342 344
f 253 345 255
f 256 344 346
f 255 347 257
f 256 348 258
f 257 349 259
f 258 350 260
f 259 351 261
f 262 350 352
f 261 353 263
f 264 352 354
f 263 355 265
f 266 354 356
f 267 355 357
f 266 358 268
f 269 357 359
f 268 360 270
f 269 361 271
f 270 362 272
f 271 363 273
f 274 362 364
f 273 365 275
f 274 366 276
f 277 365 367
f 276 368 278
f 279 367 369
f 278 370 280
f 281 369 371
f 280 372 282
f 283 371 373
f 282 374 284
f 283 375 285
f 284 376 286
f 287 375 377
f 288 376 378
f 287 379 289
f 288 380 290
f 289 381 291
f 290 382 292
f 291 383 293
f 292 384 294
f 295 383 385
f 296 384 386
f 295 387 297
f 298 386 388
f 297 389 299
f 201 388 390
f 202 389 391
f 203 390 392
f 204 391 393
f 203 394 205
f 204 395 206
f 207 394 396
f 206 397 208
f 209 396 398
f 308 399 310
f 311 400 401
f 310 402 312
f 313 401 403
f 312 404 314
f 313 405 315
f 314 404 63
f 315 406 316
f 316 407 317
f 318 407 408
f 318 409 319
f 320 73 410
f 319 411 321
f 320 412 322
f 321 413 323
f 322 414 324
f 325 413 415
f 326 414 416
f 325 417 327
f 328 416 418
f 329 417 419
f 328 420 330
f 329 421 331
f 332 420 422
f 331 423 333
f 334 422 424
f 335 423 425
f 336 424 426
f 335 427 337
f 336 428 338
f 337 429 339
f 340 428 430
f 341 429 431
f 340 432 342
f 343 431 433
f 342 434 344
f 345 433 435
f 344 436 346
f 347 435 437
f 348 436 438
f 347 439 349
f 350 438 440
f 351 439 441
f 350 442 352
f 351 443 353
f 352 444 354
f 353 445 355
f 354 446 356
f 357 445 447
f 356 448 358
f 357 449 359
f 360 448 450
f 361 449 451
f 360 452 362
f 363 451 453
f 362 454 364
f 365 453 455
f 364 456 366
f 365 457 367
f 366 458 368
f 367 459 369
f 370 458 460
f 371 459 461
f 370 462 372
f 373 461 463
f 372 464 374
f 373 465 375
f 374 466 376
f 377 465 467
f 378 466 468
f 377 469 379
f 380 468 470
f 381 469 471
f 382 470 472
f 381 473 383
f 382 474 384
f 385 473 475
f 386 474 476
f 387 475 477
f 386 478 388
f 389 477 479
f 388 480 390
f 391 479 481
f 390 482 392
f 393 481 483
f 392 484 394
f 393 485 395
f 396 484 486
f 397 485 487
f 398 486 488
f 397 489 300
f 398 490 301
f 300 491 302
f 303 490 492
f 304 491 493
f 305 492 494
f 306 493 495
f 305 496 307
f 306 497 308
f 307 400 309
f 407 498 499
f 407 500 408
f 408 501 409
f 410 73 502
f 411 501 503
f 410 504 412
f 411 505 413
f 412 506 414
f 415 505 507
f 414 508 416
f 415 509 417
f 416 510 418
f 419 509 511
f 418 512 420
f 419 513 421
f 420 514 422
f 421 515 423
f 422 516 424
f 425 515 517
f 424 518 426
f 425 519 427
f 426 520 428
f 427 521 429
f 430 520 522
f 429 523 431
f 430 524 432
f 431 525 433
f 432 526 434
f 433 527 435
f 434 528 436
f 437 527 529
f 438 528 530
f 437 531 439
f 438 532 440
f 439 533 441
f 440 534 442
f 443 533 535
f 444 534 536
f 445 535 537
f 444 538 446
f 447 537 539
f 446 540 448
f 449 539 541
f 448 542 450
f 451 541 543
f 450 544 452
f 453 543 545
f 452 546 454
f 455 545 547
f 454 548 456
f 455 549 457
f 456 550 458
f 457 551 459
f 458 552 460
f 459 553 461
f 460 554 462
f 463 553 555
f 464 554 556
f 463 557 465
f 464 558 466
f 465 559 467
f 466 560 468
f 467 561 469
f 470 560 562
f 471 561 563
f 472 562 564
f 473 563 565
f 472 566 474
f 475 565 567
f 476 566 568
f 475 569 477
f 476 570 478
f 477 571 479
f 478 572 480
f 479 573 481
f 480 574 482
f 483 573 575
f 482 576 484
f 485 575 577
f 484 578 486
f 487 577 579
f 488 578 580
f 489 579 581
f 488 582 490
f 489 583 491
f 492 582 584
f 493 583 585
f 494 584 586
f 493 587 495
f 494 588 496
f 497 587 589
f 400 588 590
f 399 589 591
f 400 592 401
f 399 593 402
f 403 592 594
f 402 595 404
f 403 596 405
f 404 595 63
f 405 498 406
f 504 597 506
f 507 598 599
f 506 600 508
f 509 599 601
f 508 602 510
f 511 601 603
f 510 604 512
f 511 605 513
f 514 604 606
f 513 607 515
f 514 608 516
f 515 609 517
f 518 608 610
f 517 611 519
f 520 610 612
f 521 611 613
f 522 612 614
f 523 613 615
f 522 616 524
f 525 615 617
f 526 616 618
f 527 617 619
f 526 620 528
f 529 619 621
f 528 622 530
f 529 623 531
f 530 624 532
f 533 623 625
f 532 626 534
f 533 627 535
f 534 628 536
f 537 627 629
f 538 628 630
f 537 631 539
f 538 632 540
f 539 633 541
f 540 634 542
f 543 633 635
f 542 636 544
f 545 635 637
f 544 638 546
f 547 637 639
f 546 640 548
f 547 641 549
f 550 640 642
f 549 643 551
f 550 644 552
f 553 643 645
f 552 646 554
f 555 645 647
f 554 648 556
f 557 647 649
f 558 648 650
f 557 651 559
f 558 652 560
f 559 653 561
f 562 652 654
f 563 653 655
f 564 654 656
f 565 655 657
f 564 658 566
f 567 657 659
f 568 658 660
f 567 661 569
f 568 662 570
f 571 661 663
f 572 662 664
f 571 665 573
f 572 666 574
f 575 665 667
f 574 668 576
f 575 669 577
f 576 670 578
f 577 671 579
f 580 670 672
f 581 671 673
f 580 674 582
f 583 673 675
f 584 674 676
f 583 677 585
f 586 676 678
f 587 677 679
f 586 680 588
f 587 681 589
f 588 682 590
f 591 681 683
f 590 684 592
f 593 683 685
f 594 684 686
f 593 687 595
f 594 688 596
f 595 687 63
f 596 689 498
f 499 689 690
f 499 691 500
f 501 691 692
f 502 73 693
f 503 692 694
f 502 695 504
f 503 598 505
f 607 696 697
f 606 698 608
f 609 697 699
f 608 700 610
f 609 701 611
f 610 702 612
f 611 703 613
f 614 702 704
f 613 705 615
f 614 706 616
f 617 705 707
f 618 706 708
f 617 709 619
f 620 708 710
f 621 709 711
f 622 710 712
f 621 713 623
f 622 714 624
f 623 715 625
f 624 716 626
f 625 717 627
f 626 718 628
f 629 717 719
f 628 720 630
f 631 719 721
f 630 722 632
f 631 723 633
f 632 724 634
f 635 723 725
f 634 726 636
f 637 725 727
f 636 728 638
f 639 727 729
f 638 730 640
f 639 731 641
f 642 730 732
f 643 731 733
f 642 734 644
f 645 733 735
f 644 736 646
f 645 737 647
f 646 738 648
f 649 737 739
f 650 738 740
f 651 739 741
f 650 742 652
f 651 743 653
f 654 742 744
f 653 745 655
f 656 744 746
f 657 745 747
f 658 746 748
f 659 747 749
f 660 748 750
f 661 749 751
f 660 752 662
f 663 751 753
f 664 752 754
f 663 755 665
f 664 756 666
f 667 755 757
f 668 756 758
f 667 759 669
f 668 760 670
f 671 759 761
f 670 762 672
f 673 761 763
f 672 764 674
f 675 763 765
f 674 766 676
f 677 765 767
f 678 766 768
f 677 769 679
f 678 770 680
f 679 771 681
f 680 772 682
f 681 773 683
f 682 774 684
f 683 775 685
f 686 774 776
f 687 775 777
f 686 778 688
f 687 777 63
f 688 779 689
f 690 779 780
f 690 781 691
f 692 781 782
f 693 73 783
f 694 782 784
f 695 783 785
f 694 786 598
f 597 785 787
f 599 786 788
f 600 787 789
f 601 788 790
f 600 791 602
f 603 790 792
f 602 793 604
f 603 696 605
f 604 794 606
f 707 795 796
f 708 797 798
f 707 799 709
f 708 800 710
f 711 799 801
f 712 800 802
f 713 801 803
f 714 802 804
f 713 805 715
f 716 804 806
f 715 807 717
f 718 806 808
f 717 809 719
f 718 810 720
f 719 811 721
f 722 810 812
f 723 811 813
f 722 814 724
f 725 813 815
f 724 816 726
f 725 817 727
f 726 818 728
f 729 817 819
f 728 820 730
f 729 821 731
f 732 820 822
f 731 823 733
f 732 824 734
f 735 823 825
f 736 824 826
f 735 827 737
f 736 828 738
f 739 827 829
f 738 830 740
f 739 831 741
f 740 832 742
f 741 833 743
f 742 834 744
f 743 835 745
f 744 836 746
f 745 837 747
f 748 836 838
f 747 839 749
f 750 838 840
f 751 839 841
f 750 842 752
f 753 841 843
f 754 842 844
f 753 845 755
f 754 846 756
f 757 845 847
f 756 848 758
f 757 849 759
f 758 850 760
f 759 851 761
f 762 850 852
f 761 853 763
f 764 852 854
f 765 853 855
f 764 856 766
f 767 855 857
f 768 856 858
f 767 859 769
f 770 858 860
f 771 859 861
f 770 862 772
f 773 861 863
f 772 864 774
f 773 865 775
f 776 864 866
f 775 867 777
f 776 868 778
f 777 867 63
f 778 869 779
f 780 869 870
f 780 871 781
f 782 871 872
f 783 73 873
f 784 872 874
f 785 873 875
f 784 876 786
f 787 875 877
f 786 878 788
f 787 879 789
f 790 878 880
f 789 881 791
f 792 880 882
f 791 883 793
f 792 884 696
f 794 883 885
f 697 884 886
f 698 885 887
f 697 888 699
f 698 889 700
f 699 890 701
f 700 891 702
f 701 892 703
f 704 891 893
f 703 795 705
f 704 797 706
f 804 894 806
f 805 895 807
f 808 894 896
f 809 895 897
f 810 896 898
f 809 899 811
f 812 898 900
f 811 901 813
f 812 902 814
f 813 903 815
f 816 902 904
f 815 905 817
f 818 904 906
f 819 905 907
f 818 908 820
f 819 909 821
f 822 908 910
f 821 911 823
f 822 912 824
f 825 911 913
f 826 912 914
f 825 915 827
f 826 916 828
f 829 915 917
f 830 916 918
f 829 919 831
f 830 920 832
f 831 921 833
f 832 922 834
f 833 923 835
f 836 922 924
f 837 923 925
f 838 924 926
f 837 927 839
f 838 928 840
f 841 927 929
f 840 930 842
f 841 931 843
f 844 930 932
f 843 933 845
f 844 934 846
f 847 933 935
f 846 936 848
f 847 937 849
f 848 938 850
f 851 937 939
f 852 938 940
f 851 941 853
f 854 940 942
f 853 943 855
f 854 944 856
f 857 943 945
f 856 946 858
f 857 947 859
f 858 948 860
f 859 949 861
f 860 950 862
f 861 951 863
f 862 952 864
f 863 953 865
f 866 952 954
f 867 953 955
f 866 956 868
f 867 955 63
f 868 957 869
f 870 957 958
f 870 959 871
f 872 959 960
f 873 73 961
f 874 960 962
f 873 963 875
f 874 964 876
f 875 965 877
f 876 966 878
f 879 965 967
f 880 966 968
f 881 967 969
f 880 970 882
f 881 971 883
f 884 970 972
f 885 971 973
f 886 972 974
f 885 975 887
f 886 976 888
f 889 975 977
f 888 978 890
f 889 979 891
f 892 978 980
f 893 979 981
f 795 980 982
f 893 983 797
f 796 982 984
f 798 983 985
f 796 986 799
f 800 985 987
f 801 986 988
f 802 987 989
f 803 988 990
f 802 991 804
f 803 992 805
f 894 993 896
f 897 994 995
f 896 996 898
f 899 995 997
f 900 996 998
f 899 999 901
f 900 1000 902
f 901 1001 903
f 904 1000 1002
f 903 1003 905
f 904 1004 906
f 907 1003 1005
f 906 1006 908
f 907 1007 909
f 910 1006 1008
f 911 1007 1009
f 910 1010 912
f 911 1011 913
f 914 1010 1012
f 913 1013 915
f 914 1014 916
f 917 1013 1015
f 916 1016 918
f 919 1015 1017
f 918 1018 920
f 921 1017 1019
f 920 1020 922
f 923 1019 1021
f 924 1020 1022
f 925 1021 1023
f 926 1022 1024
f 927 1023 1025
f 928 1024 1026
f 929 1025 1027
f 928 1028 930
f 931 1027 1029
f 932 1028 1030
f 931 1031 933
f 932 1032 934
f 935 1031 1033
f 934 1034 936
f 935 1035 937
f 936 1036 938
f 937 1037 939
f 938 1038 940
f 939 1039 941
f 942 1038 1040
f 941 1041 943
f 942 1042 944
f 943 1043 945
f 946 1042 1044
f 945 1045 947
f 948 1044 1046
f 949 1045 1047
f 948 1048 950
f 949 1049 951
f 952 1048 1050
f 951 1051 953
f 954 1050 1052
f 953 1053 955
f 954 1054 956
f 955 1053 63
f 957 1054 1055
f 957 1056 958
f 959 1056 1057
f 960 1057 1058
f 961 73 1059
f 962 1058 1060
f 961 1061 963
f 962 1062 964
f 963 1063 965
f 964 1064 966
f 967 1063 1065
f 968 1064 1066
f 967 1067 969
f 968 1068 970
f 971 1067 1069
f 970 1070 972
f 973 1069 1071
f 974 1070 1072
f 975 1071 1073
f 974 1074 976
f 977 1073 1075
f 976 1076 978
f 979 1075 1077
f 980 1076 1078
f 981 1077 1079
f 980 1080 982
f 981 1081 983
f 984 1080 1082
f 985 1081 1083
f 984 1084 986
f 985 1085 987
f 988 1084 1086
f 987 1087 989
f 988 1088 990
f 991 1087 1089
f 990 1090 992
f 894 1089 1091
f 992 994 895
f 1001 1092 1003
f 1002 1093 1004
f 1003 1094 1005
f 1004 1095 1006
f 1005 1096 1007
f 1008 1095 1097
f 1009 1096 1098
f 1008 1099 1010
f 1011 1098 1100
f 1012 1099 1101
f 1011 1102 1013
f 1012 1103 1014
f 1015 1102 1104
f 1014 1105 1016
f 1015 1106 1017
f 1016 1107 1018
f 1017 1108 1019
f 1018 1109 1020
f 1019 1110 1021
f 1022 1109 1111
f 1023 1110 1112
f 1024 1111 1113
f 1025 1112 1114
f 1024 1115 1026
f 1027 1114 1116
f 1026 1117 1028
f 1027 1118 1029
f 1030 1117 1119
f 1029 1120 1031
f 1030 1121 1032
f 1033 1120 1122
f 1032 1123 1034
f 1033 1124 1035
f 1034 1125 1036
f 1037 1124 1126
f 1038 1125 1127
f 1039 1126 1128
f 1040 1127 1129
f 1039 1130 1041
f 1040 1131 1042
f 1043 1130 1132
f 1044 1131 1133
f 1043 1134 1045
f 1046 1133 1135
f 1047 1134 1136
f 1046 1137 1048
f 1047 1138 1049
f 1050 1137 1139
f 1051 1138 1140
f 1052 1139 1141
f 1053 1140 1142
f 1052 1143 1054
f 1053 1142 63
f 1054 1144 1055
f 1055 1145 1056
f 1057 1145 1146
f 1058 1146 1147
f 1059 73 1148
f 1060 1147 1149
f 1061 1148 1150
f 1060 1151 1062
f 1061 1152 1063
f 1062 1153 1064
f 1065 1152 1154
f 1066 1153 1155
f 1065 1156 1067
f 1066 1157 1068
f 1067 1158 1069
f 1068 1159 1070
f 1069 1160 1071
f 1072 1159 1161
f 1073 1160 1162
f 1072 1163 1074
f 1073 1164 1075
f 1076 1163 1165
f 1075 1166 1077
f 1078 1165 1167
f 1079 1166 1168
f 1080 1167 1169
f 1079 1170 1081
f 1082 1169 1171
f 1083 1170 1172
f 1082 1173 1084
f 1085 1172 1174
f 1086 1173 1175
f 1085 1176 1087
f 1086 1177 1088
f 1087 1178 1089
f 1088 1179 1090
f 1091 1178 1180
f 1090 1181 994
f 993 1180 1182
f 994 1183 995
f 993 1184 996
f 997 1183 1185
f 996 1186 998
f 997 1187 999
f 998 1188 1000
f 999 1189 1001
f 1002 1188 1190
f 1100 1191 1102
f 1103 1192 1193
f 1104 1191 1194
f 1105 1193 1195
f 1104 1196 1106
f 1105 1197 1107
f 1106 1198 1108
f 1107 1199 1109
f 1110 1198 1200
f 1111 1199 1201
f 1110 1202 1112
f 1113 1201 1203
f 1112 1204 1114
f 1115 1203 1205
f 1116 1204 1206
f 1115 1207 1117
f 1116 1208 1118
f 1119 1207 1209
f 1118 1210 1120
f 1119 1211 1121
f 1122 1210 1212
f 1121 1213 1123
f 1122 1214 1124
f 1123 1215 1125
f 1126 1214 1216
f 1125 1217 1127
f 1128 1216 1218
f 1129 1217 1219
f 1128 1220 1130
f 1131 1219 1221
f 1132 1220 1222
f 1133 1221 1223
f 1132 1224 1134
f 1135 1223 1225
f 1136 1224 1226
f 1135 1227 1137
f 1138 1226 1228
f 1139 1227 1229
f 1140 1228 1230
f 1141 1229 1231
f 1142 1230 1232
f 1141 1233 1143
f 1142 1232 63
f 1144 1233 1234
f 1144 1235 1145
f 1146 1235 1236
f 1146 1237 1147
f 1148 73 1238
f 1149 1237 1239
f 1150 1238 1240
f 1149 1241 1151
f 1150 1242 1152
f 1151 1243 1153
f 1152 1244 1154
f 1155 1243 1245
f 1154 1246 1156
f 1155 1247 1157
f 1158 1246 1248
f 1157 1249 1159
f 1158 1250 1160
f 1161 1249 1251
f 1162 1250 1252
f 1163 1251 1253
f 1162 1254 1164
f 1165 1253 1255
f 1164 1256 1166
f 1165 1257 1167
f 1168 1256 1258
f 1169 1257 1259
f 1168 1260 1170
f 1171 1259 1261
f 1172 1260 1262
f 1171 1263 1173
f 1174 1262 1264
f 1175 1263 1265
f 1174 1266 1176
f 1177 1265 1267
f 1178 1266 1268
f 1177 1269 1179
f 1180 1268 1270
f 1179 1271 1181
f 1182 1270 1272
f 1183 1271 1273
f 1184 1272 1274
f 1185 1273 1275
f 1186 1274 1276
f 1185 1277 1187
f 1186 1278 1188
f 1187 1279 1189
f 1188 1280 1190
f 1092 1279 1281
f 1190 1282 1093
f 1094 1281 1283
f 1093 1284 1095
f 1094 1285 1096
f 1097 1284 1286
f 1098 1285 1287
f 1097 1288 1099
f 1098 1289 1100
f 1099 1192 1101
f 1201 1290 1291
f 1200 1292 1202
f 1203 1291 1293
f 1202 1294 1204
f 1203 1295 1205
f 1206 1294 1296
f 1205 1297 1207
f 1206 1298 1208
f 1209 1297 1299
f 1208 1300 1210
f 1209 1301 1211
f 1212 1300 1302
f 1211 1303 1213
f 1212 1304 1214
f 1213 1305 1215
f 1216 1304 1306
f 1215 1307 1217
f 1218 1306 1308
f 1219 1307 1309
f 1218 1310 1220
f 1219 1311 1221
f 1222 1310 1312
f 1223 1311 1313
f 1222 1314 1224
f 1225 1313 1315
f 1226 1314 1316
f 1225 1317 1227
f 1226 1318 1228
f 1229 1317 1319
f 1228 1320 1230
f 1229 1321 1231
f 1230 1322 1232
f 1231 1323 1233
f 1232 1322 63
f 1234 1323 1324
f 1234 1325 1235
f 1236 1325 1326
f 1236 1327 1237
f 1238 73 1328
f 1239 1327 1329
f 1238 1330 1240
f 1241 1329 1331
f 1242 1330 1332
f 1241 1333 1243
f 1244 1332 1334
f 1245 1333 1335
f 1244 1336 1246
f 1245 1337 1247
f 1248 1336 1338
f 1247 1339 1249
f 1248 1340 1250
f 1251 1339 1341
f 1252 1340 1342
f 1251 1343 1253
f 1252 1344 1254
f 1255 1343 1345
f 1254 1346 1256
f 1257 1345 1347
f 1258 1346 1348
f 1259 1347 1349
f 1258 1350 1260
f 1261 1349 1351
f 1262 1350 1352
f 1261 1353 1263
f 1264 1352 1354
f 1265 1353 1355
f 1264 1356 1266
f 1265 1357 1267
f 1266 1358 1268
f 1267 1359 1269
f 1270 1358 1360
f 1269 1361 1271
f 1270 1362 1272
f 1273 1361 1363
f 1274 1362 1364
f 1275 1363 1365
f 1276 1364 1366
f 1275 1367 1277
f 1276 1368 1278
f 1277 1369 1279
f 1280 1368 1370
f 1279 1371 1281
f 1280 1372 1282
f 1281 1373 1283
f 1282 1374 1284
f 1283 1375 1285
f 1286 1374 1376
f 1287 1375 1377
f 1286 1378 1288
f 1287 1379 1289
f 1192 1378 1380
f 1289 1381 1191
f 1192 1382 1193
f 1194 1381 1383
f 1195 1382 1384
f 1196 1383 1385
f 1195 1386 1197
f 1196 1387 1198
f 1197 1290 1199
f 1200 1387 1388
f 1298 1389 1300
f 1299 1390 1301
f 1302 1389 1391
f 1301 1392 1303
f 1302 1393 1304
f 1303 1394 1305
f 1306 1393 1395
f 1305 1396 1307
f 1308 1395 1397
f 1309 1396 1398
f 1308 1399 1310
f 1309 1400 1311
f 1310 1401 1312
f 1313 1400 1402
f 1312 1403 1314
f 1315 1402 1404
f 1316 1403 1405
f 1315 1406 1317
f 1316 1407 1318
f 1319 1406 1408
f 1320 1407 1409
f 1319 1410 1321
f 1322 1409 1411
f 1321 1412 1323
f 1322 1411 63
f 1324 1412 1413
f 1324 1414 1325
f 1326 1414 1415
f 1326 1416 1327
f 1328 73 1417
f 1329 1416 1418
f 1328 1419 1330
f 1331 1418 1420
f 1330 1421 1332
f 1331 1422 1333
f 1334 1421 1423
f 1335 1422 1424
f 1334 1425 1336
f 1335 1426 1337
f 1338 1425 1427
f 1337 1428 1339
f 1338 1429 1340
f 1341 1428 1430
f 1342 1429 1431
f 1341 1432 1343
f 1342 1433 1344
f 1345 1432 1434
f 1344 1435 1346
f 1347 1434 1436
f 1348 1435 1437
f 1349 1436 1438
f 1348 1439 1350
f 1351 1438 1440
f 1352 1439 1441
f 1351 1442 1353
f 1354 1441 1443
f 1355 1442 1444
f 1354 1445 1356
f 1355 1446 1357
f 1358 1445 1447
f 1357 1448 1359
f 1360 1447 1449
f 1359 1450 1361
f 1360 1451 1362
f 1361 1452 1363
f 1364 1451 1453
f 1365 1452 1454
f 1364 1455 1366
f 1365 1456 1367
f 1366 1457 1368
f 1367 1458 1369
f 1368 1459 1370
f 1371 1458 1460
f 1370 1461 1372
f 1373 1460 1462
f 1372 1463 1374
f 1373 1464 1375
f 1376 1463 1465
f 1377 1464 1466
f 1378 1465 1467
f 1379 1466 1468
f 1378 1469 1380
f 1379 1470 1381
f 1380 1471 1382
f 1383 1470 1472
f 1382 1473 1384
f 1385 1472 1474
f 1384 1475 1386
f 1385 1476 1387
f 1386 1477 1290
f 1388 1476 1478
f 1291 1477 1479
f 1388 1480 1292
f 1291 1481 1293
f 1292 1482 1294
f 1293 1483 1295
f 1296 1482 1484
f 1295 1485 1297
f 1296 1486 1298
f 1299 1485 1487
f 1398 1488 1489
f 1397 1490 1399
f 1398 1491 1400
f 1399 1492 1401
f 1402 1491 1493
f 1401 1494 1403
f 1402 1495 1404
f 1405 1494 1496
f 1404 1497 1406
f 1405 1498 1407
f 1408 1497 1499
f 1407 1500 1409
f 1408 1501 1410
f 1409 1502 1411
f 1410 1503 1412
f 1411 1502 63
f 1412 1504 1413
f 1413 1505 1414
f 1415 1505 1506
f 1416 1506 1507
f 1417 73 1508
f 1418 1507 1509
f 1417 1510 1419
f 1420 1509 1511
f 1419 1512 1421
f 1420 1513 1422
f 1421 1514 1423
f 1424 1513 1515
f 1423 1516 1425
f 1426 1515 1517
f 1427 1516 1518
f 1426 1519 1428
f 1427 1520 1429
f 1430 1519 1521
f 1429 1522 1431
f 1430 1523 1432
f 1431 1524 1433
f 1434 1523 1525
f 1435 1524 1526
f 1436 1525 1527
f 1437 1526 1528
f 1438 1527 1529
f 1437 1530 1439
f 1440 1529 1531
f 1441 1530 1532
f 1440 1533 1442
f 1443 1532 1534
f 1444 1533 1535
f 1443 1536 1445
f 1446 1535 1537
f 1445 1538 1447
f 1448 1537 1539
f 1447 1540 1449
f 1448 1541 1450
f 1449 1542 1451
f 1450 1543 1452
f 1453 1542 1544
f 1454 1543 1545
f 1453 1546 1455
f 1456 1545 1547
f 1455 1548 1457
f 1456 1549 1458
f 1459 1548 1550
f 1460 1549 1551
f 1459 1552 1461
f 1460 1553 1462
f 1461 1554 1463
f 1462 1555 1464
f 1465 1554 1556
f 1466 1555 1557
f 1467 1556 1558
f 1468 1557 1559
f 1467 1560 1469
f 1468 1561 1470
f 1471 1560 1562
f 1472 1561 1563
f 1471 1564 1473
f 1474 1563 1565
f 1473 1566 1475
f 1474 1567 1476
f 1477 1566 1568
f 1478 1567 1569
f 1479 1568 1570
f 1478 1571 1480
f 1479 1572 1481
f 1482 1571 1573
f 1483 1572 1574
f 1484 1573 1575
f 1483 1576 1485
f 1484 1577 1486
f 1487 1576 1578
f 1486 1579 1389
f 1487 1580 1390
f 1391 1579 1581
f 1390 1582 1392
f 1391 1583 1393
f 1392 1584 1394
f 1393 1585 1395
f 1394 1488 1396
f 1397 1585 1586
f 1496 1587 1498
f 1499 1588 1589
f 1500 1587 1590
f 1499 1591 1501
f 1500 1592 1502
f 1501 1593 1503
f 1502 1592 63
f 1503 1594 1504
f 1504 1595 1505
f 1506 1595 1596
f 1506 1597 1507
f 1508 73 1598
f 1509 1597 1599
f 1508 1600 1510
f 1511 1599 1601
f 1510 1602 1512
f 1511 1603 1513
f 1512 1604 1514
f 1515 1603 1605
f 1514 1606 1516
f 1515 1607 1517
f 1518 1606 1608
f 1517 1609 1519
f 1518 1610 1520
f 1521 1609 1611
f 1522 1610 1612
f 1521 1613 1523
f 1522 1614 1524
f 1525 1613 1615
f 1524 1616 1526
f 1527 1615 1617
f 1528 1616 1618
f 1529 1617 1619
f 1528 1620 1530
f 1531 1619 1621
f 1532 1620 1622
f 1531 1623 1533
f 1534 1622 1624
f 1535 1623 1625
f 1534 1626 1536
f 1535 1627 1537
f 1536 1628 1538
f 1539 1627 1629
f 1540 1628 1630
f 1539 1631 1541
f 1540 1632 1542
f 1541 1633 1543
f 1544 1632 1634
f 1545 1633 1635
f 1544 1636 1546
f 1547 1635 1637
f 1546 1638 1548
f 1547 1639 1549
f 1550 1638 1640
f 1551 1639 1641
f 1550 1642 1552
f 1551 1643 1553
f 1552 1644 1554
f 1553 1645 1555
f 1556 1644 1646
f 1557 1645 1647
f 1556 1648 1558
f 1559 1647 1649
f 1558 1650 1560
f 1559 1651 1561
f 1562 1650 1652
f 1563 1651 1653
f 1562 1654 1564
f 1565 1653 1655
f 1564 1656 1566
f 1565 1657 1567
f 1568 1656 1658
f 1567 1659 1569
f 1570 1658 1660
f 1569 1661 1571
f 1572 1660 1662
f 1573 1661 1663
f 1574 1662 1664
f 1575 1663 1665
f 1574 1666 1576
f 1575 1667 1577
f 1578 1666 1668
f 1577 1669 1579
f 1578 1670 1580
f 1581 1669 1671
f 1580 1672 1582
f 1581 1673 1583
f 1582 1674 1584
f 1585 1673 1675
f 1584 1676 1488
f 1586 1675 1677
f 1489 1676 1678
f 1586 1679 1490
f 1489 1680 1491
f 1492 1679 1681
f 1493 1680 1682
f 1492 1683 1494
f 1495 1682 1684
f 1496 1683 1685
f 1495 1588 1497
f 1596 1686 1687
f 1597 1687 1688
f 1598 73 1689
f 1599 1688 1690
f 1598 1691 1600
f 1601 1690 1692
f 1602 1691 1693
f 1601 1694 1603
f 1602 1695 1604
f 1605 1694 1696
f 1604 1697 1606
f 1605 1698 1607
f 1606 1699 1608
f 1607 1700 1609
f 1608 1701 1610
f 1611 1700 1702
f 1612 1701 1703
f 1611 1704 1613
f 1612 1705 1614
f 1615 1704 1706
f 1614 1707 1616
f 1617 1706 1708
f 1618 1707 1709
f 1617 1710 1619
f 1618 1711 1620
f 1621 1710 1712
f 1622 1711 1713
f 1621 1714 1623
f 1624 1713 1715
f 1625 1714 1716
f 1624 1717 1626
f 1625 1718 1627
f 1626 1719 1628
f 1629 1718 1720
f 1628 1721 1630
f 1629 1722 1631
f 1632 1721 1723
f 1631 1724 1633
f 1634 1723 1725
f 1635 1724 1726
f 1636 1725 1727
f 1637 1726 1728
f 1636 1729 1638
f 1637 1730 1639
f 1640 1729 1731
f 1639 1732 1641
f 1640 1733 1642
f 1641 1734 1643
f 1642 1735 1644
f 1643 1736 1645
f 1646 1735 1737
f 1647 1736 1738
f 1648 1737 1739
f 1649 1738 1740
f 1650 1739 1741
f 1649 1742 1651
f 1650 1743 1652
f 1653 1742 1744
f 1652 1745 1654
f 1653 1746 1655
f 1654 1747 1656
f 1655 1748 1657
f 1658 1747 1749
f 1657 1750 1659
f 1660 1749 1751
f 1659 1752 1661
f 1660 1753 1662
f 1663 1752 1754
f 1664 1753 1755
f 1665 1754 1756
f 1664 1757 1666
f 1665 1758 1667
f 1668 1757 1759
f 1667 1760 1669
f 1668 1761 1670
f 1671 1760 1762
f 1672 1761 1763
f 1671 1764 1673
f 1672 1765 1674
f 1675 1764 1766
f 1674 1767 1676
f 1675 1768 1677
f 1678 1767 1769
f 1677 1770 1679
f 1678 1771 1680
f 1681 1770 1772
f 1682 1771 1773
f 1683 1772 1774
f 1684 1773 1775
f 1685 1774 1776
f 1684 1777 1588
f 1685 1778 1587
f 1589 1777 1779
f 1587 1780 1590
f 1589 1781 1591
f 1590 1782 1592
f 1591 1783 1593
f 1592 1782 63
f 1593 1784 1594
f 1594 1686 1595
f 1715 1785 1786
f 1716 1787 1788
f 1715 1789 1717
f 1716 1790 1718
f 1717 1791 1719
f 1718 1792 1720
f 1719 1793 1721
f 1720 1794 1722
f 1723 1793 1795
f 1722 1796 1724
f 1725 1795 1797
f 1726 1796 1798
f 1727 1797 1799
f 1728 1798 1800
f 1727 1801 1729
f 1728 1802 1730
f 1731 1801 1803
f 1730 1804 1732
f 1731 1805 1733
f 1732 1806 1734
f 1733 1807 1735
f 1734 1808 1736
f 1735 1809 1737
f 1738 1808 1810
f 1739 1809 1811
f 1740 1810 1812
f 1741 1811 1813
f 1740 1814 1742
f 1741 1815 1743
f 1744 1814 1816
f 1743 1817 1745
f 1744 1818 1746
f 1745 1819 1747
f 1746 1820 1748
f 1749 1819 1821
f 1748 1822 1750
f 1751 1821 1823
f 1750 1824 1752
f 1751 1825 1753
f 1752 1826 1754
f 1755 1825 1827
f 1756 1826 1828
f 1755 1829 1757
f 1756 1830 1758
f 1759 1829 1831
f 1758 1832 1760
f 1759 1833 1761
f 1762 1832 1834
f 1763 1833 1835
f 1762 1836 1764
f 1763 1837 1765
f 1766 1836 1838
f 1765 1839 1767
f 1768 1838 1840
f 1769 1839 1841
f 1768 1842 1770
f 1769 1843 1771
f 1772 1842 1844
f 1773 1843 1845
f 1772 1846 1774
f 1773 1847 1775
f 1776 1846 1848
f 1775 1849 1777
f 1776 1850 1778
f 1779 1849 1851
f 1780 1850 1852
f 1779 1853 1781
f 1780 1854 1782
f 1781 1855 1783
f 1782 1854 63
f 1783 1856 1784
f 1784 1857 1686
f 1687 1857 1858
f 1688 1858 1859
f 1689 73 1860
f 1690 1859 1861
f 1689 1862 1691
f 1690 1863 1692
f 1691 1864 1693
f 1692 1865 1694
f 1695 1864 1866
f 1696 1865 1867
f 1695 1868 1697
f 1698 1867 1869
f 1699 1868 1870
f 1698 1871 1700
f 1701 1870 1872
f 1702 1871 1873
f 1703 1872 1874
f 1702 1875 1704
f 1703 1876 1705
f 1706 1875 1877
f 1705 1878 1707
f 1708 1877 1879
f 1709 1878 1880
f 1708 1881 1710
f 1709 1882 1711
f 1712 1881 1883
f 1713 1882 1785
f 1712 1787 1714
f 1794 1884 1796
f 1797 1885 1886
f 1796 1887 1798
f 1799 1886 1888
f 1800 1887 1889
f 1799 1890 1801
f 1800 1891 1802
f 1803 1890 1892
f 1802 1893 1804
f 1803 1894 1805
f 1804 1895 1806
f 1805 1896 1807
f 1808 1895 1897
f 1807 1898 1809
f 1810 1897 1899
f 1811 1898 1900
f 1812 1899 1901
f 1813 1900 1902
f 1812 1903 1814
f 1813 1904 1815
f 1816 1903 1905
f 1815 1906 1817
f 1816 1907 1818
f 1817 1908 1819
f 1818 1909 1820
f 1821 1908 1910
f 1820 1911 1822
f 1823 1910 1912
f 1824 1911 1913
f 1823 1914 1825
f 1826 1913 1915
f 1827 1914 1916
f 1828 1915 1917
f 1827 1918 1829
f 1828 1919 1830
f 1831 1918 1920
f 1830 1921 1832
f 1831 1922 1833
f 1834 1921 1923
f 1835 1922 1924
f 1834 1925 1836
f 1835 1926 1837
f 1836 1927 1838
f 1839 1926 1928
f 1840 1927 1929
f 1841 1928 1930
f 1840 1931 1842
f 1841 1932 1843
f 1842 1933 1844
f 1845 1932 1934
f 1844 1935 1846
f 1845 1936 1847
f 1848 1935 1937
f 1847 1938 1849
f 1850 1937 1939
f 1851 1938 1940
f 1850 1941 1852
f 1851 1942 1853
f 1854 1941 1943
f 1853 1944 1855
f 1854 1943 63
f 1855 1945 1856
f 1856 1946 1857
f 1858 1946 1947
f 1859 1947 1948
f 1860 73 1949
f 1861 1948 1950
f 1860 1951 1862
f 1861 1952 1863
f 1862 1953 1864
f 1863 1954 1865
f 1864 1955 1866
f 1867 1954 1956
f 1866 1957 1868
f 1869 1956 1958
f 1870 1957 1959
f 1869 1960 1871
f 1872 1959 1961
f 1873 1960 1962
f 1874 1961 1963
f 1873 1964 1875
f 1876 1963 1965
f 1875 1966 1877
f 1878 1965 1967
f 1879 1966 1968
f 1880 1967 1969
f 1879 1970 1881
f 1880 1971 1882
f 1883 1970 1972
f 1785 1971 1973
f 1883 1974 1787
f 1786 1973 1975
f 1788 1974 1976
f 1786 1977 1789
f 1788 1978 1790
f 1789 1979 1791
f 1792 1978 1980
f 1791 1981 1793
f 1792 1982 1794
f 1793 1885 1795
f 1892 1983 1894
f 1893 1984 1895
f 1894 1985 1896
f 1897 1984 1986
f 1896 1987 1898
f 1899 1986 1988
f 1900 1987 1989
f 1901 1988 1990
f 1900 1991 1902
f 1901 1992 1903
f 1904 1991 1993
f 1905 1992 1994
f 1904 1995 1906
f 1905 1996 1907
f 1906 1997 1908
f 1907 1998 1909
f 1910 1997 1999
f 1909 2000 1911
f 1912 1999 2001
f 1911 2002 1913
f 1912 2003 1914
f 1915 2002 2004
f 1916 2003 2005
f 1917 2004 2006
f 1916 2007 1918
f 1917 2008 1919
f 1920 2007 2009
f 1919 2010 1921
f 1920 2011 1922
f 1923 2010 2012
f 1924 2011 2013
f 1923 2014 1925
f 1924 2015 1926
f 1927 2014 2016
f 1928 2015 2017
f 1927 2018 1929
f 1930 2017 2019
f 1929 2020 1931
f 1930 2021 1932
f 1931 2022 1933
f 1934 2021 2023
f 1933 2024 1935
f 1934 2025 1936
f 1937 2024 2026
f 1936 2027 1938
f 1937 2028 1939
f 1940 2027 2029
f 1941 2028 2030
f 1942 2029 2031
f 1941 2032 1943
f 1942 2033 1944
f 1943 2032 63
f 1944 2034 1945
f 1945 2035 1946
f 1947 2035 2036
f 1948 2036 2037
f 1949 73 2038
f 1950 2037 2039
f 1949 2040 1951
f 1950 2041 1952
f 1951 2042 1953
f 1952 2043 1954
f 1955 2042 2044
f 1956 2043 2045
f 1955 2046 1957
f 1958 2045 2047
f 1959 2046 2048
f 1958 2049 1960
f 1961 2048 2050
f 1962 2049 2051
f 1963 2050 2052
f 1962 2053 1964
f 1963 2054 1965
f 1964 2055 1966
f 1965 2056 1967
f 1968 2055 2057
f 1969 2056 2058
f 1968 2059 1970
f 1969 2060 1971
f 1972 2059 2061
f 1973 2060 2062
f 1972 2063 1974
f 1975 2062 2064
f 1976 2063 2065
f 1975 2066 1977
f 1976 2067 1978
f 1977 2068 1979
f 1980 2067 2069
f 1981 2068 2070
f 1980 2071 1982
f 1885 2070 2072
f 1982 2073 1884
f 1886 2072 2074
f 1887 2073 2075
f 1888 2074 2076
f 1889 2075 2077
f 1888 2078 1890
f 1889 2079 1891
f 1892 2078 2080
f 1893 2079 2081
f 1990 2082 1992
f 1991 2083 1993
f 1994 2082 2084
f 1993 2085 1995
f 1994 2086 1996
f 1995 2087 1997
f 1996 2088 1998
f 1999 2087 2089
f 1998 2090 2000
f 2001 2089 2091
f 2002 2090 2092
f 2001 2093 2003
f 2004 2092 2094
f 2005 2093 2095
f 2006 2094 2096
f 2005 2097 2007
f 2006 2098 2008
f 2009 2097 2099
f 2008 2100 2010
f 2009 2101 2011
f 2012 2100 2102
f 2013 2101 2103
f 2012 2104 2014
f 2013 2105 2015
f 2016 2104 2106
f 2017 2105 2107
f 2018 2106 2108
f 2019 2107 2109
f 2018 2110 2020
f 2019 2111 2021
f 2022 2110 2112
f 2023 2111 2113
f 2022 2114 2024
f 2023 2115 2025
f 2026 2114 2116
f 2025 2117 2027
f 2026 2118 2028
f 2029 2117 2119
f 2028 2120 2030
f 2031 2119 2121
f 2030 2122 2032
f 2031 2123 2033
f 2032 2122 63
f 2033 2124 2034
f 2034 2125 2035
f 2036 2125 2126
f 2037 2126 2127
f 2038 73 2128
f 2039 2127 2129
f 2040 2128 2130
f 2039 2131 2041
f 2042 2130 2132
f 2041 2133 2043
f 2044 2132 2134
f 2045 2133 2135
f 2044 2136 2046
f 2047 2135 2137
f 2048 2136 2138
f 2047 2139 2049
f 2048 2140 2050
f 2049 2141 2051
f 2052 2140 2142
f 2051 2143 2053
f 2052 2144 2054
f 2053 2145 2055
f 2054 2146 2056
f 2057 2145 2147
f 2058 2146 2148
f 2057 2149 2059
f 2058 2150 2060
f 2061 2149 2151
f 2062 2150 2152
f 2061 2153 2063
f 2064 2152 2154
f 2065 2153 2155
f 2064 2156 2066
f 2065 2157 2067
f 2066 2158 2068
f 2069 2157 2159
f 2068 2160 2070
f 2069 2161 2071
f 2072 2160 2162
f 2071 2163 2073
f 2074 2162 2164
f 2075 2163 2165
f 2076 2164 2166
f 2077 2165 2167
f 2076 2168 2078
f 2079 2167 2169
f 2080 2168 2170
f 2081 2169 2171
f 2080 2172 1983
f 2081 2173 1984
f 1983 2174 1985
f 1986 2173 2175
f 1985 2176 1987
f 1988 2175 2177
f 1989 2176 2178
f 1990 2177 2179
f 1989 2180 1991
f 2090 2181 2092
f 2091 2182 2093
f 2094 2181 2183
f 2095 2182 2184
f 2096 2183 2185
f 2095 2186 2097
f 2096 2187 2098
f 2099 2186 2188
f 2098 2189 2100
f 2099 2190 2101
f 2102 2189 2191
f 2103 2190 2192
f 2102 2193 2104
f 2103 2194 2105
f 2106 2193 2195
f 2105 2196 2107
f 2108 2195 2197
f 2109 2196 2198
f 2108 2199 2110
f 2111 2198 2200
f 2112 2199 2201
f 2113 2200 2202
f 2112 2203 2114
f 2113 2204 2115
f 2116 2203 2205
f 2115 2206 2117
f 2116 2207 2118
f 2119 2206 2208
f 2118 2209 2120
f 2121 2208 2210
f 2120 2211 2122
f 2121 2212 2123
f 2122 2211 63
f 2123 2213 2124
f 2124 2214 2125
f 2126 2214 2215
f 2127 2215 2216
f 2128 73 2217
f 2129 2216 2218
f 2128 2219 2130
f 2129 2220 2131
f 2130 2221 2132
f 2131 2222 2133
f 2134 2221 2223
f 2135 2222 2224
f 2134 2225 2136
f 2137 2224 2226
f 2138 2225 2227
f 2137 2228 2139
f 2138 2229 2140
f 2139 2230 2141
f 2142 2229 2231
f 2141 2232 2143
f 2142 2233 2144
f 2145 2232 2234
f 2144 2235 2146
f 2147 2234 2236
f 2148 2235 2237
f 2147 2238 2149
f 2148 2239 2150
f 2151 2238 2240
f 2152 2239 2241
f 2151 2242 2153
f 2154 2241 2243
f 2155 2242 2244
f 2154 2245 2156
f 2155 2246 2157
f 2156 2247 2158
f 2159 2246 2248
f 2158 2249 2160
f 2159 2250 2161
f 2162 2249 2251
f 2161 2252 2163
f 2164 2251 2253
f 2165 2252 2254
f 2166 2253 2255
f 2167 2254 2256
f 2166 2257 2168
f 2167 2258 2169
f 2170 2257 2259
f 2169 2260 2171
f 2170 2261 2172
f 2171 2262 2173
f 2172 2263 2174
f 2173 2264 2175
f 2176 2263 2265
f 2177 2264 2266
f 2178 2265 2267
f 2179 2266 2268
f 2178 2269 2180
f 2179 2270 2082
f 2180 2271 2083
f 2084 2270 2272
f 2083 2273 2085
f 2084 2274 2086
f 2085 2275 2087
f 2086 2276 2088
f 2089 2275 2277
f 2088 2278 2090
f 2091 2277 2279
f 2188 2280 2190
f 2191 2281 2282
f 2192 2280 2283
f 2191 2284 2193
f 2192 2285 2194
f 2195 2284 2286
f 2196 2285 2287
f 2195 2288 2197
f 2198 2287 2289
f 2197 2290 2199
f 2200 2289 2291
f 2201 2290 2292
f 2202 2291 2293
f 2201 2294 2203
f 2202 2295 2204
f 2205 2294 2296
f 2204 2297 2206
f 2205 2298 2207
f 2208 2297 2299
f 2207 2300 2209
f 2210 2299 2301
f 2211 2300 2302
f 2210 2303 2212
f 2211 2302 63
f 2212 2304 2213
f 2213 2305 2214
f 2215 2305 2306
f 2216 2306 2307
f 2217 73 2308
f 2218 2307 2309
f 2217 2310 2219
f 2218 2311 2220
f 2221 2310 2312
f 2220 2313 2222
f 2223 2312 2314
f 2224 2313 2315
f 2223 2316 2225
f 2226 2315 2317
f 2227 2316 2318
f 2226 2319 2228
f 2227 2320 2229
f 2228 2321 2230
f 2231 2320 2322
f 2230 2323 2232
f 2233 2322 2324
f 2232 2325 2234
f 2233 2326 2235
f 2236 2325 2327
f 2237 2326 2328
f 2236 2329 2238
f 2237 2330 2239
f 2240 2329 2331
f 2241 2330 2332
f 2240 2333 2242
f 2243 2332 2334
f 2244 2333 2335
f 2243 2336 2245
f 2244 2337 2246
f 2245 2338 2247
f 2248 2337 2339
f 2247 2340 2249
f 2248 2341 2250
f 2251 2340 2342
f 2250 2343 2252
f 2253 2342 2344
f 2254 2343 2345
f 2253 2346 2255
f 2256 2345 2347
f 2255 2348 2257
f 2258 2347 2349
f 2259 2348 2350
f 2258 2351 2260
f 2259 2352 2261
f 2260 2353 2262
f 2261 2354 2263
f 2262 2355 2264
f 2265 2354 2356
f 2266 2355 2357
f 2267 2356 2358
f 2268 2357 2359
f 2267 2360 2269
f 2268 2361 2270
f 2271 2360 2362
f 2272 2361 2363
f 2271 2364 2273
f 2274 2363 2365
f 2273 2366 2275
f 2274 2367 2276
f 2277 2366 2368
f 2276 2369 2278
f 2279 2368 2370
f 2181 2369 2371
f 2279 2372 2182
f 2183 2371 2373
f 2184 2372 2374
f 2185 2373 2375
f 2184 2376 2186
f 2185 2377 2187
f 2188 2376 2378
f 2187 2281 2189
f 2288 2379 2290
f 2291 2380 2381
f 2290 2382 2292
f 2293 2381 2383
f 2292 2384 2294
f 2293 2385 2295
f 2296 2384 2386
f 2295 2387 2297
f 2296 2388 2298
f 2299 2387 2389
f 2298 2390 2300
f 2301 2389 2391
f 2300 2392 2302
f 2301 2393 2303
f 2302 2392 63
f 2303 2394 2304
f 2304 2395 2305
f 2306 2395 2396
f 2307 2396 2397
f 2308 73 2398
f 2309 2397 2399
f 2308 2400 2310
f 2309 2401 2311
f 2310 2402 2312
f 2311 2403 2313
f 2312 2404 2314
f 2315 2403 2405
f 2314 2406 2316
f 2317 2405 2407
f 2318 2406 2408
f 2317 2409 2319
f 2320 2408 2410
f 2319 2411 2321
f 2322 2410 2412
f 2321 2413 2323
f 2322 2414 2324
f 2323 2415 2325
f 2324 2416 2326
f 2327 2415 2417
f 2328 2416 2418
f 2327 2419 2329
f 2328 2420 2330
f 2331 2419 2421
f 2332 2420 2422
f 2331 2423 2333
f 2334 2422 2424
f 2335 2423 2425
f 2334 2426 2336
f 2335 2427 2337
f 2336 2428 2338
f 2339 2427 2429
f 2340 2428 2430
f 2339 2431 2341
f 2342 2430 2432
f 2341 2433 2343
f 2344 2432 2434
f 2345 2433 2435
f 2346 2434 2436
f 2347 2435 2437
f 2346 2438 2348
f 2347 2439 2349
f 2350 2438 2440
f 2349 2441 2351
f 2350 2442 2352
f 2351 2443 2353
f 2352 2444 2354
f 2353 2445 2355
f 2356 2444 2446
f 2357 2445 2447
f 2358 2446 2448
f 2359 2447 2449
f 2360 2448 2450
f 2359 2451 2361
f 2362 2450 2452
f 2363 2451 2453
f 2362 2454 2364
f 2363 2455 2365
f 2364 2456 2366
f 2365 2457 2367
f 2368 2456 2458
f 2367 2459 2369
f 2370 2458 2460
f 2369 2461 2371
f 2370 2462 2372
f 2373 2461 2463
f 2374 2462 2464
f 2375 2463 2465
f 2374 2466 2376
f 2375 2467 2377
f 2378 2466 2468
f 2377 2469 2281
f 2378 2470 2280
f 2282 2469 2471
f 2283 2470 2472
f 2282 2473 2284
f 2283 2474 2285
f 2286 2473 2475
f 2287 2474 2476
f 2288 2475 2477
f 2289 2476 2380
f 2387 2478 2479
f 2388 2480 2481
f 2391 2482 2483
f 2392 2484 2485
f 2486 2391 2483
f 2392 2485 63
f 2487 2393 2486
f 2394 2487 2488
f 2395 2489 2490
f 2397 2491 2492
f 2398 73 2493
f 2399 2492 2494
f 2495 2398 2493
f 2496 2399 2494
f 2400 2495 2497
f 2401 2496 2498
f 2402 2499 2500
f 2403 2501 2502
f 2404 2503 2504
f 2407 2505 2506
f 2406 2507 2508
f 2407 2506 2509
f 2408 2510 2511
f 2411 2512 2513
f 2410 2514 2515
f 2411 2516 2413
f 2414 2517 2518
f 2415 2516 2519
f 2414 2518 2520
f 2415 2519 2521
f 2416 2522 2523
f 2417 2524 2419
f 2418 2525 2526
f 2421 2524 2527
f 2420 2528 2529
f 2421 2527 2530
f 2531 2422 2532
f 2423 2533 2534
f 2535 2424 2531
f 2425 2536 2537
f 2426 2535 2538
f 2427 2539 2540
f 2428 2541 2430
f 2429 2542 2543
f 2432 2541 2544
f 2431 2545 2433
f 2432 2544 2546
f 2435 2545 2547
f 2548 2434 2549
f 2435 2547 2550
f 2436 2548 2551
f 2439 2552 2553
f 2438 2554 2555
f 2441 2553 2556
f 2557 2440 2558
f 2441 2556 2559
f 2442 2560 2444
f 2443 2561 2445
f 2446 2560 2562
f 2447 2561 2563
f 2446 2562 2564
f 2449 2563 2565
f 2450 2566 2567
f 2449 2565 2568
f 2569 2450 2567
f 2451 2570 2571
f 2452 2569 2572
f 2455 2573 2574
f 2454 2575 2456
f 2455 2574 2576
f 2458 2575 2577
f 2457 2578 2459
f 2458 2577 2579
f 2459 2580 2461
f 2460 2581 2582
f 2461 2580 2583
f 2462 2584 2585
f 2465 2586 2587
f 2464 2588 2589
f 2467 2587 2590
f 2466 2591 2592
f 2467 2590 2593
f 2468 2594 2470
f 2469 2595 2596
f 2472 2594 2597
f 2471 2598 2599
f 2472 2597 2600
f 2473 2601 2602
f 2474 2603 2476
f 2475 2604 2477
f 2380 2603 2605
f 2477 2604 2606
f 2381 2605 2607
f 2379 2608 2609
f 2381 2607 2610
f 2382 2611 2612
f 2613 2383 2614
f 2384 2615 2616
f 2385 2613 2617
f 2386 2618 2619
f 2620 2570 2568
f 2620 2571 2570
f 2621 2622 2572
f 2623 2622 2621
f 2624 2625 2576
f 2626 2575 2623
f 2627 2625 2624
f 2626 2579 2577
f 2628 2578 2627
f 2629 2584 2582
f 2628 2583 2580
f 2629 2585 2584
f 2630 2591 2589
f 2630 2592 2591
f 2631 2595 2593
f 2631 2596 2595
f 2632 2601 2599
f 2633 2634 2600
f 2632 2602 2601
f 2635 2634 2633
f 2636 2603 2635
f 2637 2608 2606
f 2638 2605 2636
f 2637 2609 2608
f 2638 2610 2607
f 2639 2615 2612
f 2639 2616 2615
f 2640 2478 2617
f 2641 2480 2619
f 2640 2479 2478
f 2641 2481 2480
f 2642 2489 2488
f 2642 2490 2489
f 2643 2499 2497
f 2644 2501 2498
f 2500 2499 2643
f 2644 2502 2501
f 2645 2507 2504
f 2508 2507 2645
f 2646 2512 2509
f 2647 2514 2511
f 2648 2512 2646
f 2515 2514 2647
f 2649 2513 2648
f 2650 2516 2649
f 2651 2522 2520
f 2650 2521 2519
f 2523 2522 2651
f 2652 2528 2526
f 2529 2528 2652
f 2653 2533 2530
f 2653 2534 2533
f 2654 2539 2537
f 2655 2656 2538
f 2654 2540 2539
f 2657 2656 2655
f 2658 2659 2543
f 2660 2541 2657
f 2661 2659 2658
f 2546 2544 2660
f 2662 2545 2661
f 2662 2550 2547
f 2663 2554 2551
f 2555 2554 2663
f 2664 2665 2559
f 2666 2560 2557
f 2667 2665 2664
f 2668 2560 2666
f 2667 2563 2561
f 2668 2564 2562
f 2669 2670 2671
f 2671 2670 2672
f 2673 2674 2675
f 2676 2677 2678
f 2675 2679 2680
f 2677 2676 2681
f 2680 2682 2683
f 2684 2685 2686
f 2683 2687 2688
f 2685 2689 2690
f 2688 2691 2692
f 2690 2693 2694
f 2692 2691 2695
f 2694 2696 2697
f 2698 2699 2700
f 2697 2696 2701
f 2700 2702 2703
f 2703 2704 2705
f 2706 2707 2708
f 2705 2704 2709
f 2707 2710 2711
f 2711 2710 2712
f 2713 2714 2715
f 2716 2717 2718
f 2715 2714 2719
f 2717 2716 2720
f 2721 2722 2723
f 2722 2724 2723
f 2725 2726 2727
f 2726 2725 2728
f 2729 2730 2731
f 2732 2733 2734
f 2729 2735 2730
f 2734 2733 2736
f 2737 2738 2739
f 2739 2740 2737
f 2741 2742 2743
f 2744 2745 2740
f 2743 2746 2747
f 2747 2748 2749
f 2750 2751 2752
f 2749 2748 2753
f 2752 2754 2750
f 2755 2756 2757
f 2758 2759 2754
f 2757 2760 2761
f 2762 2763 2759
f 2761 2764 2765
f 2766 2767 2763
f 2765 2768 2769
f 2770 2771 2772
f 2769 2773 2774
f 2772 2775 2770
f 2774 2773 2776
f 2777 2778 2779
f 2779 2780 2777
f 2781 2782 2780
f 2783 2784 2785
f 2785 2786 2787
f 2787 2788 2789
f 2790 2791 2792
f 2789 2788 2793
f 2792 2794 2790
f 2795 2796 2797
f 2798 2799 2800
f 2797 2801 2795
f 2800 2802 2803
f 2804 63 2801
f 2803 2802 2805
f 2806 2807 2808
f 2808 2807 2809
f 2810 2811 2812
f 2813 2814 73
f 2812 2815 2816
f 2814 2817 2818
f 2816 2815 2819
f 2818 2817 2820
f 2821 2822 2823
f 2824 2825 2826
f 2822 2821 2827
f 2826 2828 2829
f 2829 2830 2831
f 2831 2830 2832
f 2833 2669 2834
f 2835 2684 2686
f 2687 2836 2837
f 2684 2838 2689
f 2687 2839 2691
f 2689 2840 2693
f 2841 2842 2695
f 2693 2843 2696
f 2844 2699 2698
f 2845 2701 2843
f 2699 2846 2702
f 2845 2847 2848
f 2704 2846 2849
f 2850 2706 2708
f 2851 2852 2709
f 2710 2850 2853
f 2852 2854 2855
f 2856 2712 2853
f 2857 2714 2713
f 2858 2716 2718
f 2859 2860 2719
f 2716 2861 2720
f 2862 2722 2721
f 2720 2863 2864
f 2865 2866 2724
f 2867 2725 2727
f 2865 2731 2866
f 2868 2869 2728
f 2729 2870 2871
f 2872 2733 2732
f 2873 2874 2735
f 2875 2876 2736
f 2877 2738 2873
f 2875 2878 2876
f 2739 2879 2744
f 2880 2742 2741
f 2881 2882 2745
f 2742 2883 2746
f 2882 2884 2885
f 2748 2883 2886
f 2887 2751 2884
f 2888 2889 2753
f 2758 2887 2890
f 2891 2756 2755
f 2762 2890 2892
f 2760 2891 2893
f 2762 2894 2766
f 2760 2895 2764
f 2896 2897 2767
f 2768 2895 2898
f 2899 2771 2896
f 2768 2900 2773
f 2901 2902 2775
f 2903 2904 2776
f 2905 2778 2901
f 2904 2906 2907
f 2781 2905 2908
f 2906 2909 2907
f 2910 2911 2782
f 2912 2784 2783
f 2910 2913 2911
f 2786 2912 2914
f 2915 2916 2913
f 2786 2917 2788
f 2918 2791 2919
f 2920 2921 2793
f 2922 2923 2794
f 2921 2924 2925
f 2926 2796 2922
f 2927 2799 2798
f 2804 2926 2928
f 2799 2929 2802
f 2928 63 2804
f 2930 2931 2805
f 2932 2807 2806
f 2933 2934 2809
f 2935 2811 2810
f 2936 2813 73
f 2815 2935 2937
f 2813 2938 2817
f 2939 2940 2819
f 2941 2820 2938
f 2939 2942 2940
f 2943 2821 2823
f 2944 2825 2824
f 2945 2827 2943
f 2828 2944 2946
f 2947 2948 2949
f 2828 2950 2830
f 2949 2951 2952
f 2953 2954 2832
f 2955 2833 2834
f 2954 2956 2957
f 2833 2958 2670
f 2956 2959 2957
f 2960 2672 2958
f 2961 2674 2673
f 2962 2676 2678
f 2679 2961 2963
f 2964 2681 2962
f 2679 2836 2682
f 2844 2965 2846
f 2966 2967 2968
f 2849 2965 2969
f 2850 2968 2970
f 2849 2971 2851
f 2850 2972 2853
f 2851 2973 2854
f 2853 2974 2856
f 2857 2973 2975
f 2858 2974 2976
f 2857 2977 2859
f 2858 2978 2861
f 2862 2977 2979
f 2861 2980 2863
f 2862 2981 2865
f 2867 2980 2982
f 2870 2981 2983
f 2867 2984 2868
f 2871 2983 2985
f 2872 2984 2986
f 2871 2987 2873
f 2872 2988 2875
f 2877 2987 2989
f 2990 2988 2991
f 2877 2992 2879
f 2880 2991 2993
f 2879 2994 2881
f 2880 2995 2883
f 2881 2996 2884
f 2886 2995 2997
f 2887 2996 2998
f 2886 2999 2888
f 2887 3000 2890
f 2891 2999 3001
f 2892 3000 3002
f 2893 3001 3003
f 2892 3004 2894
f 2893 3005 2895
f 2894 3006 2896
f 2898 3005 3007
f 2899 3006 3008
f 2898 3009 2900
f 2899 3010 2901
f 2900 3011 2903
f 2905 3010 3012
f 2903 3013 2906
f 2908 3012 3014
f 3015 3013 3016
f 2908 3017 2910
f 2912 3016 3018
f 2915 3017 3019
f 2914 3018 3020
f 2915 3021 2919
f 2914 3022 2917
f 2918 3021 3023
f 2917 3024 2920
f 2918 3025 2922
f 2920 3026 2924
f 2922 3027 2926
f 2927 3026 3028
f 2926 3029 2928
f 2927 3030 2929
f 3029 63 2928
f 2929 3031 2930
f 2932 3031 3032
f 2932 3033 2933
f 2935 3033 3034
f 3035 2936 73
f 2937 3034 3036
f 2938 3035 3037
f 2937 3038 2939
f 2938 3039 2941
f 3040 3038 3041
f 2943 3039 3042
f 2944 3041 3043
f 2943 3044 2945
f 2946 3043 3045
f 2948 3044 3046
f 2946 3047 2950
f 2948 3048 2951
f 2950 3049 2953
f 2955 3048 3050
f 2953 3051 2956
f 2955 3052 2958
f 3053 3051 3054
f 2958 3055 2960
f 2961 3054 3056
f 2962 3055 3057
f 2963 3056 3058
f 2962 3059 2964
f 2963 3060 2836
f 2835 3059 3061
f 2837 3060 3062
f 2838 3061 3063
f 2837 3064 2839
f 2838 3065 2840
f 2839 3066 2841
f 2840 3067 2843
f 2844 3066 3068
f 2843 2967 2845
f 2976 3069 3070
f 2975 3071 2977
f 2976 3072 2978
f 2979 3071 3073
f 2978 3074 2980
f 2979 3075 2981
f 2982 3074 3076
f 2983 3075 3077
f 2982 3078 2984
f 2985 3077 3079
f 2986 3078 3080
f 2985 3081 2987
f 2986 3082 2988
f 2989 3081 3083
f 2991 3082 3084
f 2989 3085 2992
f 2993 3084 3086
f 2992 3087 2994
f 2993 3088 2995
f 2994 3089 2996
f 2997 3088 3090
f 2998 3089 3091
f 2997 3092 2999
f 2998 3093 3000
f 3001 3092 3094
f 3002 3093 3095
f 3003 3094 3096
f 3004 3095 3097
f 3003 3098 3005
f 3004 3099 3006
f 3007 3098 3100
f 3008 3099 3101
f 3007 3102 3009
f 3008 3103 3010
f 3009 3104 3011
f 3012 3103 3105
f 3011 3106 3013
f 3014 3105 3107
f 3016 3106 3108
f 3014 3109 3017
f 3018 3108 3110
f 3019 3109 3111
f 3020 3110 3112
f 3019 3113 3021
f 3020 3114 3022
f 3021 3115 3023
f 3022 3116 3024
f 3023 3117 3025
f 3024 3118 3026
f 3027 3117 3119
f 3028 3118 3120
f 3029 3119 3121
f 3028 3122 3030
f 3121 63 3029
f 3030 3123 3031
f 3032 3123 3124
f 3032 3125 3033
f 3034 3125 3126
f 3127 3035 73
f 3036 3126 3128
f 3035 3129 3037
f 3036 3130 3038
f 3037 3131 3039
f 3041 3130 3132
f 3039 3133 3042
f 3043 3132 3134
f 3042 3135 3044
f 3045 3134 3136
f 3046 3135 3137
f 3045 3138 3047
f 3046 3139 3048
f 3047 3140 3049
f 3050 3139 3141
f 3049 3142 3051
f 3050 3143 3052
f 3054 3142 3144
f 3052 3145 3055
f 3056 3144 3146
f 3057 3145 3147
f 3058 3146 3148
f 3057 3149 3059
f 3058 3150 3060
f 3061 3149 3151
f 3062 3150 3152
f 3061 3153 3063
f 3062 3154 3064
f 3063 3155 3065
f 3064 3156 3066
f 3065 3157 3067
f 3068 3156 3158
f 3067 3159 2967
f 3068 3160 2965
f 2968 3159 3161
f 2969 3160 3162
f 2970 3161 3163
f 2969 3164 2971
f 2972 3163 3165
f 2971 3166 2973
f 2972 3069 2974
f 2975 3166 3167
f 3079 3168 3169
f 3080 3170 3171
f 3079 3172 3081
f 3080 3173 3082
f 3083 3172 3174
f 3084 3173 3175
f 3083 3176 3085
f 3086 3175 3177
f 3085 3178 3087
f 3086 3179 3088
f 3087 3180 3089
f 3090 3179 3181
f 3091 3180 3182
f 3090 3183 3092
f 3091 3184 3093
f 3094 3183 3185
f 3095 3184 3186
f 3096 3185 3187
f 3095 3188 3097
f 3096 3189 3098
f 3097 3190 3099
f 3100 3189 3191
f 3101 3190 3192
f 3100 3193 3102
f 3101 3194 3103
f 3102 3195 3104
f 3105 3194 3196
f 3104 3197 3106
f 3107 3196 3198
f 3108 3197 3199
f 3107 3200 3109
f 3110 3199 3201
f 3109 3202 3111
f 3112 3201 3203
f 3111 3204 3113
f 3112 3205 3114
f 3115 3204 3206
f 3114 3207 3116
f 3115 3208 3117
f 3116 3209 3118
f 3119 3208 3210
f 3120 3209 3211
f 3119 3212 3121
f 3120 3213 3122
f 3212 63 3121
f 3122 3214 3123
f 3124 3214 3215
f 3124 3216 3125
f 3126 3216 3217
f 3218 3127 73
f 3128 3217 3219
f 3127 3220 3129
f 3128 3221 3130
f 3129 3222 3131
f 3132 3221 3223
f 3133 3222 3224
f 3134 3223 3225
f 3133 3226 3135
f 3136 3225 3227
f 3137 3226 3228
f 3136 3229 3138
f 3139 3228 3230
f 3138 3231 3140
f 3141 3230 3232
f 3140 3233 3142
f 3141 3234 3143
f 3144 3233 3235
f 3143 3236 3145
f 3146 3235 3237
f 3147 3236 3238
f 3148 3237 3239
f 3147 3240 3149
f 3148 3241 3150
f 3151 3240 3242
f 3152 3241 3243
f 3151 3244 3153
f 3152 3245 3154
f 3153 3246 3155
f 3154 3247 3156
f 3157 3246 3248
f 3158 3247 3249
f 3157 3250 3159
f 3158 3251 3160
f 3161 3250 3252
f 3162 3251 3253
f 3163 3252 3254
f 3162 3255 3164
f 3165 3254 3256
f 3164 3257 3166
f 3165 3258 3069
f 3167 3257 3259
f 3070 3258 3260
f 3167 3261 3071
f 3070 3262 3072
f 3073 3261 3263
f 3072 3264 3074
f 3073 3265 3075
f 3076 3264 3266
f 3077 3265 3168
f 3076 3170 3078
f 3178 3267 3180
f 3181 3268 3269
f 3182 3267 3270
f 3181 3271 3183
f 3184 3270 3272
f 3185 3271 3273
f 3186 3272 3274
f 3187 3273 3275
f 3188 3274 3276
f 3189 3275 3277
f 3188 3278 3190
f 3191 3277 3279
f 3192 3278 3280
f 3191 3281 3193
f 3192 3282 3194
f 3193 3283 3195
f 3196 3282 3284
f 3195 3285 3197
f 3198 3284 3286
f 3199 3285 3287
f 3198 3288 3200
f 3201 3287 3289
f 3202 3288 3290
f 3203 3289 3291
f 3202 3292 3204
f 3203 3293 3205
f 3206 3292 3294
f 3205 3295 3207
f 3206 3296 3208
f 3207 3297 3209
f 3210 3296 3298
f 3211 3297 3299
f 3210 3300 3212
f 3211 3301 3213
f 3300 63 3212
f 3213 3302 3214
f 3215 3302 3303
f 3215 3304 3216
f 3217 3304 3305
f 3306 3218 73
f 3219 3305 3307
f 3218 3308 3220
f 3219 3309 3221
f 3220 3310 3222
f 3223 3309 3311
f 3224 3310 3312
f 3225 3311 3313
f 3224 3314 3226
f 3227 3313 3315
f 3228 3314 3316
f 3227 3317 3229
f 3228 3318 3230
f 3229 3319 3231
f 3232 3318 3320
f 3231 3321 3233
f 3232 3322 3234
f 3235 3321 3323
f 3234 3324 3236
f 3237 3323 3325
f 3238 3324 3326
f 3239 3325 3327
f 3238 3328 3240
f 3239 3329 3241
f 3242 3328 3330
f 3241 3331 3243
f 3242 3332 3244
f 3243 3333 3245
f 3244 3334 3246
f 3245 3335 3247
f 3246 3336 3248
f 3249 3335 3337
f 3248 3338 3250
f 3249 3339 3251
f 3252 3338 3340
f 3253 3339 3341
f 3254 3340 3342
f 3253 3343 3255
f 3256 3342 3344
f 3255 3345 3257
f 3256 3346 3258
f 3259 3345 3347
f 3260 3346 3348
f 3259 3349 3261
f 3260 3350 3262
f 3263 3349 3351
f 3262 3352 3264
f 3263 3353 3265
f 3266 3352 3354
f 3168 3353 3355
f 3266 3356 3170
f 3169 3355 3357
f 3171 3356 3358
f 3169 3359 3172
f 3171 3360 3173
f 3174 3359 3361
f 3175 3360 3362
f 3174 3363 3176
f 3177 3362 3364
f 3176 3365 3178
f 3177 3268 3179
f 3277 3366 3367
f 3276 3368 3278
f 3279 3367 3369
f 3280 3368 3370
f 3279 3371 3281
f 3280 3372 3282
f 3281 3373 3283
f 3284 3372 3374
f 3283 3375 3285
f 3284 3376 3286
f 3287 3375 3377
f 3286 3378 3288
f 3289 3377 3379
f 3288 3380 3290
f 3291 3379 3381
f 3290 3382 3292
f 3291 3383 3293
f 3294 3382 3384
f 3293 3385 3295
f 3294 3386 3296
f 3295 3387 3297
f 3298 3386 3388
f 3299 3387 3389
f 3298 3390 3300
f 3299 3391 3301
f 3390 63 3300
f 3301 3392 3302
f 3303 3392 3393
f 3303 3394 3304
f 3305 3394 3395
f 3396 3306 73
f 3307 3395 3397
f 3308 3396 3398
f 3307 3399 3309
f 3308 3400 3310
f 3311 3399 3401
f 3310 3402 3312
f 3313 3401 3403
f 3312 3404 3314
f 3315 3403 3405
f 3316 3404 3406
f 3315 3407 3317
f 3318 3406 3408
f 3317 3409 3319
f 3320 3408 3410
f 3319 3411 3321
f 3320 3412 3322
f 3323 3411 3413
f 3322 3414 3324
f 3325 3413 3415
f 3326 3414 3416
f 3327 3415 3417
f 3326 3418 3328
f 3327 3419 3329
f 3330 3418 3420
f 3331 3419 3421
f 3330 3422 3332
f 3331 3423 3333
f 3332 3424 3334
f 3333 3425 3335
f 3336 3424 3426
f 3337 3425 3427
f 3336 3428 3338
f 3337 3429 3339
f 3340 3428 3430
f 3341 3429 3431
f 3342 3430 3432
f 3341 3433 3343
f 3344 3432 3434
f 3343 3435 3345
f 3344 3436 3346
f 3347 3435 3437
f 3348 3436 3438
f 3347 3439 3349
f 3348 3440 3350
f 3351 3439 3441
f 3350 3442 3352
f 3351 3443 3353
f 3354 3442 3444
f 3355 3443 3445
f 3354 3446 3356
f 3357 3445 3447
f 3358 3446 3448
f 3357 3449 3359
f 3358 3450 3360
f 3361 3449 3451
f 3362 3450 3452
f 3361 3453 3363
f 3364 3452 3454
f 3363 3455 3365
f 3364 3456 3268
f 3365 3457 3267
f 3269 3456 3458
f 3270 3457 3459
f 3269 3460 3271
f 3270 3461 3272
f 3273 3460 3462
f 3274 3461 3463
f 3275 3462 3366
f 3276 3463 3464
f 3376 3465 3466
f 3377 3467 3468
f 3376 3469 3378
f 3379 3468 3470
f 3378 3471 3380
f 3381 3470 3472
f 3382 3471 3473
f 3381 3474 3383
f 3382 3475 3384
f 3383 3476 3385
f 3384 3477 3386
f 3385 3478 3387
f 3386 3479 3388
f 3389 3478 3480
f 3390 3479 3481
f 3389 3482 3391
f 3481 63 3390
f 3391 3483 3392
f 3393 3483 3484
f 3393 3485 3394
f 3395 3485 3486
f 3487 3396 73
f 3397 3486 3488
f 3396 3489 3398
f 3397 3490 3399
f 3398 3491 3400
f 3401 3490 3492
f 3402 3491 3493
f 3403 3492 3494
f 3402 3495 3404
f 3405 3494 3496
f 3406 3495 3497
f 3405 3498 3407
f 3406 3499 3408
f 3407 3500 3409
f 3410 3499 3501
f 3409 3502 3411
f 3410 3503 3412
f 3411 3504 3413
f 3412 3505 3414
f 3415 3504 3506
f 3416 3505 3507
f 3417 3506 3508
f 3416 3509 3418
f 3417 3510 3419
f 3420 3509 3511
f 3419 3512 3421
f 3420 3513 3422
f 3421 3514 3423
f 3422 3515 3424
f 3423 3516 3425
f 3426 3515 3517
f 3427 3516 3518
f 3426 3519 3428
f 3427 3520 3429
f 3430 3519 3521
f 3431 3520 3522
f 3432 3521 3523
f 3431 3524 3433
f 3434 3523 3525
f 3433 3526 3435
f 3434 3527 3436
f 3437 3526 3528
f 3438 3527 3529
f 3437 3530 3439
f 3438 3531 3440
f 3441 3530 3532
f 3440 3533 3442
f 3441 3534 3443
f 3444 3533 3535
f 3445 3534 3536
f 3444 3537 3446
f 3447 3536 3538
f 3448 3537 3539
f 3447 3540 3449
f 3448 3541 3450
f 3451 3540 3542
f 3452 3541 3543
f 3451 3544 3453
f 3454 3543 3545
f 3453 3546 3455
f 3454 3547 3456
f 3455 3548 3457
f 3458 3547 3549
f 3459 3548 3550
f 3458 3551 3460
f 3459 3552 3461
f 3462 3551 3553
f 3463 3552 3554
f 3366 3553 3555
f 3464 3554 3556
f 3366 3557 3367
f 3464 3558 3368
f 3369 3557 3559
f 3370 3558 3560
f 3369 3561 3371
f 3370 3562 3372
f 3371 3563 3373
f 3374 3562 3465
f 3375 3563 3467
f 3546 3564 3548
f 3549 3565 3566
f 3550 3564 3567
f 3549 3568 3551
f 3552 3567 3569
f 3553 3568 3570
f 3554 3569 3571
f 3555 3570 3572
f 3554 3573 3556
f 3557 3572 3574
f 3556 3575 3558
f 3559 3574 3576
f 3560 3575 3577
f 3559 3578 3561
f 3560 3579 3562
f 3561 3580 3563
f 3465 3579 3581
f 3467 3580 3582
f 3466 3581 3583
f 3468 3582 3584
f 3466 3585 3469
f 3470 3584 3586
f 3469 3587 3471
f 3472 3586 3588
f 3471 3589 3473
f 3472 3590 3474
f 3475 3589 3591
f 3474 3592 3476
f 3475 3593 3477
f 3476 3594 3478
f 3479 3593 3595
f 3480 3594 3596
f 3479 3597 3481
f 3480 3598 3482
f 3597 63 3481
f 3482 3599 3483
f 3484 3599 3600
f 3484 3601 3485
f 3486 3601 3602
f 3603 3487 73
f 3488 3602 3604
f 3489 3603 3605
f 3488 3606 3490
f 3489 3607 3491
f 3492 3606 3608
f 3491 3609 3493
f 3494 3608 3610
f 3493 3611 3495
f 3496 3610 3612
f 3497 3611 3613
f 3496 3614 3498
f 3499 3613 3615
f 3498 3616 3500
f 3501 3615 3617
f 3500 3618 3502
f 3501 3619 3503
f 3502 3620 3504
f 3503 3621 3505
f 3506 3620 3622
f 3507 3621 3623
f 3508 3622 3624
f 3507 3625 3509
f 3508 3626 3510
f 3511 3625 3627
f 3512 3626 3628
f 3513 3627 3629
f 3512 3630 3514
f 3513 3631 3515
f 3514 3632 3516
f 3515 3633 3517
f 3518 3632 3634
f 3517 3635 3519
f 3518 3636 3520
f 3521 3635 3637
f 3522 3636 3638
f 3523 3637 3639
f 3522 3640 3524
f 3525 3639 3641
f 3524 3642 3526
f 3525 3643 3527
f 3528 3642 3644
f 3529 3643 3645
f 3528 3646 3530
f 3529 3647 3531
f 3532 3646 3648
f 3531 3649 3533
f 3532 3650 3534
f 3535 3649 3651
f 3536 3650 3652
f 3535 3653 3537
f 3538 3652 3654
f 3539 3653 3655
f 3538 3656 3540
f 3539 3657 3541
f 3542 3656 3658
f 3543 3657 3659
f 3542 3660 3544
f 3545 3659 3661
f 3544 3662 3546
f 3545 3565 3547
f 3574 3663 3664
f 3573 3665 3575
f 3576 3664 3666
f 3577 3665 3667
f 3576 3668 3578
f 3577 3669 3579
f 3578 3670 3580
f 3581 3669 3671
f 3582 3670 3672
f 3583 3671 3673
f 3584 3672 3674
f 3583 3675 3585
f 3586 3674 3676
f 3587 3675 3677
f 3588 3676 3678
f 3587 3679 3589
f 3588 3680 3590
f 3591 3679 3681
f 3590 3682 3592
f 3591 3683 3593
f 3592 3684 3594
f 3593 3685 3595
f 3596 3684 3686
f 3595 3687 3597
f 3596 3688 3598
f 3687 63 3597
f 3598 3689 3599
f 3600 3689 3690
f 3600 3691 3601
f 3602 3691 3692
f 3693 3603 73
f 3604 3692 3694
f 3605 3693 3695
f 3604 3696 3606
f 3605 3697 3607
f 3608 3696 3698
f 3609 3697 3699
f 3610 3698 3700
f 3609 3701 3611
f 3612 3700 3702
f 3613 3701 3703
f 3612 3704 3614
f 3613 3705 3615
f 3614 3706 3616
f 3617 3705 3707
f 3616 3708 3618
f 3617 3709 3619
f 3618 3710 3620
f 3619 3711 3621
f 3622 3710 3712
f 3623 3711 3713
f 3624 3712 3714
f 3623 3715 3625
f 3624 3716 3626
f 3627 3715 3717
f 3626 3718 3628
f 3629 3717 3719
f 3628 3720 3630
f 3629 3721 3631
f 3630 3722 3632
f 3631 3723 3633
f 3634 3722 3724
f 3633 3725 3635
f 3634 3726 3636
f 3637 3725 3727
f 3638 3726 3728
f 3639 3727 3729
f 3638 3730 3640
f 3641 3729 3731
f 3640 3732 3642
f 3641 3733 3643
f 3644 3732 3734
f 3645 3733 3735
f 3644 3736 3646
f 3645 3737 3647
f 3648 3736 3738
f 3647 3739 3649
f 3648 3740 3650
f 3651 3739 3741
f 3652 3740 3742
f 3651 3743 3653
f 3654 3742 3744
f 3655 3743 3745
f 3654 3746 3656
f 3655 3747 3657
f 3658 3746 3748
f 3659 3747 3749
f 3658 3750 3660
f 3661 3749 3751
f 3660 3752 3662
f 3661 3753 3565
f 3662 3754 3564
f 3566 3753 3755
f 3567 3754 3756
f 3566 3757 3568
f 3569 3756 3758
f 3570 3757 3759
f 3571 3758 3760
f 3572 3759 3663
f 3571 3761 3573
f 3673 3762 3763
f 3674 3764 3765
f 3673 3766 3675
f 3676 3765 3767
f 3675 3768 3677
f 3678 3767 3769
f 3677 3770 3679
f 3678 3771 3680
f 3681 3770 3772
f 3680 3773 3682
f 3681 3774 3683
f 3682 3775 3684
f 3685 3774 3776
f 3686 3775 3777
f 3687 3776 3778
f 3686 3779 3688
f 3778 63 3687
f 3688 3780 3689
f 3690 3780 3781
f 3690 3782 3691
f 3692 3782 3783
f 3784 3693 73
f 3694 3783 3785
f 3693 3786 3695
f 3694 3787 3696
f 3695 3788 3697
f 3698 3787 3789
f 3699 3788 3790
f 3700 3789 3791
f 3699 3792 3701
f 3702 3791 3793
f 3703 3792 3794
f 3702 3795 3704
f 3705 3794 3796
f 3704 3797 3706
f 3707 3796 3798
f 3706 3799 3708
f 3707 3800 3709
f 3710 3799 3801
f 3709 3802 3711
f 3712 3801 3803
f 3713 3802 3804
f 3714 3803 3805
f 3713 3806 3715
f 3714 3807 3716
f 3717 3806 3808
f 3718 3807 3809
f 3719 3808 3810
f 3718 3811 3720
f 3719 3812 3721
f 3720 3813 3722
f 3721 3814 3723
f 3724 3813 3815
f 3723 3816 3725
f 3724 3817 3726
f 3727 3816 3818
f 3728 3817 3819
f 3729 3818 3820
f 3728 3821 3730
f 3731 3820 3822
f 3730 3823 3732
f 3731 3824 3733
f 3734 3823 3825
f 3735 3824 3826
f 3734 3827 3736
f 3735 3828 3737
f 3738 3827 3829
f 3737 3830 3739
f 3738 3831 3740
f 3741 3830 3832
f 3742 3831 3833
f 3741 3834 3743
f 3744 3833 3835
f 3745 3834 3836
f 3744 3837 3746
f 3745 3838 3747
f 3748 3837 3839
f 3749 3838 3840
f 3748 3841 3750
f 3751 3840 3842
f 3750 3843 3752
f 3751 3844 3753
f 3752 3845 3754
f 3755 3844 3846
f 3756 3845 3847
f 3755 3848 3757
f 3758 3847 3849
f 3759 3848 3850
f 3760 3849 3851
f 3663 3850 3852
f 3761 3851 3853
f 3663 3854 3664
f 3761 3855 3665
f 3666 3854 3856
f 3667 3855 3857
f 3666 3858 3668
f 3667 3859 3669
f 3668 3860 3670
f 3671 3859 3762
f 3670 3764 3672
f 3771 3861 3773
f 3772 3862 3774
f 3773 3863 3775
f 3776 3862 3864
f 3777 3863 3865
f 3776 3866 3778
f 3777 3867 3779
f 3866 63 3778
f 3779 3868 3780
f 3781 3868 3869
f 3781 3870 3782
f 3783 3870 3871
f 3872 3784 73
f 3785 3871 3873
f 3786 3872 3874
f 3785 3875 3787
f 3786 3876 3788
f 3789 3875 3877
f 3790 3876 3878
f 3791 3877 3879
f 3790 3880 3792
f 3793 3879 3881
f 3794 3880 3882
f 3793 3883 3795
f 3796 3882 3884
f 3797 3883 3885
f 3798 3884 3886
f 3797 3887 3799
f 3798 3888 3800
f 3801 3887 3889
f 3800 3890 3802
f 3803 3889 3891
f 3804 3890 3892
f 3805 3891 3893
f 3804 3894 3806
f 3805 3895 3807
f 3808 3894 3896
f 3809 3895 3897
f 3808 3898 3810
f 3809 3899 3811
f 3810 3900 3812
f 3811 3901 3813
f 3812 3902 3814
f 3815 3901 3903
f 3814 3904 3816
f 3815 3905 3817
f 3818 3904 3906
f 3819 3905 3907
f 3818 3908 3820
f 3819 3909 3821
f 3822 3908 3910
f 3821 3911 3823
f 3822 3912 3824
f 3825 3911 3913
f 3826 3912 3914
f 3825 3915 3827
f 3826 3916 3828
f 3829 3915 3917
f 3828 3918 3830
f 3829 3919 3831
f 3832 3918 3920
f 3833 3919 3921
f 3832 3922 3834
f 3835 3921 3923
f 3836 3922 3924
f 3835 3925 3837
f 3836 3926 3838
f 3839 3925 3927
f 3840 3926 3928
f 3839 3929 3841
f 3842 3928 3930
f 3843 3929 3931
f 3842 3932 3844
f 3843 3933 3845
f 3846 3932 3934
f 3847 3933 3935
f 3846 3936 3848
f 3849 3935 3937
f 3850 3936 3938
f 3851 3937 3939
f 3852 3938 3940
f 3851 3941 3853
f 3852 3942 3854
f 3853 3943 3855
f 3856 3942 3944
f 3857 3943 3945
f 3856 3946 3858
f 3857 3947 3859
f 3858 3948 3860
f 3762 3947 3949
f 3860 3950 3764
f 3763 3949 3951
f 3765 3950 3952
f 3763 3953 3766
f 3765 3954 3767
f 3766 3955 3768
f 3769 3954 3956
f 3768 3957 3770
f 3769 3958 3771
f 3772 3957 3959
f 3869 3960 3961
f 3870 3961 3962
f 3871 3962 3963
f 3964 3872 73
f 3873 3963 3965
f 3874 3964 3966
f 3873 3967 3875
f 3874 3968 3876
f 3877 3967 3969
f 3878 3968 3970
f 3879 3969 3971
f 3878 3972 3880
f 3881 3971 3973
f 3882 3972 3974
f 3881 3975 3883
f 3882 3976 3884
f 3885 3975 3977
f 3886 3976 3978
f 3885 3979 3887
f 3886 3980 3888
f 3889 3979 3981
f 3888 3982 3890
f 3891 3981 3983
f 3892 3982 3984
f 3893 3983 3985
f 3892 3986 3894
f 3893 3987 3895
f 3896 3986 3988
f 3897 3987 3989
f 3898 3988 3990
f 3897 3991 3899
f 3898 3992 3900
f 3899 3993 3901
f 3902 3992 3994
f 3903 3993 3995
f 3902 3996 3904
f 3903 3997 3905
f 3906 3996 3998
f 3907 3997 3999
f 3908 3998 4000
f 3907 4001 3909
f 3910 4000 4002
f 3909 4003 3911
f 3910 4004 3912
f 3913 4003 4005
f 3914 4004 4006
f 3913 4007 3915
f 3914 4008 3916
f 3917 4007 4009
f 3916 4010 3918
f 3917 4011 3919
f 3920 4010 4012
f 3921 4011 4013
f 3920 4014 3922
f 3923 4013 4015
f 3924 4014 4016
f 3923 4017 3925
f 3924 4018 3926
f 3927 4017 4019
f 3928 4018 4020
f 3927 4021 3929
f 3930 4020 4022
f 3929 4023 3931
f 3930 4024 3932
f 3931 4025 3933
f 3934 4024 4026
f 3935 4025 4027
f 3934 4028 3936
f 3935 4029 3937
f 3938 4028 4030
f 3939 4029 4031
f 3940 4030 4032
f 3939 4033 3941
f 3940 4034 3942
f 3941 4035 3943
f 3944 4034 4036
f 3945 4035 4037
f 3944 4038 3946
f 3945 4039 3947
f 3946 4040 3948
f 3949 4039 4041
f 3948 4042 3950
f 3951 4041 4043
f 3952 4042 4044
f 3951 4045 3953
f 3954 4044 4046
f 3953 4047 3955
f 3956 4046 4048
f 3955 4049 3957
f 3956 4050 3958
f 3959 4049 4051
f 3958 4052 3861
f 3959 4053 3862
f 3861 4054 3863
f 3862 4055 3864
f 3865 4054 4056
f 3864 4057 3866
f 3865 4058 3867
f 4057 63 3866
f 3867 3960 3868
f 3966 4059 3968
f 3969 4060 4061
f 3968 4062 3970
f 3971 4061 4063
f 3970 4064 3972
f 3971 4065 3973
f 3974 4064 4066
f 3973 4067 3975
f 3974 4068 3976
f 3975 4069 3977
f 3978 4068 4070
f 3977 4071 3979
f 3978 4072 3980
f 3981 4071 4073
f 3980 4074 3982
f 3983 4073 4075
f 3984 4074 4076
f 3985 4075 4077
f 3984 4078 3986
f 3985 4079 3987
f 3988 4078 4080
f 3989 4079 4081
f 3990 4080 4082
f 3989 4083 3991
f 3990 4084 3992
f 3991 4085 3993
f 3994 4084 4086
f 3995 4085 4087
f 3994 4088 3996
f 3995 4089 3997
f 3998 4088 4090
f 3999 4089 4091
f 4000 4090 4092
f 3999 4093 4001
f 4002 4092 4094
f 4001 4095 4003
f 4002 4096 4004
f 4005 4095 4097
f 4006 4096 4098
f 4005 4099 4007
f 4006 4100 4008
f 4009 4099 4101
f 4008 4102 4010
f 4009 4103 4011
f 4012 4102 4104
f 4013 4103 4105
f 4012 4106 4014
f 4015 4105 4107
f 4016 4106 4108
f 4015 4109 4017
f 4016 4110 4018
f 4019 4109 4111
f 4020 4110 4112
f 4019 4113 4021
f 4022 4112 4114
f 4021 4115 4023
f 4022 4116 4024
f 4023 4117 4025
f 4026 4116 4118
f 4027 4117 4119
f 4026 4120 4028
f 4027 4121 4029
f 4030 4120 4122
f 4031 4121 4123
f 4032 4122 4124
f 4031 4125 4033
f 4032 4126 4034
f 4033 4127 4035
f 4036 4126 4128
f 4037 4127 4129
f 4036 4130 4038
f 4037 4131 4039
f 4038 4132 4040
f 4041 4131 4133
f 4040 4134 4042
f 4043 4133 4135
f 4044 4134 4136
f 4043 4137 4045
f 4044 4138 4046
f 4047 4137 4139
f 4048 4138 4140
f 4047 4141 4049
f 4050 4140 4142
f 4051 4141 4143
f 4050 4144 4052
f 4051 4145 4053
f 4052 4146 4054
f 4055 4145 4147
f 4056 4146 4148
f 4055 4149 4057
f 4056 4150 4058
f 4149 63 4057
f 4058 4151 3960
f 3961 4151 4152
f 3961 4153 3962
f 3963 4153 4154
f 4155 3964 73
f 3965 4154 4156
f 3966 4155 4157
f 3965 4060 3967
f 4067 4158 4069
f 4070 4159 4160
f 4069 4161 4071
f 4070 4162 4072
f 4073 4161 4163
f 4072 4164 4074
f 4075 4163 4165
f 4076 4164 4166
f 4077 4165 4167
f 4076 4168 4078
f 4077 4169 4079
f 4080 4168 4170
f 4081 4169 4171
f 4082 4170 4172
f 4081 4173 4083
f 4082 4174 4084
f 4083 4175 4085
f 4086 4174 4176
f 4087 4175 4177
f 4086 4178 4088
f 4087 4179 4089
f 4090 4178 4180
f 4091 4179 4181
f 4092 4180 4182
f 4091 4183 4093
f 4094 4182 4184
f 4093 4185 4095
f 4094 4186 4096
f 4097 4185 4187
f 4098 4186 4188
f 4097 4189 4099
f 4098 4190 4100
f 4101 4189 4191
f 4100 4192 4102
f 4101 4193 4103
f 4104 4192 4194
f 4105 4193 4195
f 4104 4196 4106
f 4107 4195 4197
f 4108 4196 4198
f 4107 4199 4109
f 4108 4200 4110
f 4111 4199 4201
f 4112 4200 4202
f 4111 4203 4113
f 4114 4202 4204
f 4113 4205 4115
f 4114 4206 4116
f 4115 4207 4117
f 4118 4206 4208
f 4119 4207 4209
f 4118 4210 4120
f 4119 4211 4121
f 4122 4210 4212
f 4123 4211 4213
f 4124 4212 4214
f 4123 4215 4125
f 4124 4216 4126
f 4125 4217 4127
f 4128 4216 4218
f 4129 4217 4219
f 4128 4220 4130
f 4129 4221 4131
f 4130 4222 4132
f 4133 4221 4223
f 4132 4224 4134
f 4135 4223 4225
f 4136 4224 4226
f 4135 4227 4137
f 4138 4226 4228
f 4137 4229 4139
f 4140 4228 4230
f 4139 4231 4141
f 4140 4232 4142
f 4143 4231 4233
f 4142 4234 4144
f 4143 4235 4145
f 4144 4236 4146
f 4145 4237 4147
f 4148 4236 4238
f 4147 4239 4149
f 4148 4240 4150
f 4239 63 4149
f 4150 4241 4151
f 4152 4241 4242
f 4152 4243 4153
f 4154 4243 4244
f 4245 4155 73
f 4156 4244 4246
f 4155 4247 4157
f 4156 4248 4060
f 4157 4249 4059
f 4061 4248 4250
f 4062 4249 4251
f 4063 4250 4252
f 4062 4253 4064
f 4063 4254 4065
f 4066 4253 4255
f 4065 4256 4067
f 4068 4255 4159
f 4166 4257 4168
f 4167 4258 4169
f 4170 4257 4259
f 4171 4258 4260
f 4172 4259 4261
f 4171 4262 4173
f 4172 4263 4174
f 4173 4264 4175
f 4176 4263 4265
f 4177 4264 4266
f 4176 4267 4178
f 4177 4268 4179
f 4180 4267 4269
f 4181 4268 4270
f 4182 4269 4271
f 4181 4272 4183
f 4184 4271 4273
f 4183 4274 4185
f 4184 4275 4186
f 4187 4274 4276
f 4188 4275 4277
f 4187 4278 4189
f 4188 4279 4190
f 4191 4278 4280
f 4190 4281 4192
f 4191 4282 4193
f 4194 4281 4283
f 4195 4282 4284
f 4194 4285 4196
f 4197 4284 4286
f 4198 4285 4287
f 4197 4288 4199
f 4198 4289 4200
f 4201 4288 4290
f 4202 4289 4291
f 4201 4292 4203
f 4204 4291 4293
f 4203 4294 4205
f 4204 4295 4206
f 4205 4296 4207
f 4208 4295 4297
f 4209 4296 4298
f 4208 4299 4210
f 4209 4300 4211
f 4212 4299 4301
f 4213 4300 4302
f 4214 4301 4303
f 4213 4304 4215
f 4214 4305 4216
f 4215 4306 4217
f 4218 4305 4307
f 4219 4306 4308
f 4218 4309 4220
f 4219 4310 4221
f 4220 4311 4222
f 4223 4310 4312
f 4222 4313 4224
f 4225 4312 4314
f 4226 4313 4315
f 4225 4316 4227
f 4228 4315 4317
f 4227 4318 4229
f 4230 4317 4319
f 4229 4320 4231
f 4230 4321 4232
f 4233 4320 4322
f 4232 4323 4234
f 4233 4324 4235
f 4234 4325 4236
f 4235 4326 4237
f 4238 4325 4327
f 4237 4328 4239
f 4240 4327 4329
f 4328 63 4239
f 4240 4330 4241
f 4242 4330 4331
f 4242 4332 4243
f 4244 4332 4333
f 4334 4245 73
f 4244 4335 4246
f 4245 4336 4247
f 4246 4337 4248
f 4247 4338 4249
f 4250 4337 4339
f 4249 4340 4251
f 4252 4339 4341
f 4251 4342 4253
f 4254 4341 4343
f 4255 4342 4344
f 4254 4345 4256
f 4159 4344 4346
f 4256 4347 4158
f 4160 4346 4348
f 4158 4349 4161
f 4160 4350 4162
f 4163 4349 4351
f 4162 4352 4164
f 4165 4351 4353
f 4166 4352 4354
f 4167 4353 4355
f 4321 4356 4323
f 4265 4357 4267
f 4322 4358 4324
f 4323 4359 4325
f 4269 4357 4360
f 4326 4358 4361
f 4327 4359 4362
f 4271 4360 4363
f 4326 4364 4328
f 4329 4362 4365
f 4273 4363 4366
f 4364 63 4328
f 4329 4367 4330
f 4273 4368 4275
f 4331 4367 4369
f 4277 4368 4370
f 4331 4371 4332
f 4277 4372 4279
f 4333 4371 4373
f 4279 4374 4281
f 4333 4375 4335
f 4283 4374 4376
f 4335 4377 4337
f 4283 4378 4285
f 4339 4377 4379
f 4287 4378 4380
f 4341 4379 4381
f 4287 4382 4289
f 4343 4381 4383
f 4291 4382 4384
f 4343 4385 4345
f 4345 4386 4347
f 4347 4387 4349
f 4351 4387 4388
f 4353 4388 4389
f 4355 4389 4390
f 4355 4391 4258
f 4260 4391 4392
f 4260 4393 4262
f 4262 4394 4264
f 4266 4394 4395
f 4266 4396 4268
f 4270 4396 4397
f 4270 4398 4272
f 4272 4399 4274
f 4276 4399 4400
f 4276 4401 4278
f 4280 4401 4402
f 4280 4403 4282
f 4284 4403 4404
f 4286 4404 4405
f 4286 4406 4288
f 4290 4406 4407
f 4408 4334 73
f 4290 4409 4292
f 4293 4384 4410
f 4334 4411 4336
f 4292 4412 4294
f 4293 4413 4295
f 4336 4414 4338
f 4296 4412 4415
f 4297 4413 4416
f 4340 4414 4417
f 4298 4415 4418
f 4297 4419 4299
f 4340 4420 4342
f 4298 4421 4300
f 4301 4419 4422
f 4344 4420 4423
f 4302 4421 4424
f 4303 4422 4425
f 4344 4426 4346
f 4302 4427 4304
f 4303 4428 4305
f 4348 4426 4429
f 4304 4430 4306
f 4307 4428 4431
f 4348 4432 4350
f 4308 4430 4433
f 4307 4434 4309
f 4350 4435 4352
f 4308 4436 4310
f 4309 4437 4311
f 4354 4435 4438
f 4310 4439 4312
f 4311 4440 4313
f 4354 4441 4257
f 4314 4439 4442
f 4315 4440 4443
f 4259 4441 4444
f 4314 4445 4316
f 4317 4443 4446
f 4261 4444 4447
f 4316 4448 4318
f 4319 4446 4449
f 4261 4450 4263
f 4318 4451 4320
f 4319 4452 4321
f 4263 4453 4265
f 4322 4451 4454
f 4369 4455 4456
f 4369 4457 4371
f 4373 4457 4458
f 4459 4408 73
f 4373 4460 4375
f 4408 4461 4411
f 4375 4462 4377
f 4414 4461 4463
f 4379 4462 4464
f 4417 4463 4465
f 4381 4464 4466
f 4417 4467 4420
f 4383 4466 4468
f 4423 4467 4469
f 4383 4470 4385
f 4426 4469 4471
f 4385 4472 4386
f 4429 4471 4473
f 4386 4474 4387
f 4429 4475 4432
f 4388 4474 4476
f 4432 4477 4435
f 4389 4476 4478
f 4438 4477 4479
f 4390 4478 4480
f 4438 4481 4441
f 4390 4482 4391
f 4444 4481 4483
f 4392 4482 4484
f 4447 4483 4485
f 4392 4486 4393
f 4447 4487 4450
f 4393 4488 4394
f 4453 4487 4489
f 4395 4488 4490
f 4453 4491 4357
f 4395 4492 4396
f 4360 4491 4493
f 4397 4492 4494
f 4363 4493 4495
f 4397 4496 4398
f 4366 4495 4497
f 4398 4498 4399
f 4366 4499 4368
f 4400 4498 4500
f 4370 4499 4501
f 4400 4502 4401
f 4370 4503 4372
f 4402 4502 4504
f 4372 4505 4374
f 4402 4506 4403
f 4376 4505 4507
f 4404 4506 4508
f 4376 4509 4378
f 4405 4508 4510
f 4380 4509 4511
f 4405 4512 4406
f 4380 4513 4382
f 4407 4512 4514
f 4384 4513 4515
f 4407 4516 4409
f 4410 4515 4517
f 4409 4518 4412
f 4410 4519 4413
f 4412 4520 4415
f 4416 4519 4521
f 4418 4520 4522
f 4416 4523 4419
f 4418 4524 4421
f 4422 4523 4525
f 4424 4524 4526
f 4425 4525 4527
f 4424 4528 4427
f 4425 4529 4428
f 4427 4530 4430
f 4431 4529 4531
f 4433 4530 4532
f 4431 4533 4434
f 4433 4534 4436
f 4434 4535 4437
f 4439 4534 4536
f 4437 4537 4440
f 4442 4536 4538
f 4443 4537 4539
f 4442 4540 4445
f 4443 4541 4446
f 4445 4542 4448
f 4449 4541 4543
f 4448 4544 4451
f 4449 4545 4452
f 4454 4544 4546
f 4452 4547 4356
f 4454 4548 4358
f 4356 4549 4359
f 4358 4550 4361
f 4362 4549 4551
f 4361 4552 4364
f 4362 4553 4365
f 4552 63 4364
f 4365 4455 4367
f 4460 4554 4462
f 4461 4555 4463
f 4464 4554 4556
f 4465 4555 4557
f 4466 4556 4558
f 4465 4559 4467
f 4468 4558 4560
f 4469 4559 4561
f 4468 4562 4470
f 4471 4561 4563
f 4470 4564 4472
f 4473 4563 4565
f 4472 4566 4474
f 4473 4567 4475
f 4476 4566 4568
f 4475 4569 4477
f 4478 4568 4570
f 4479 4569 4571
f 4480 4570 4572
f 4479 4573 4481
f 4480 4574 4482
f 4483 4573 4575
f 4484 4574 4576
f 4485 4575 4577
f 4484 4578 4486
f 4485 4579 4487
f 4486 4580 4488
f 4489 4579 4581
f 4490 4580 4582
f 4489 4583 4491
f 4490 4584 4492
f 4491 4585 4493
f 4494 4584 4586
f 4495 4585 4587
f 4494 4588 4496
f 4497 4587 4589
f 4496 4590 4498
f 4497 4591 4499
f 4500 4590 4592
f 4501 4591 4593
f 4500 4594 4502
f 4501 4595 4503
f 4504 4594 4596
f 4503 4597 4505
f 4504 4598 4506
f 4507 4597 4599
f 4508 4598 4600
f 4507 4601 4509
f 4510 4600 4602
f 4511 4601 4603
f 4510 4604 4512
f 4511 4605 4513
f 4514 4604 4606
f 4515 4605 4607
f 4514 4608 4516
f 4517 4607 4609
f 4516 4610 4518
f 4517 4611 4519
f 4518 4612 4520
f 4521 4611 4613
f 4522 4612 4614
f 4521 4615 4523
f 4522 4616 4524
f 4525 4615 4617
f 4526 4616 4618
f 4527 4617 4619
f 4526 4620 4528
f 4527 4621 4529
f 4528 4622 4530
f 4531 4621 4623
f 4532 4622 4624
f 4531 4625 4533
f 4532 4626 4534
f 4533 4627 4535
f 4534 4628 4536
f 4535 4629 4537
f 4538 4628 4630
f 4539 4629 4631
f 4538 4632 4540
f 4541 4631 4633
f 4540 4634 4542
f 4543 4633 4635
f 4542 4636 4544
f 4543 4637 4545
f 4546 4636 4638
f 4545 4639 4547
f 4546 4640 4548
f 4547 4641 4549
f 4550 4640 4642
f 4551 4641 4643
f 4552 4642 4644
f 4553 4643 4645
f 4644 63 4552
f 4553 4646 4455
f 4456 4646 4647
f 4456 4648 4457
f 4458 4648 4649
f 4650 4459 73
f 4458 4651 4460
f 4459 4652 4461
f 4562 4653 4564
f 4565 4654 4655
f 4564 4656 4566
f 4565 4657 4567
f 4568 4656 4658
f 4567 4659 4569
f 4570 4658 4660
f 4571 4659 4661
f 4572 4660 4662
f 4571 4663 4573
f 4572 4664 4574
f 4575 4663 4665
f 4576 4664 4666
f 4577 4665 4667
f 4576 4668 4578
f 4577 4669 4579
f 4578 4670 4580
f 4581 4669 4671
f 4582 4670 4672
f 4581 4673 4583
f 4582 4674 4584
f 4585 4673 4675
f 4586 4674 4676
f 4587 4675 4677
f 4586 4678 4588
f 4589 4677 4679
f 4588 4680 4590
f 4589 4681 4591
f 4592 4680 4682
f 4593 4681 4683
f 4592 4684 4594
f 4593 4685 4595
f 4596 4684 4686
f 4595 4687 4597
f 4596 4688 4598
f 4599 4687 4689
f 4600 4688 4690
f 4599 4691 4601
f 4602 4690 4692
f 4603 4691 4693
f 4602 4694 4604
f 4603 4695 4605
f 4606 4694 4696
f 4607 4695 4697
f 4606 4698 4608
f 4609 4697 4699
f 4608 4700 4610
f 4609 4701 4611
f 4610 4702 4612
f 4613 4701 4703
f 4614 4702 4704
f 4613 4705 4615
f 4614 4706 4616
f 4617 4705 4707
f 4618 4706 4708
f 4619 4707 4709
f 4618 4710 4620
f 4619 4711 4621
f 4620 4712 4622
f 4623 4711 4713
f 4624 4712 4714
f 4623 4715 4625
f 4624 4716 4626
f 4625 4717 4627
f 4626 4718 4628
f 4627 4719 4629
f 4630 4718 4720
f 4631 4719 4721
f 4630 4722 4632
f 4633 4721 4723
f 4632 4724 4634
f 4635 4723 4725
f 4634 4726 4636
f 4635 4727 4637
f 4638 4726 4728
f 4637 4729 4639
f 4640 4728 4730
f 4639 4731 4641
f 4640 4732 4642
f 4643 4731 4733
f 4642 4734 4644
f 4645 4733 4735
f 4734 63 4644
f 4645 4736 4646
f 4647 4736 4737
f 4647 4738 4648
f 4649 4738 4739
f 4740 4650 73
f 4649 4741 4651
f 4650 4742 4652
f 4651 4743 4554
f 4652 4744 4555
f 4556 4743 4745
f 4557 4744 4746
f 4558 4745 4747
f 4557 4748 4559
f 4560 4747 4749
f 4561 4748 4750
f 4560 4751 4562
f 4563 4750 4654
f 4661 4752 4663
f 4662 4753 4664
f 4665 4752 4754
f 4666 4753 4755
f 4667 4754 4756
f 4666 4757 4668
f 4667 4758 4669
f 4668 4759 4670
f 4671 4758 4760
f 4672 4759 4761
f 4671 4762 4673
f 4672 4763 4674
f 4675 4762 4764
f 4676 4763 4765
f 4677 4764 4766
f 4676 4767 4678
f 4679 4766 4768
f 4678 4769 4680
f 4679 4770 4681
f 4682 4769 4771
f 4683 4770 4772
f 4682 4773 4684
f 4683 4774 4685
f 4686 4773 4775
f 4685 4776 4687
f 4686 4777 4688
f 4689 4776 4778
f 4690 4777 4779
f 4689 4780 4691
f 4692 4779 4781
f 4693 4780 4782
f 4692 4783 4694
f 4693 4784 4695
f 4696 4783 4785
f 4697 4784 4786
f 4696 4787 4698
f 4699 4786 4788
f 4698 4789 4700
f 4699 4790 4701
f 4700 4791 4702
f 4703 4790 4792
f 4704 4791 4793
f 4703 4794 4705
f 4704 4795 4706
f 4707 4794 4796
f 4708 4795 4797
f 4709 4796 4798
f 4708 4799 4710
f 4709 4800 4711
f 4710 4801 4712
f 4713 4800 4802
f 4714 4801 4803
f 4713 4804 4715
f 4714 4805 4716
f 4715 4806 4717
f 4718 4805 4807
f 4717 4808 4719
f 4720 4807 4809
f 4721 4808 4810
f 4720 4811 4722
f 4723 4810 4812
f 4722 4813 4724
f 4725 4812 4814
f 4724 4815 4726
f 4725 4816 4727
f 4728 4815 4817
f 4727 4818 4729
f 4728 4819 4730
f 4729 4820 4731
f 4730 4821 4732
f 4733 4820 4822
f 4732 4823 4734
f 4735 4822 4824
f 4823 63 4734
f 4735 4825 4736
f 4737 4825 4826
f 4737 4827 4738
f 4739 4827 4828
f 4829 4740 73
f 4739 4830 4741
f 4740 4831 4742
f 4741 4832 4743
f 4742 4833 4744
f 4745 4832 4834
f 4744 4835 4746
f 4747 4834 4836
f 4746 4837 4748
f 4749 4836 4838
f 4750 4837 4839
f 4749 4840 4751
f 4750 4841 4654
f 4751 4842 4653
f 4655 4841 4843
f 4653 4844 4656
f 4655 4845 4657
f 4658 4844 4846
f 4657 4847 4659
f 4660 4846 4848
f 4661 4847 4849
f 4662 4848 4850
f 4761 4851 4852
f 4760 4853 4762
f 4761 4854 4763
f 4764 4853 4855
f 4765 4854 4856
f 4766 4855 4857
f 4765 4858 4767
f 4768 4857 4859
f 4767 4860 4769
f 4768 4861 4770
f 4771 4860 4862
f 4772 4861 4863
f 4771 4864 4773
f 4772 4865 4774
f 4775 4864 4866
f 4774 4867 4776
f 4775 4868 4777
f 4778 4867 4869
f 4779 4868 4870
f 4778 4871 4780
f 4781 4870 4872
f 4782 4871 4873
f 4781 4874 4783
f 4782 4875 4784
f 4785 4874 4876
f 4786 4875 4877
f 4785 4878 4787
f 4788 4877 4879
f 4787 4880 4789
f 4788 4881 4790
f 4789 4882 4791
f 4792 4881 4883
f 4793 4882 4884
f 4792 4885 4794
f 4793 4886 4795
f 4796 4885 4887
f 4797 4886 4888
f 4798 4887 4889
f 4797 4890 4799
f 4798 4891 4800
f 4799 4892 4801
f 4802 4891 4893
f 4803 4892 4894
f 4802 4895 4804
f 4803 4896 4805
f 4804 4897 4806
f 4807 4896 4898
f 4806 4899 4808
f 4809 4898 4900
f 4810 4899 4901
f 4809 4902 4811
f 4812 4901 4903
f 4811 4904 4813
f 4814 4903 4905
f 4813 4906 4815
f 4814 4907 4816
f 4817 4906 4908
f 4816 4909 4818
f 4817 4910 4819
f 4818 4911 4820
f 4821 4910 4912
f 4822 4911 4913
f 4823 4912 4914
f 4824 4913 4915
f 4914 63 4823
f 4824 4916 4825
f 4826 4916 4917
f 4826 4918 4827
f 4828 4918 4919
f 4920 4829 73
f 4828 4921 4830
f 4831 4920 4922
f 4830 4923 4832
f 4831 4924 4833
f 4834 4923 4925
f 4835 4924 4926
f 4836 4925 4927
f 4835 4928 4837
f 4838 4927 4929
f 4839 4928 4930
f 4838 4931 4840
f 4839 4932 4841
f 4840 4933 4842
f 4843 4932 4934
f 4842 4935 4844
f 4843 4936 4845
f 4846 4935 4937
f 4845 4938 4847
f 4848 4937 4939
f 4849 4938 4940
f 4850 4939 4941
f 4849 4942 4752
f 4850 4943 4753
f 4754 4942 4944
f 4755 4943 4945
f 4754 4946 4756
f 4755 4947 4757
f 4756 4948 4758
f 4757 4851 4759
f 4760 4948 4949
f 4859 4950 4861
f 4862 4951 4952
f 4863 4950 4953
f 4862 4954 4864
f 4863 4955 4865
f 4866 4954 4956
f 4865 4957 4867
f 4866 4958 4868
f 4869 4957 4959
f 4870 4958 4960
f 4869 4961 4871
f 4872 4960 4962
f 4873 4961 4963
f 4872 4964 4874
f 4873 4965 4875
f 4876 4964 4966
f 4877 4965 4967
f 4876 4968 4878
f 4879 4967 4969
f 4878 4970 4880
f 4879 4971 4881
f 4880 4972 4882
f 4883 4971 4973
f 4884 4972 4974
f 4883 4975 4885
f 4884 4976 4886
f 4887 4975 4977
f 4888 4976 4978
f 4889 4977 4979
f 4888 4980 4890
f 4889 4981 4891
f 4890 4982 4892
f 4893 4981 4983
f 4894 4982 4984
f 4893 4985 4895
f 4894 4986 4896
f 4895 4987 4897
f 4898 4986 4988
f 4897 4989 4899
f 4900 4988 4990
f 4901 4989 4991
f 4900 4992 4902
f 4903 4991 4993
f 4902 4994 4904
f 4905 4993 4995
f 4904 4996 4906
f 4905 4997 4907
f 4908 4996 4998
f 4907 4999 4909
f 4908 5000 4910
f 4909 5001 4911
f 4912 5000 5002
f 4913 5001 5003
f 4912 5004 4914
f 4915 5003 5005
f 5004 63 4914
f 4915 5006 4916
f 4917 5006 5007
f 4917 5008 4918
f 4919 5008 5009
f 5010 4920 73
f 4919 5011 4921
f 4920 5012 4922
f 4921 5013 4923
f 4922 5014 4924
f 4925 5013 5015
f 4924 5016 4926
f 4927 5015 5017
f 4926 5018 4928
f 4929 5017 5019
f 4930 5018 5020
f 4929 5021 4931
f 4932 5020 5022
f 4931 5023 4933
f 4934 5022 5024
f 4933 5025 4935
f 4934 5026 4936
f 4937 5025 5027
f 4936 5028 4938
f 4939 5027 5029
f 4940 5028 5030
f 4941 5029 5031
f 4940 5032 4942
f 4941 5033 4943
f 4944 5032 5034
f 4945 5033 5035
f 4946 5034 5036
f 4945 5037 4947
f 4946 5038 4948
f 4947 5039 4851
f 4949 5038 5040
f 4852 5039 5041
f 4949 5042 4853
f 4852 5043 4854
f 4855 5042 5044
f 4856 5043 5045
f 4857 5044 5046
f 4856 5047 4858
f 4859 5046 5048
f 4858 4951 4860
f 4960 5049 5050
f 4959 5051 4961
f 4962 5050 5052
f 4963 5051 5053
f 4962 5054 4964
f 4963 5055 4965
f 4966 5054 5056
f 4967 5055 5057
f 4966 5058 4968
f 4969 5057 5059
f 4968 5060 4970
f 4969 5061 4971
f 4970 5062 4972
f 4973 5061 5063
f 4974 5062 5064
f 4973 5065 4975
f 4974 5066 4976
f 4977 5065 5067
f 4978 5066 5068
f 4979 5067 5069
f 4978 5070 4980
f 4979 5071 4981
f 4980 5072 4982
f 4983 5071 5073
f 4984 5072 5074
f 4983 5075 4985
f 4984 5076 4986
f 4985 5077 4987
f 4988 5076 5078
f 4987 5079 4989
f 4988 5080 4990
f 4991 5079 5081
f 4990 5082 4992
f 4993 5081 5083
f 4992 5084 4994
f 4995 5083 5085
f 4994 5086 4996
f 4995 5087 4997
f 4998 5086 5088
f 4997 5089 4999
f 4998 5090 5000
f 4999 5091 5001
f 5002 5090 5092
f 5003 5091 5093
f 5002 5094 5004
f 5005 5093 5095
f 5094 63 5004
f 5005 5096 5006
f 5007 5096 5097
f 5007 5098 5008
f 5009 5098 5099
f 5100 5010 73
f 5009 5101 5011
f 5010 5102 5012
f 5011 5103 5013
f 5012 5104 5014
f 5015 5103 5105
f 5016 5104 5106
f 5017 5105 5107
f 5016 5108 5018
f 5019 5107 5109
f 5020 5108 5110
f 5019 5111 5021
f 5022 5110 5112
f 5021 5113 5023
f 5024 5112 5114
f 5023 5115 5025
f 5024 5116 5026
f 5027 5115 5117
f 5026 5118 5028
f 5029 5117 5119
f 5030 5118 5120
f 5031 5119 5121
f 5030 5122 5032
f 5031 5123 5033
f 5034 5122 5124
f 5035 5123 5125
f 5036 5124 5126
f 5035 5127 5037
f 5036 5128 5038
f 5037 5129 5039
f 5040 5128 5130
f 5041 5129 5131
f 5040 5132 5042
f 5041 5133 5043
f 5044 5132 5134
f 5045 5133 5135
f 5046 5134 5136
f 5045 5137 5047
f 5048 5136 5138
f 5047 5139 4951
f 5048 5140 4950
f 4952 5139 5141
f 4953 5140 5142
f 4952 5143 4954
f 4953 5144 4955
f 4956 5143 5145
f 4955 5146 4957
f 4956 5049 4958
f 4959 5146 5147
f 5090 5148 5149
f 5059 5150 5061
f 5092 5149 5151
f 5063 5150 5152
f 5094 5151 5153
f 5063 5154 5065
f 5153 63 5094
f 5067 5154 5155
f 5069 5155 5156
f 5069 5157 5071
f 5073 5157 5158
f 5073 5159 5075
f 5075 5160 5077
f 5077 5161 5079
f 5081 5161 5162
f 5083 5162 5163
f 5085 5163 5164
f 5085 5165 5087
f 5113 5166 5115
f 5087 5167 5089
f 5117 5166 5168
f 5089 5169 5091
f 5119 5168 5170
f 5093 5169 5171
f 5121 5170 5172
f 5095 5171 5173
f 5121 5174 5123
f 5095 5175 5096
f 5125 5174 5176
f 5097 5175 5177
f 5125 5178 5127
f 5097 5179 5098
f 5127 5180 5129
f 5099 5179 5181
f 5182 5100 73
f 5131 5180 5183
f 5099 5184 5101
f 5100 5185 5102
f 5131 5186 5133
f 5101 5187 5103
f 5102 5188 5104
f 5135 5186 5189
f 5105 5187 5190
f 5104 5191 5106
f 5135 5192 5137
f 5107 5190 5193
f 5106 5194 5108
f 5137 5195 5139
f 5109 5193 5196
f 5110 5194 5197
f 5141 5195 5198
f 5109 5199 5111
f 5110 5200 5112
f 5141 5201 5143
f 5111 5202 5113
f 5112 5203 5114
f 5145 5201 5204
f 5114 5205 5116
f 5145 5206 5049
f 5116 5207 5118
f 5050 5206 5208
f 5120 5207 5209
f 5052 5208 5210
f 5120 5211 5122
f 5052 5212 5054
f 5124 5211 5213
f 5056 5212 5214
f 5126 5213 5215
f 5056 5216 5058
f 5126 5217 5128
f 5058 5218 5060
f 5130 5217 5219
f 5060 5220 5062
f 5130 5221 5132
f 5064 5220 5222
f 5134 5221 5223
f 5064 5224 5066
f 5136 5223 5225
f 5068 5224 5226
f 5138 5225 5227
f 5068 5228 5070
f 5138 5229 5140
f 5070 5230 5072
f 5142 5229 5231
f 5074 5230 5232
f 5142 5233 5144
f 5074 5234 5076
f 5144 5235 5146
f 5076 5236 5078
f 5147 5235 5237
f 5080 5236 5238
f 5147 5239 5051
f 5082 5238 5240
f 5053 5239 5241
f 5084 5240 5242
f 5053 5243 5055
f 5084 5244 5086
f 5057 5243 5245
f 5088 5244 5148
f 5059 5245 5246
f 5177 64 67
f 5177 69 5179
f 5181 69 71
f 5182 73 72
f 5181 76 5184
f 5182 77 5185
f 5184 80 5187
f 5185 82 5188
f 5190 80 83
f 5188 86 5191
f 5193 83 87
f 5191 89 5194
f 5196 87 91
f 5194 93 5197
f 5196 96 5199
f 5197 98 5200
f 5199 100 5202
f 5203 98 102
f 5202 104 5166
f 5203 106 5205
f 5168 104 107
f 5205 110 5207
f 5170 107 111
f 5209 110 114
f 5172 111 116
f 5209 117 5211
f 5172 120 5174
f 5213 117 121
f 5176 120 123
f 5213 126 5215
f 5176 127 5178
f 5215 130 5217
f 5178 132 5180
f 5219 130 133
f 5183 132 135
f 5219 137 5221
f 5186 135 140
f 5223 137 141
f 5189 140 143
f 5225 141 145
f 5189 147 5192
f 5227 145 149
f 5192 152 5195
f 5229 149 154
f 5198 152 155
f 5231 154 158
f 5201 155 159
f 5233 158 161
f 5201 164 5204
f 5233 166 5235
f 5204 167 5206
f 5237 166 170
f 5208 167 172
f 5239 170 174
f 5208 176 5210
f 5239 178 5241
f 5210 179 5212
f 5241 182 5243
f 5212 183 5214
f 5245 182 185
f 5214 187 5216
f 5245 189 5246
f 5216 191 5218
f 5246 194 5150
f 5218 196 5220
f 5150 198 5152
f 5222 196 199
f 5152 200 5154
f 5222 1 5224
f 5155 200 4
f 5226 1 7
f 5156 4 10
f 5228 7 11
f 5156 14 5157
f 5228 16 5230
f 5158 14 18
f 5230 19 5232
f 5158 22 5159
f 5234 19 23
f 5159 26 5160
f 5236 23 27
f 5161 26 29
f 5238 27 32
f 5162 29 33
f 5238 36 5240
f 5163 33 37
f 5242 36 39
f 5164 37 42
f 5244 39 44
f 5164 46 5165
f 5148 44 48
f 5165 50 5167
f 5148 51 5149
f 5167 54 5169
f 5149 55 5151
f 5171 54 57
f 5153 55 60
f 5171 62 5173
f 5153 60 63
f 5173 64 5175
f 2796 2801 2618
f 1 199 2
f 4 200 5
f 7 1 3
f 4 6 9
f 11 7 8
f 10 9 13
f 11 12 15
f 14 13 17
f 19 16 15
f 18 17 21
f 23 19 20
f 22 21 25
f 27 23 24
f 29 26 25
f 27 28 31
f 33 29 30
f 32 31 35
f 37 33 34
f 39 36 35
f 37 38 41
f 39 40 43
f 42 41 45
f 44 43 47
f 46 45 49
f 51 48 47
f 50 49 53
f 55 51 52
f 57 54 53
f 55 56 59
f 57 58 61
f 64 62 61
f 64 65 66
f 67 66 68
f 69 68 70
f 71 70 75
f 77 72 74
f 76 75 79
f 77 78 81
f 83 80 79
f 82 81 85
f 87 83 84
f 89 86 85
f 91 87 88
f 93 89 90
f 91 92 95
f 93 94 97
f 96 95 99
f 98 97 101
f 100 99 103
f 102 101 105
f 107 104 103
f 106 105 109
f 111 107 108
f 110 109 113
f 111 112 115
f 117 114 113
f 116 115 119
f 121 117 118
f 123 120 119
f 121 122 125
f 127 123 124
f 126 125 129
f 127 128 131
f 133 130 129
f 135 132 131
f 137 133 134
f 135 136 139
f 141 137 138
f 143 140 139
f 145 141 142
f 147 143 144
f 149 145 146
f 147 148 151
f 149 150 153
f 155 152 151
f 154 153 157
f 159 155 156
f 161 158 157
f 159 160 163
f 161 162 165
f 167 164 163
f 166 165 169
f 167 168 171
f 170 169 173
f 172 171 175
f 174 173 177
f 179 176 175
f 178 177 181
f 183 179 180
f 185 182 181
f 187 183 184
f 189 185 186
f 191 187 188
f 189 190 193
f 191 192 195
f 194 193 197
f 196 195 2
f 198 197 5
f 9 298 201
f 12 299 202
f 17 13 201
f 15 202 204
f 21 17 203
f 20 204 206
f 21 205 207
f 24 206 208
f 25 207 209
f 31 28 208
f 30 209 211
f 35 31 210
f 34 211 213
f 35 212 214
f 38 213 215
f 43 40 214
f 45 41 215
f 43 216 218
f 45 217 219
f 47 218 220
f 49 219 221
f 56 52 220
f 58 53 221
f 56 222 224
f 58 223 225
f 65 61 225
f 66 65 226
f 66 227 228
f 70 68 228
f 70 229 231
f 74 230 232
f 75 231 233
f 81 78 232
f 79 233 235
f 85 81 234
f 84 235 237
f 90 85 236
f 88 237 239
f 90 238 240
f 92 239 241
f 97 94 240
f 95 241 243
f 97 242 244
f 103 99 243
f 101 244 246
f 108 103 245
f 105 246 248
f 108 247 249
f 113 109 248
f 112 249 251
f 113 250 252
f 119 115 251
f 122 118 252
f 119 253 255
f 125 122 254
f 124 255 257
f 129 125 256
f 128 257 259
f 134 129 258
f 136 131 259
f 138 134 260
f 139 136 261
f 142 138 262
f 144 139 263
f 142 264 266
f 148 144 265
f 146 266 268
f 148 267 269
f 150 268 270
f 151 269 271
f 157 153 270
f 156 271 273
f 157 272 274
f 160 273 275
f 162 274 276
f 168 163 275
f 165 276 278
f 171 168 277
f 173 169 278
f 175 171 279
f 173 280 282
f 180 175 281
f 181 177 282
f 180 283 285
f 186 181 284
f 184 285 287
f 186 286 288
f 192 188 287
f 190 288 290
f 192 289 291
f 193 290 292
f 195 291 293
f 197 292 294
f 2 293 295
f 6 5 294
f 3 295 297
f 6 296 298
f 8 297 299
f 208 397 300
f 209 398 301
f 212 210 300
f 211 301 303
f 214 212 302
f 215 213 303
f 214 304 306
f 215 305 307
f 216 306 308
f 217 307 309
f 218 308 310
f 219 309 311
f 220 310 312
f 223 221 311
f 222 312 314
f 225 223 313
f 225 315 316
f 226 316 317
f 227 317 318
f 228 318 319
f 229 319 321
f 230 320 322
f 231 321 323
f 232 322 324
f 233 323 325
f 234 324 326
f 235 325 327
f 238 236 326
f 239 237 327
f 238 328 330
f 239 329 331
f 240 330 332
f 241 331 333
f 244 242 332
f 245 243 333
f 246 244 334
f 245 335 337
f 246 336 338
f 247 337 339
f 250 248 338
f 251 249 339
f 250 340 342
f 251 341 343
f 254 252 342
f 253 343 345
f 256 254 344
f 255 345 347
f 256 346 348
f 257 347 349
f 258 348 350
f 259 349 351
f 262 260 350
f 261 351 353
f 264 262 352
f 263 353 355
f 266 264 354
f 267 265 355
f 266 356 358
f 269 267 357
f 268 358 360
f 269 359 361
f 270 360 362
f 271 361 363
f 274 272 362
f 273 363 365
f 274 364 366
f 277 275 365
f 276 366 368
f 279 277 367
f 278 368 370
f 281 279 369
f 280 370 372
f 283 281 371
f 282 372 374
f 283 373 375
f 284 374 376
f 287 285 375
f 288 286 376
f 287 377 379
f 288 378 380
f 289 379 381
f 290 380 382
f 291 381 383
f 292 382 384
f 295 293 383
f 296 294 384
f 295 385 387
f 298 296 386
f 297 387 389
f 201 298 388
f 202 299 389
f 203 201 390
f 204 202 391
f 203 392 394
f 204 393 395
f 207 205 394
f 206 395 397
f 209 207 396
f 308 497 399
f 311 309 400
f 310 399 402
f 313 311 401
f 312 402 404
f 313 403 405
f 315 405 406
f 316 406 407
f 318 317 407
f 318 408 409
f 319 409 411
f 320 410 412
f 321 411 413
f 322 412 414
f 325 323 413
f 326 324 414
f 325 415 417
f 328 326 416
f 329 327 417
f 328 418 420
f 329 419 421
f 332 330 420
f 331 421 423
f 334 332 422
f 335 333 423
f 336 334 424
f 335 425 427
f 336 426 428
f 337 427 429
f 340 338 428
f 341 339 429
f 340 430 432
f 343 341 431
f 342 432 434
f 345 343 433
f 344 434 436
f 347 345 435
f 348 346 436
f 347 437 439
f 350 348 438
f 351 349 439
f 350 440 442
f 351 441 443
f 352 442 444
f 353 443 445
f 354 444 446
f 357 355 445
f 356 446 448
f 357 447 449
f 360 358 448
f 361 359 449
f 360 450 452
f 363 361 451
f 362 452 454
f 365 363 453
f 364 454 456
f 365 455 457
f 366 456 458
f 367 457 459
f 370 368 458
f 371 369 459
f 370 460 462
f 373 371 461
f 372 462 464
f 373 463 465
f 374 464 466
f 377 375 465
f 378 376 466
f 377 467 469
f 380 378 468
f 381 379 469
f 382 380 470
f 381 471 473
f 382 472 474
f 385 383 473
f 386 384 474
f 387 385 475
f 386 476 478
f 389 387 477
f 388 478 480
f 391 389 479
f 390 480 482
f 393 391 481
f 392 482 484
f 393 483 485
f 396 394 484
f 397 395 485
f 398 396 486
f 397 487 489
f 398 488 490
f 300 489 491
f 303 301 490
f 304 302 491
f 305 303 492
f 306 304 493
f 305 494 496
f 306 495 497
f 307 496 400
f 407 406 498
f 407 499 500
f 408 500 501
f 411 409 501
f 410 502 504
f 411 503 505
f 412 504 506
f 415 413 505
f 414 506 508
f 415 507 509
f 416 508 510
f 419 417 509
f 418 510 512
f 419 511 513
f 420 512 514
f 421 513 515
f 422 514 516
f 425 423 515
f 424 516 518
f 425 517 519
f 426 518 520
f 427 519 521
f 430 428 520
f 429 521 523
f 430 522 524
f 431 523 525
f 432 524 526
f 433 525 527
f 434 526 528
f 437 435 527
f 438 436 528
f 437 529 531
f 438 530 532
f 439 531 533
f 440 532 534
f 443 441 533
f 444 442 534
f 445 443 535
f 444 536 538
f 447 445 537
f 446 538 540
f 449 447 539
f 448 540 542
f 451 449 541
f 450 542 544
f 453 451 543
f 452 544 546
f 455 453 545
f 454 546 548
f 455 547 549
f 456 548 550
f 457 549 551
f 458 550 552
f 459 551 553
f 460 552 554
f 463 461 553
f 464 462 554
f 463 555 557
f 464 556 558
f 465 557 559
f 466 558 560
f 467 559 561
f 470 468 560
f 471 469 561
f 472 470 562
f 473 471 563
f 472 564 566
f 475 473 565
f 476 474 566
f 475 567 569
f 476 568 570
f 477 569 571
f 478 570 572
f 479 571 573
f 480 572 574
f 483 481 573
f 482 574 576
f 485 483 575
f 484 576 578
f 487 485 577
f 488 486 578
f 489 487 579
f 488 580 582
f 489 581 583
f 492 490 582
f 493 491 583
f 494 492 584
f 493 585 587
f 494 586 588
f 497 495 587
f 400 496 588
f 399 497 589
f 400 590 592
f 399 591 593
f 403 401 592
f 402 593 595
f 403 594 596
f 405 596 498
f 504 695 597
f 507 505 598
f 506 597 600
f 509 507 599
f 508 600 602
f 511 509 601
f 510 602 604
f 511 603 605
f 514 512 604
f 513 605 607
f 514 606 608
f 515 607 609
f 518 516 608
f 517 609 611
f 520 518 610
f 521 519 611
f 522 520 612
f 523 521 613
f 522 614 616
f 525 523 615
f 526 524 616
f 527 525 617
f 526 618 620
f 529 527 619
f 528 620 622
f 529 621 623
f 530 622 624
f 533 531 623
f 532 624 626
f 533 625 627
f 534 626 628
f 537 535 627
f 538 536 628
f 537 629 631
f 538 630 632
f 539 631 633
f 540 632 634
f 543 541 633
f 542 634 636
f 545 543 635
f 544 636 638
f 547 545 637
f 546 638 640
f 547 639 641
f 550 548 640
f 549 641 643
f 550 642 644
f 553 551 643
f 552 644 646
f 555 553 645
f 554 646 648
f 557 555 647
f 558 556 648
f 557 649 651
f 558 650 652
f 559 651 653
f 562 560 652
f 563 561 653
f 564 562 654
f 565 563 655
f 564 656 658
f 567 565 657
f 568 566 658
f 567 659 661
f 568 660 662
f 571 569 661
f 572 570 662
f 571 663 665
f 572 664 666
f 575 573 665
f 574 666 668
f 575 667 669
f 576 668 670
f 577 669 671
f 580 578 670
f 581 579 671
f 580 672 674
f 583 581 673
f 584 582 674
f 583 675 677
f 586 584 676
f 587 585 677
f 586 678 680
f 587 679 681
f 588 680 682
f 591 589 681
f 590 682 684
f 593 591 683
f 594 592 684
f 593 685 687
f 594 686 688
f 596 688 689
f 499 498 689
f 499 690 691
f 501 500 691
f 503 501 692
f 502 693 695
f 503 694 598
f 607 605 696
f 606 794 698
f 609 607 697
f 608 698 700
f 609 699 701
f 610 700 702
f 611 701 703
f 614 612 702
f 613 703 705
f 614 704 706
f 617 615 705
f 618 616 706
f 617 707 709
f 620 618 708
f 621 619 709
f 622 620 710
f 621 711 713
f 622 712 714
f 623 713 715
f 624 714 716
f 625 715 717
f 626 716 718
f 629 627 717
f 628 718 720
f 631 629 719
f 630 720 722
f 631 721 723
f 632 722 724
f 635 633 723
f 634 724 726
f 637 635 725
f 636 726 728
f 639 637 727
f 638 728 730
f 639 729 731
f 642 640 730
f 643 641 731
f 642 732 734
f 645 643 733
f 644 734 736
f 645 735 737
f 646 736 738
f 649 647 737
f 650 648 738
f 651 649 739
f 650 740 742
f 651 741 743
f 654 652 742
f 653 743 745
f 656 654 744
f 657 655 745
f 658 656 746
f 659 657 747
f 660 658 748
f 661 659 749
f 660 750 752
f 663 661 751
f 664 662 752
f 663 753 755
f 664 754 756
f 667 665 755
f 668 666 756
f 667 757 759
f 668 758 760
f 671 669 759
f 670 760 762
f 673 671 761
f 672 762 764
f 675 673 763
f 674 764 766
f 677 675 765
f 678 676 766
f 677 767 769
f 678 768 770
f 679 769 771
f 680 770 772
f 681 771 773
f 682 772 774
f 683 773 775
f 686 684 774
f 687 685 775
f 686 776 778
f 688 778 779
f 690 689 779
f 690 780 781
f 692 691 781
f 694 692 782
f 695 693 783
f 694 784 786
f 597 695 785
f 599 598 786
f 600 597 787
f 601 599 788
f 600 789 791
f 603 601 790
f 602 791 793
f 603 792 696
f 604 793 794
f 707 705 795
f 708 706 797
f 707 796 799
f 708 798 800
f 711 709 799
f 712 710 800
f 713 711 801
f 714 712 802
f 713 803 805
f 716 714 804
f 715 805 807
f 718 716 806
f 717 807 809
f 718 808 810
f 719 809 811
f 722 720 810
f 723 721 811
f 722 812 814
f 725 723 813
f 724 814 816
f 725 815 817
f 726 816 818
f 729 727 817
f 728 818 820
f 729 819 821
f 732 730 820
f 731 821 823
f 732 822 824
f 735 733 823
f 736 734 824
f 735 825 827
f 736 826 828
f 739 737 827
f 738 828 830
f 739 829 831
f 740 830 832
f 741 831 833
f 742 832 834
f 743 833 835
f 744 834 836
f 745 835 837
f 748 746 836
f 747 837 839
f 750 748 838
f 751 749 839
f 750 840 842
f 753 751 841
f 754 752 842
f 753 843 845
f 754 844 846
f 757 755 845
f 756 846 848
f 757 847 849
f 758 848 850
f 759 849 851
f 762 760 850
f 761 851 853
f 764 762 852
f 765 763 853
f 764 854 856
f 767 765 855
f 768 766 856
f 767 857 859
f 770 768 858
f 771 769 859
f 770 860 862
f 773 771 861
f 772 862 864
f 773 863 865
f 776 774 864
f 775 865 867
f 776 866 868
f 778 868 869
f 780 779 869
f 780 870 871
f 782 781 871
f 784 782 872
f 785 783 873
f 784 874 876
f 787 785 875
f 786 876 878
f 787 877 879
f 790 788 878
f 789 879 881
f 792 790 880
f 791 881 883
f 792 882 884
f 794 793 883
f 697 696 884
f 698 794 885
f 697 886 888
f 698 887 889
f 699 888 890
f 700 889 891
f 701 890 892
f 704 702 891
f 703 892 795
f 704 893 797
f 804 991 894
f 805 992 895
f 808 806 894
f 809 807 895
f 810 808 896
f 809 897 899
f 812 810 898
f 811 899 901
f 812 900 902
f 813 901 903
f 816 814 902
f 815 903 905
f 818 816 904
f 819 817 905
f 818 906 908
f 819 907 909
f 822 820 908
f 821 909 911
f 822 910 912
f 825 823 911
f 826 824 912
f 825 913 915
f 826 914 916
f 829 827 915
f 830 828 916
f 829 917 919
f 830 918 920
f 831 919 921
f 832 920 922
f 833 921 923
f 836 834 922
f 837 835 923
f 838 836 924
f 837 925 927
f 838 926 928
f 841 839 927
f 840 928 930
f 841 929 931
f 844 842 930
f 843 931 933
f 844 932 934
f 847 845 933
f 846 934 936
f 847 935 937
f 848 936 938
f 851 849 937
f 852 850 938
f 851 939 941
f 854 852 940
f 853 941 943
f 854 942 944
f 857 855 943
f 856 944 946
f 857 945 947
f 858 946 948
f 859 947 949
f 860 948 950
f 861 949 951
f 862 950 952
f 863 951 953
f 866 864 952
f 867 865 953
f 866 954 956
f 868 956 957
f 870 869 957
f 870 958 959
f 872 871 959
f 874 872 960
f 873 961 963
f 874 962 964
f 875 963 965
f 876 964 966
f 879 877 965
f 880 878 966
f 881 879 967
f 880 968 970
f 881 969 971
f 884 882 970
f 885 883 971
f 886 884 972
f 885 973 975
f 886 974 976
f 889 887 975
f 888 976 978
f 889 977 979
f 892 890 978
f 893 891 979
f 795 892 980
f 893 981 983
f 796 795 982
f 798 797 983
f 796 984 986
f 800 798 985
f 801 799 986
f 802 800 987
f 803 801 988
f 802 989 991
f 803 990 992
f 894 1091 993
f 897 895 994
f 896 993 996
f 899 897 995
f 900 898 996
f 899 997 999
f 900 998 1000
f 901 999 1001
f 904 902 1000
f 903 1001 1003
f 904 1002 1004
f 907 905 1003
f 906 1004 1006
f 907 1005 1007
f 910 908 1006
f 911 909 1007
f 910 1008 1010
f 911 1009 1011
f 914 912 1010
f 913 1011 1013
f 914 1012 1014
f 917 915 1013
f 916 1014 1016
f 919 917 1015
f 918 1016 1018
f 921 919 1017
f 920 1018 1020
f 923 921 1019
f 924 922 1020
f 925 923 1021
f 926 924 1022
f 927 925 1023
f 928 926 1024
f 929 927 1025
f 928 1026 1028
f 931 929 1027
f 932 930 1028
f 931 1029 1031
f 932 1030 1032
f 935 933 1031
f 934 1032 1034
f 935 1033 1035
f 936 1034 1036
f 937 1035 1037
f 938 1036 1038
f 939 1037 1039
f 942 940 1038
f 941 1039 1041
f 942 1040 1042
f 943 1041 1043
f 946 944 1042
f 945 1043 1045
f 948 946 1044
f 949 947 1045
f 948 1046 1048
f 949 1047 1049
f 952 950 1048
f 951 1049 1051
f 954 952 1050
f 953 1051 1053
f 954 1052 1054
f 957 956 1054
f 957 1055 1056
f 959 958 1056
f 960 959 1057
f 962 960 1058
f 961 1059 1061
f 962 1060 1062
f 963 1061 1063
f 964 1062 1064
f 967 965 1063
f 968 966 1064
f 967 1065 1067
f 968 1066 1068
f 971 969 1067
f 970 1068 1070
f 973 971 1069
f 974 972 1070
f 975 973 1071
f 974 1072 1074
f 977 975 1073
f 976 1074 1076
f 979 977 1075
f 980 978 1076
f 981 979 1077
f 980 1078 1080
f 981 1079 1081
f 984 982 1080
f 985 983 1081
f 984 1082 1084
f 985 1083 1085
f 988 986 1084
f 987 1085 1087
f 988 1086 1088
f 991 989 1087
f 990 1088 1090
f 894 991 1089
f 992 1090 994
f 1001 1189 1092
f 1002 1190 1093
f 1003 1092 1094
f 1004 1093 1095
f 1005 1094 1096
f 1008 1006 1095
f 1009 1007 1096
f 1008 1097 1099
f 1011 1009 1098
f 1012 1010 1099
f 1011 1100 1102
f 1012 1101 1103
f 1015 1013 1102
f 1014 1103 1105
f 1015 1104 1106
f 1016 1105 1107
f 1017 1106 1108
f 1018 1107 1109
f 1019 1108 1110
f 1022 1020 1109
f 1023 1021 1110
f 1024 1022 1111
f 1025 1023 1112
f 1024 1113 1115
f 1027 1025 1114
f 1026 1115 1117
f 1027 1116 1118
f 1030 1028 1117
f 1029 1118 1120
f 1030 1119 1121
f 1033 1031 1120
f 1032 1121 1123
f 1033 1122 1124
f 1034 1123 1125
f 1037 1035 1124
f 1038 1036 1125
f 1039 1037 1126
f 1040 1038 1127
f 1039 1128 1130
f 1040 1129 1131
f 1043 1041 1130
f 1044 1042 1131
f 1043 1132 1134
f 1046 1044 1133
f 1047 1045 1134
f 1046 1135 1137
f 1047 1136 1138
f 1050 1048 1137
f 1051 1049 1138
f 1052 1050 1139
f 1053 1051 1140
f 1052 1141 1143
f 1054 1143 1144
f 1055 1144 1145
f 1057 1056 1145
f 1058 1057 1146
f 1060 1058 1147
f 1061 1059 1148
f 1060 1149 1151
f 1061 1150 1152
f 1062 1151 1153
f 1065 1063 1152
f 1066 1064 1153
f 1065 1154 1156
f 1066 1155 1157
f 1067 1156 1158
f 1068 1157 1159
f 1069 1158 1160
f 1072 1070 1159
f 1073 1071 1160
f 1072 1161 1163
f 1073 1162 1164
f 1076 1074 1163
f 1075 1164 1166
f 1078 1076 1165
f 1079 1077 1166
f 1080 1078 1167
f 1079 1168 1170
f 1082 1080 1169
f 1083 1081 1170
f 1082 1171 1173
f 1085 1083 1172
f 1086 1084 1173
f 1085 1174 1176
f 1086 1175 1177
f 1087 1176 1178
f 1088 1177 1179
f 1091 1089 1178
f 1090 1179 1181
f 993 1091 1180
f 994 1181 1183
f 993 1182 1184
f 997 995 1183
f 996 1184 1186
f 997 1185 1187
f 998 1186 1188
f 999 1187 1189
f 1002 1000 1188
f 1100 1289 1191
f 1103 1101 1192
f 1104 1102 1191
f 1105 1103 1193
f 1104 1194 1196
f 1105 1195 1197
f 1106 1196 1198
f 1107 1197 1199
f 1110 1108 1198
f 1111 1109 1199
f 1110 1200 1202
f 1113 1111 1201
f 1112 1202 1204
f 1115 1113 1203
f 1116 1114 1204
f 1115 1205 1207
f 1116 1206 1208
f 1119 1117 1207
f 1118 1208 1210
f 1119 1209 1211
f 1122 1120 1210
f 1121 1211 1213
f 1122 1212 1214
f 1123 1213 1215
f 1126 1124 1214
f 1125 1215 1217
f 1128 1126 1216
f 1129 1127 1217
f 1128 1218 1220
f 1131 1129 1219
f 1132 1130 1220
f 1133 1131 1221
f 1132 1222 1224
f 1135 1133 1223
f 1136 1134 1224
f 1135 1225 1227
f 1138 1136 1226
f 1139 1137 1227
f 1140 1138 1228
f 1141 1139 1229
f 1142 1140 1230
f 1141 1231 1233
f 1144 1143 1233
f 1144 1234 1235
f 1146 1145 1235
f 1146 1236 1237
f 1149 1147 1237
f 1150 1148 1238
f 1149 1239 1241
f 1150 1240 1242
f 1151 1241 1243
f 1152 1242 1244
f 1155 1153 1243
f 1154 1244 1246
f 1155 1245 1247
f 1158 1156 1246
f 1157 1247 1249
f 1158 1248 1250
f 1161 1159 1249
f 1162 1160 1250
f 1163 1161 1251
f 1162 1252 1254
f 1165 1163 1253
f 1164 1254 1256
f 1165 1255 1257
f 1168 1166 1256
f 1169 1167 1257
f 1168 1258 1260
f 1171 1169 1259
f 1172 1170 1260
f 1171 1261 1263
f 1174 1172 1262
f 1175 1173 1263
f 1174 1264 1266
f 1177 1175 1265
f 1178 1176 1266
f 1177 1267 1269
f 1180 1178 1268
f 1179 1269 1271
f 1182 1180 1270
f 1183 1181 1271
f 1184 1182 1272
f 1185 1183 1273
f 1186 1184 1274
f 1185 1275 1277
f 1186 1276 1278
f 1187 1277 1279
f 1188 1278 1280
f 1092 1189 1279
f 1190 1280 1282
f 1094 1092 1281
f 1093 1282 1284
f 1094 1283 1285
f 1097 1095 1284
f 1098 1096 1285
f 1097 1286 1288
f 1098 1287 1289
f 1099 1288 1192
f 1201 1199 1290
f 1200 1388 1292
f 1203 1201 1291
f 1202 1292 1294
f 1203 1293 1295
f 1206 1204 1294
f 1205 1295 1297
f 1206 1296 1298
f 1209 1207 1297
f 1208 1298 1300
f 1209 1299 1301
f 1212 1210 1300
f 1211 1301 1303
f 1212 1302 1304
f 1213 1303 1305
f 1216 1214 1304
f 1215 1305 1307
f 1218 1216 1306
f 1219 1217 1307
f 1218 1308 1310
f 1219 1309 1311
f 1222 1220 1310
f 1223 1221 1311
f 1222 1312 1314
f 1225 1223 1313
f 1226 1224 1314
f 1225 1315 1317
f 1226 1316 1318
f 1229 1227 1317
f 1228 1318 1320
f 1229 1319 1321
f 1230 1320 1322
f 1231 1321 1323
f 1234 1233 1323
f 1234 1324 1325
f 1236 1235 1325
f 1236 1326 1327
f 1239 1237 1327
f 1238 1328 1330
f 1241 1239 1329
f 1242 1240 1330
f 1241 1331 1333
f 1244 1242 1332
f 1245 1243 1333
f 1244 1334 1336
f 1245 1335 1337
f 1248 1246 1336
f 1247 1337 1339
f 1248 1338 1340
f 1251 1249 1339
f 1252 1250 1340
f 1251 1341 1343
f 1252 1342 1344
f 1255 1253 1343
f 1254 1344 1346
f 1257 1255 1345
f 1258 1256 1346
f 1259 1257 1347
f 1258 1348 1350
f 1261 1259 1349
f 1262 1260 1350
f 1261 1351 1353
f 1264 1262 1352
f 1265 1263 1353
f 1264 1354 1356
f 1265 1355 1357
f 1266 1356 1358
f 1267 1357 1359
f 1270 1268 1358
f 1269 1359 1361
f 1270 1360 1362
f 1273 1271 1361
f 1274 1272 1362
f 1275 1273 1363
f 1276 1274 1364
f 1275 1365 1367
f 1276 1366 1368
f 1277 1367 1369
f 1280 1278 1368
f 1279 1369 1371
f 1280 1370 1372
f 1281 1371 1373
f 1282 1372 1374
f 1283 1373 1375
f 1286 1284 1374
f 1287 1285 1375
f 1286 1376 1378
f 1287 1377 1379
f 1192 1288 1378
f 1289 1379 1381
f 1192 1380 1382
f 1194 1191 1381
f 1195 1193 1382
f 1196 1194 1383
f 1195 1384 1386
f 1196 1385 1387
f 1197 1386 1290
f 1200 1198 1387
f 1298 1486 1389
f 1299 1487 1390
f 1302 1300 1389
f 1301 1390 1392
f 1302 1391 1393
f 1303 1392 1394
f 1306 1304 1393
f 1305 1394 1396
f 1308 1306 1395
f 1309 1307 1396
f 1308 1397 1399
f 1309 1398 1400
f 1310 1399 1401
f 1313 1311 1400
f 1312 1401 1403
f 1315 1313 1402
f 1316 1314 1403
f 1315 1404 1406
f 1316 1405 1407
f 1319 1317 1406
f 1320 1318 1407
f 1319 1408 1410
f 1322 1320 1409
f 1321 1410 1412
f 1324 1323 1412
f 1324 1413 1414
f 1326 1325 1414
f 1326 1415 1416
f 1329 1327 1416
f 1328 1417 1419
f 1331 1329 1418
f 1330 1419 1421
f 1331 1420 1422
f 1334 1332 1421
f 1335 1333 1422
f 1334 1423 1425
f 1335 1424 1426
f 1338 1336 1425
f 1337 1426 1428
f 1338 1427 1429
f 1341 1339 1428
f 1342 1340 1429
f 1341 1430 1432
f 1342 1431 1433
f 1345 1343 1432
f 1344 1433 1435
f 1347 1345 1434
f 1348 1346 1435
f 1349 1347 1436
f 1348 1437 1439
f 1351 1349 1438
f 1352 1350 1439
f 1351 1440 1442
f 1354 1352 1441
f 1355 1353 1442
f 1354 1443 1445
f 1355 1444 1446
f 1358 1356 1445
f 1357 1446 1448
f 1360 1358 1447
f 1359 1448 1450
f 1360 1449 1451
f 1361 1450 1452
f 1364 1362 1451
f 1365 1363 1452
f 1364 1453 1455
f 1365 1454 1456
f 1366 1455 1457
f 1367 1456 1458
f 1368 1457 1459
f 1371 1369 1458
f 1370 1459 1461
f 1373 1371 1460
f 1372 1461 1463
f 1373 1462 1464
f 1376 1374 1463
f 1377 1375 1464
f 1378 1376 1465
f 1379 1377 1466
f 1378 1467 1469
f 1379 1468 1470
f 1380 1469 1471
f 1383 1381 1470
f 1382 1471 1473
f 1385 1383 1472
f 1384 1473 1475
f 1385 1474 1476
f 1386 1475 1477
f 1388 1387 1476
f 1291 1290 1477
f 1388 1478 1480
f 1291 1479 1481
f 1292 1480 1482
f 1293 1481 1483
f 1296 1294 1482
f 1295 1483 1485
f 1296 1484 1486
f 1299 1297 1485
f 1398 1396 1488
f 1397 1586 1490
f 1398 1489 1491
f 1399 1490 1492
f 1402 1400 1491
f 1401 1492 1494
f 1402 1493 1495
f 1405 1403 1494
f 1404 1495 1497
f 1405 1496 1498
f 1408 1406 1497
f 1407 1498 1500
f 1408 1499 1501
f 1409 1500 1502
f 1410 1501 1503
f 1412 1503 1504
f 1413 1504 1505
f 1415 1414 1505
f 1416 1415 1506
f 1418 1416 1507
f 1417 1508 1510
f 1420 1418 1509
f 1419 1510 1512
f 1420 1511 1513
f 1421 1512 1514
f 1424 1422 1513
f 1423 1514 1516
f 1426 1424 1515
f 1427 1425 1516
f 1426 1517 1519
f 1427 1518 1520
f 1430 1428 1519
f 1429 1520 1522
f 1430 1521 1523
f 1431 1522 1524
f 1434 1432 1523
f 1435 1433 1524
f 1436 1434 1525
f 1437 1435 1526
f 1438 1436 1527
f 1437 1528 1530
f 1440 1438 1529
f 1441 1439 1530
f 1440 1531 1533
f 1443 1441 1532
f 1444 1442 1533
f 1443 1534 1536
f 1446 1444 1535
f 1445 1536 1538
f 1448 1446 1537
f 1447 1538 1540
f 1448 1539 1541
f 1449 1540 1542
f 1450 1541 1543
f 1453 1451 1542
f 1454 1452 1543
f 1453 1544 1546
f 1456 1454 1545
f 1455 1546 1548
f 1456 1547 1549
f 1459 1457 1548
f 1460 1458 1549
f 1459 1550 1552
f 1460 1551 1553
f 1461 1552 1554
f 1462 1553 1555
f 1465 1463 1554
f 1466 1464 1555
f 1467 1465 1556
f 1468 1466 1557
f 1467 1558 1560
f 1468 1559 1561
f 1471 1469 1560
f 1472 1470 1561
f 1471 1562 1564
f 1474 1472 1563
f 1473 1564 1566
f 1474 1565 1567
f 1477 1475 1566
f 1478 1476 1567
f 1479 1477 1568
f 1478 1569 1571
f 1479 1570 1572
f 1482 1480 1571
f 1483 1481 1572
f 1484 1482 1573
f 1483 1574 1576
f 1484 1575 1577
f 1487 1485 1576
f 1486 1577 1579
f 1487 1578 1580
f 1391 1389 1579
f 1390 1580 1582
f 1391 1581 1583
f 1392 1582 1584
f 1393 1583 1585
f 1394 1584 1488
f 1397 1395 1585
f 1496 1685 1587
f 1499 1497 1588
f 1500 1498 1587
f 1499 1589 1591
f 1500 1590 1592
f 1501 1591 1593
f 1503 1593 1594
f 1504 1594 1595
f 1506 1505 1595
f 1506 1596 1597
f 1509 1507 1597
f 1508 1598 1600
f 1511 1509 1599
f 1510 1600 1602
f 1511 1601 1603
f 1512 1602 1604
f 1515 1513 1603
f 1514 1604 1606
f 1515 1605 1607
f 1518 1516 1606
f 1517 1607 1609
f 1518 1608 1610
f 1521 1519 1609
f 1522 1520 1610
f 1521 1611 1613
f 1522 1612 1614
f 1525 1523 1613
f 1524 1614 1616
f 1527 1525 1615
f 1528 1526 1616
f 1529 1527 1617
f 1528 1618 1620
f 1531 1529 1619
f 1532 1530 1620
f 1531 1621 1623
f 1534 1532 1622
f 1535 1533 1623
f 1534 1624 1626
f 1535 1625 1627
f 1536 1626 1628
f 1539 1537 1627
f 1540 1538 1628
f 1539 1629 1631
f 1540 1630 1632
f 1541 1631 1633
f 1544 1542 1632
f 1545 1543 1633
f 1544 1634 1636
f 1547 1545 1635
f 1546 1636 1638
f 1547 1637 1639
f 1550 1548 1638
f 1551 1549 1639
f 1550 1640 1642
f 1551 1641 1643
f 1552 1642 1644
f 1553 1643 1645
f 1556 1554 1644
f 1557 1555 1645
f 1556 1646 1648
f 1559 1557 1647
f 1558 1648 1650
f 1559 1649 1651
f 1562 1560 1650
f 1563 1561 1651
f 1562 1652 1654
f 1565 1563 1653
f 1564 1654 1656
f 1565 1655 1657
f 1568 1566 1656
f 1567 1657 1659
f 1570 1568 1658
f 1569 1659 1661
f 1572 1570 1660
f 1573 1571 1661
f 1574 1572 1662
f 1575 1573 1663
f 1574 1664 1666
f 1575 1665 1667
f 1578 1576 1666
f 1577 1667 1669
f 1578 1668 1670
f 1581 1579 1669
f 1580 1670 1672
f 1581 1671 1673
f 1582 1672 1674
f 1585 1583 1673
f 1584 1674 1676
f 1586 1585 1675
f 1489 1488 1676
f 1586 1677 1679
f 1489 1678 1680
f 1492 1490 1679
f 1493 1491 1680
f 1492 1681 1683
f 1495 1493 1682
f 1496 1494 1683
f 1495 1684 1588
f 1596 1595 1686
f 1597 1596 1687
f 1599 1597 1688
f 1598 1689 1691
f 1601 1599 1690
f 1602 1600 1691
f 1601 1692 1694
f 1602 1693 1695
f 1605 1603 1694
f 1604 1695 1697
f 1605 1696 1698
f 1606 1697 1699
f 1607 1698 1700
f 1608 1699 1701
f 1611 1609 1700
f 1612 1610 1701
f 1611 1702 1704
f 1612 1703 1705
f 1615 1613 1704
f 1614 1705 1707
f 1617 1615 1706
f 1618 1616 1707
f 1617 1708 1710
f 1618 1709 1711
f 1621 1619 1710
f 1622 1620 1711
f 1621 1712 1714
f 1624 1622 1713
f 1625 1623 1714
f 1624 1715 1717
f 1625 1716 1718
f 1626 1717 1719
f 1629 1627 1718
f 1628 1719 1721
f 1629 1720 1722
f 1632 1630 1721
f 1631 1722 1724
f 1634 1632 1723
f 1635 1633 1724
f 1636 1634 1725
f 1637 1635 1726
f 1636 1727 1729
f 1637 1728 1730
f 1640 1638 1729
f 1639 1730 1732
f 1640 1731 1733
f 1641 1732 1734
f 1642 1733 1735
f 1643 1734 1736
f 1646 1644 1735
f 1647 1645 1736
f 1648 1646 1737
f 1649 1647 1738
f 1650 1648 1739
f 1649 1740 1742
f 1650 1741 1743
f 1653 1651 1742
f 1652 1743 1745
f 1653 1744 1746
f 1654 1745 1747
f 1655 1746 1748
f 1658 1656 1747
f 1657 1748 1750
f 1660 1658 1749
f 1659 1750 1752
f 1660 1751 1753
f 1663 1661 1752
f 1664 1662 1753
f 1665 1663 1754
f 1664 1755 1757
f 1665 1756 1758
f 1668 1666 1757
f 1667 1758 1760
f 1668 1759 1761
f 1671 1669 1760
f 1672 1670 1761
f 1671 1762 1764
f 1672 1763 1765
f 1675 1673 1764
f 1674 1765 1767
f 1675 1766 1768
f 1678 1676 1767
f 1677 1768 1770
f 1678 1769 1771
f 1681 1679 1770
f 1682 1680 1771
f 1683 1681 1772
f 1684 1682 1773
f 1685 1683 1774
f 1684 1775 1777
f 1685 1776 1778
f 1589 1588 1777
f 1587 1778 1780
f 1589 1779 1781
f 1590 1780 1782
f 1591 1781 1783
f 1593 1783 1784
f 1594 1784 1686
f 1715 1713 1785
f 1716 1714 1787
f 1715 1786 1789
f 1716 1788 1790
f 1717 1789 1791
f 1718 1790 1792
f 1719 1791 1793
f 1720 1792 1794
f 1723 1721 1793
f 1722 1794 1796
f 1725 1723 1795
f 1726 1724 1796
f 1727 1725 1797
f 1728 1726 1798
f 1727 1799 1801
f 1728 1800 1802
f 1731 1729 1801
f 1730 1802 1804
f 1731 1803 1805
f 1732 1804 1806
f 1733 1805 1807
f 1734 1806 1808
f 1735 1807 1809
f 1738 1736 1808
f 1739 1737 1809
f 1740 1738 1810
f 1741 1739 1811
f 1740 1812 1814
f 1741 1813 1815
f 1744 1742 1814
f 1743 1815 1817
f 1744 1816 1818
f 1745 1817 1819
f 1746 1818 1820
f 1749 1747 1819
f 1748 1820 1822
f 1751 1749 1821
f 1750 1822 1824
f 1751 1823 1825
f 1752 1824 1826
f 1755 1753 1825
f 1756 1754 1826
f 1755 1827 1829
f 1756 1828 1830
f 1759 1757 1829
f 1758 1830 1832
f 1759 1831 1833
f 1762 1760 1832
f 1763 1761 1833
f 1762 1834 1836
f 1763 1835 1837
f 1766 1764 1836
f 1765 1837 1839
f 1768 1766 1838
f 1769 1767 1839
f 1768 1840 1842
f 1769 1841 1843
f 1772 1770 1842
f 1773 1771 1843
f 1772 1844 1846
f 1773 1845 1847
f 1776 1774 1846
f 1775 1847 1849
f 1776 1848 1850
f 1779 1777 1849
f 1780 1778 1850
f 1779 1851 1853
f 1780 1852 1854
f 1781 1853 1855
f 1783 1855 1856
f 1784 1856 1857
f 1687 1686 1857
f 1688 1687 1858
f 1690 1688 1859
f 1689 1860 1862
f 1690 1861 1863
f 1691 1862 1864
f 1692 1863 1865
f 1695 1693 1864
f 1696 1694 1865
f 1695 1866 1868
f 1698 1696 1867
f 1699 1697 1868
f 1698 1869 1871
f 1701 1699 1870
f 1702 1700 1871
f 1703 1701 1872
f 1702 1873 1875
f 1703 1874 1876
f 1706 1704 1875
f 1705 1876 1878
f 1708 1706 1877
f 1709 1707 1878
f 1708 1879 1881
f 1709 1880 1882
f 1712 1710 1881
f 1713 1711 1882
f 1712 1883 1787
f 1794 1982 1884
f 1797 1795 1885
f 1796 1884 1887
f 1799 1797 1886
f 1800 1798 1887
f 1799 1888 1890
f 1800 1889 1891
f 1803 1801 1890
f 1802 1891 1893
f 1803 1892 1894
f 1804 1893 1895
f 1805 1894 1896
f 1808 1806 1895
f 1807 1896 1898
f 1810 1808 1897
f 1811 1809 1898
f 1812 1810 1899
f 1813 1811 1900
f 1812 1901 1903
f 1813 1902 1904
f 1816 1814 1903
f 1815 1904 1906
f 1816 1905 1907
f 1817 1906 1908
f 1818 1907 1909
f 1821 1819 1908
f 1820 1909 1911
f 1823 1821 1910
f 1824 1822 1911
f 1823 1912 1914
f 1826 1824 1913
f 1827 1825 1914
f 1828 1826 1915
f 1827 1916 1918
f 1828 1917 1919
f 1831 1829 1918
f 1830 1919 1921
f 1831 1920 1922
f 1834 1832 1921
f 1835 1833 1922
f 1834 1923 1925
f 1835 1924 1926
f 1836 1925 1927
f 1839 1837 1926
f 1840 1838 1927
f 1841 1839 1928
f 1840 1929 1931
f 1841 1930 1932
f 1842 1931 1933
f 1845 1843 1932
f 1844 1933 1935
f 1845 1934 1936
f 1848 1846 1935
f 1847 1936 1938
f 1850 1848 1937
f 1851 1849 1938
f 1850 1939 1941
f 1851 1940 1942
f 1854 1852 1941
f 1853 1942 1944
f 1855 1944 1945
f 1856 1945 1946
f 1858 1857 1946
f 1859 1858 1947
f 1861 1859 1948
f 1860 1949 1951
f 1861 1950 1952
f 1862 1951 1953
f 1863 1952 1954
f 1864 1953 1955
f 1867 1865 1954
f 1866 1955 1957
f 1869 1867 1956
f 1870 1868 1957
f 1869 1958 1960
f 1872 1870 1959
f 1873 1871 1960
f 1874 1872 1961
f 1873 1962 1964
f 1876 1874 1963
f 1875 1964 1966
f 1878 1876 1965
f 1879 1877 1966
f 1880 1878 1967
f 1879 1968 1970
f 1880 1969 1971
f 1883 1881 1970
f 1785 1882 1971
f 1883 1972 1974
f 1786 1785 1973
f 1788 1787 1974
f 1786 1975 1977
f 1788 1976 1978
f 1789 1977 1979
f 1792 1790 1978
f 1791 1979 1981
f 1792 1980 1982
f 1793 1981 1885
f 1892 2080 1983
f 1893 2081 1984
f 1894 1983 1985
f 1897 1895 1984
f 1896 1985 1987
f 1899 1897 1986
f 1900 1898 1987
f 1901 1899 1988
f 1900 1989 1991
f 1901 1990 1992
f 1904 1902 1991
f 1905 1903 1992
f 1904 1993 1995
f 1905 1994 1996
f 1906 1995 1997
f 1907 1996 1998
f 1910 1908 1997
f 1909 1998 2000
f 1912 1910 1999
f 1911 2000 2002
f 1912 2001 2003
f 1915 1913 2002
f 1916 1914 2003
f 1917 1915 2004
f 1916 2005 2007
f 1917 2006 2008
f 1920 1918 2007
f 1919 2008 2010
f 1920 2009 2011
f 1923 1921 2010
f 1924 1922 2011
f 1923 2012 2014
f 1924 2013 2015
f 1927 1925 2014
f 1928 1926 2015
f 1927 2016 2018
f 1930 1928 2017
f 1929 2018 2020
f 1930 2019 2021
f 1931 2020 2022
f 1934 1932 2021
f 1933 2022 2024
f 1934 2023 2025
f 1937 1935 2024
f 1936 2025 2027
f 1937 2026 2028
f 1940 1938 2027
f 1941 1939 2028
f 1942 1940 2029
f 1941 2030 2032
f 1942 2031 2033
f 1944 2033 2034
f 1945 2034 2035
f 1947 1946 2035
f 1948 1947 2036
f 1950 1948 2037
f 1949 2038 2040
f 1950 2039 2041
f 1951 2040 2042
f 1952 2041 2043
f 1955 1953 2042
f 1956 1954 2043
f 1955 2044 2046
f 1958 1956 2045
f 1959 1957 2046
f 1958 2047 2049
f 1961 1959 2048
f 1962 1960 2049
f 1963 1961 2050
f 1962 2051 2053
f 1963 2052 2054
f 1964 2053 2055
f 1965 2054 2056
f 1968 1966 2055
f 1969 1967 2056
f 1968 2057 2059
f 1969 2058 2060
f 1972 1970 2059
f 1973 1971 2060
f 1972 2061 2063
f 1975 1973 2062
f 1976 1974 2063
f 1975 2064 2066
f 1976 2065 2067
f 1977 2066 2068
f 1980 1978 2067
f 1981 1979 2068
f 1980 2069 2071
f 1885 1981 2070
f 1982 2071 2073
f 1886 1885 2072
f 1887 1884 2073
f 1888 1886 2074
f 1889 1887 2075
f 1888 2076 2078
f 1889 2077 2079
f 1892 1890 2078
f 1893 1891 2079
f 1990 2179 2082
f 1991 2180 2083
f 1994 1992 2082
f 1993 2083 2085
f 1994 2084 2086
f 1995 2085 2087
f 1996 2086 2088
f 1999 1997 2087
f 1998 2088 2090
f 2001 1999 2089
f 2002 2000 2090
f 2001 2091 2093
f 2004 2002 2092
f 2005 2003 2093
f 2006 2004 2094
f 2005 2095 2097
f 2006 2096 2098
f 2009 2007 2097
f 2008 2098 2100
f 2009 2099 2101
f 2012 2010 2100
f 2013 2011 2101
f 2012 2102 2104
f 2013 2103 2105
f 2016 2014 2104
f 2017 2015 2105
f 2018 2016 2106
f 2019 2017 2107
f 2018 2108 2110
f 2019 2109 2111
f 2022 2020 2110
f 2023 2021 2111
f 2022 2112 2114
f 2023 2113 2115
f 2026 2024 2114
f 2025 2115 2117
f 2026 2116 2118
f 2029 2027 2117
f 2028 2118 2120
f 2031 2029 2119
f 2030 2120 2122
f 2031 2121 2123
f 2033 2123 2124
f 2034 2124 2125
f 2036 2035 2125
f 2037 2036 2126
f 2039 2037 2127
f 2040 2038 2128
f 2039 2129 2131
f 2042 2040 2130
f 2041 2131 2133
f 2044 2042 2132
f 2045 2043 2133
f 2044 2134 2136
f 2047 2045 2135
f 2048 2046 2136
f 2047 2137 2139
f 2048 2138 2140
f 2049 2139 2141
f 2052 2050 2140
f 2051 2141 2143
f 2052 2142 2144
f 2053 2143 2145
f 2054 2144 2146
f 2057 2055 2145
f 2058 2056 2146
f 2057 2147 2149
f 2058 2148 2150
f 2061 2059 2149
f 2062 2060 2150
f 2061 2151 2153
f 2064 2062 2152
f 2065 2063 2153
f 2064 2154 2156
f 2065 2155 2157
f 2066 2156 2158
f 2069 2067 2157
f 2068 2158 2160
f 2069 2159 2161
f 2072 2070 2160
f 2071 2161 2163
f 2074 2072 2162
f 2075 2073 2163
f 2076 2074 2164
f 2077 2075 2165
f 2076 2166 2168
f 2079 2077 2167
f 2080 2078 2168
f 2081 2079 2169
f 2080 2170 2172
f 2081 2171 2173
f 1983 2172 2174
f 1986 1984 2173
f 1985 2174 2176
f 1988 1986 2175
f 1989 1987 2176
f 1990 1988 2177
f 1989 2178 2180
f 2090 2278 2181
f 2091 2279 2182
f 2094 2092 2181
f 2095 2093 2182
f 2096 2094 2183
f 2095 2184 2186
f 2096 2185 2187
f 2099 2097 2186
f 2098 2187 2189
f 2099 2188 2190
f 2102 2100 2189
f 2103 2101 2190
f 2102 2191 2193
f 2103 2192 2194
f 2106 2104 2193
f 2105 2194 2196
f 2108 2106 2195
f 2109 2107 2196
f 2108 2197 2199
f 2111 2109 2198
f 2112 2110 2199
f 2113 2111 2200
f 2112 2201 2203
f 2113 2202 2204
f 2116 2114 2203
f 2115 2204 2206
f 2116 2205 2207
f 2119 2117 2206
f 2118 2207 2209
f 2121 2119 2208
f 2120 2209 2211
f 2121 2210 2212
f 2123 2212 2213
f 2124 2213 2214
f 2126 2125 2214
f 2127 2126 2215
f 2129 2127 2216
f 2128 2217 2219
f 2129 2218 2220
f 2130 2219 2221
f 2131 2220 2222
f 2134 2132 2221
f 2135 2133 2222
f 2134 2223 2225
f 2137 2135 2224
f 2138 2136 2225
f 2137 2226 2228
f 2138 2227 2229
f 2139 2228 2230
f 2142 2140 2229
f 2141 2230 2232
f 2142 2231 2233
f 2145 2143 2232
f 2144 2233 2235
f 2147 2145 2234
f 2148 2146 2235
f 2147 2236 2238
f 2148 2237 2239
f 2151 2149 2238
f 2152 2150 2239
f 2151 2240 2242
f 2154 2152 2241
f 2155 2153 2242
f 2154 2243 2245
f 2155 2244 2246
f 2156 2245 2247
f 2159 2157 2246
f 2158 2247 2249
f 2159 2248 2250
f 2162 2160 2249
f 2161 2250 2252
f 2164 2162 2251
f 2165 2163 2252
f 2166 2164 2253
f 2167 2165 2254
f 2166 2255 2257
f 2167 2256 2258
f 2170 2168 2257
f 2169 2258 2260
f 2170 2259 2261
f 2171 2260 2262
f 2172 2261 2263
f 2173 2262 2264
f 2176 2174 2263
f 2177 2175 2264
f 2178 2176 2265
f 2179 2177 2266
f 2178 2267 2269
f 2179 2268 2270
f 2180 2269 2271
f 2084 2082 2270
f 2083 2271 2273
f 2084 2272 2274
f 2085 2273 2275
f 2086 2274 2276
f 2089 2087 2275
f 2088 2276 2278
f 2091 2089 2277
f 2188 2378 2280
f 2191 2189 2281
f 2192 2190 2280
f 2191 2282 2284
f 2192 2283 2285
f 2195 2193 2284
f 2196 2194 2285
f 2195 2286 2288
f 2198 2196 2287
f 2197 2288 2290
f 2200 2198 2289
f 2201 2199 2290
f 2202 2200 2291
f 2201 2292 2294
f 2202 2293 2295
f 2205 2203 2294
f 2204 2295 2297
f 2205 2296 2298
f 2208 2206 2297
f 2207 2298 2300
f 2210 2208 2299
f 2211 2209 2300
f 2210 2301 2303
f 2212 2303 2304
f 2213 2304 2305
f 2215 2214 2305
f 2216 2215 2306
f 2218 2216 2307
f 2217 2308 2310
f 2218 2309 2311
f 2221 2219 2310
f 2220 2311 2313
f 2223 2221 2312
f 2224 2222 2313
f 2223 2314 2316
f 2226 2224 2315
f 2227 2225 2316
f 2226 2317 2319
f 2227 2318 2320
f 2228 2319 2321
f 2231 2229 2320
f 2230 2321 2323
f 2233 2231 2322
f 2232 2323 2325
f 2233 2324 2326
f 2236 2234 2325
f 2237 2235 2326
f 2236 2327 2329
f 2237 2328 2330
f 2240 2238 2329
f 2241 2239 2330
f 2240 2331 2333
f 2243 2241 2332
f 2244 2242 2333
f 2243 2334 2336
f 2244 2335 2337
f 2245 2336 2338
f 2248 2246 2337
f 2247 2338 2340
f 2248 2339 2341
f 2251 2249 2340
f 2250 2341 2343
f 2253 2251 2342
f 2254 2252 2343
f 2253 2344 2346
f 2256 2254 2345
f 2255 2346 2348
f 2258 2256 2347
f 2259 2257 2348
f 2258 2349 2351
f 2259 2350 2352
f 2260 2351 2353
f 2261 2352 2354
f 2262 2353 2355
f 2265 2263 2354
f 2266 2264 2355
f 2267 2265 2356
f 2268 2266 2357
f 2267 2358 2360
f 2268 2359 2361
f 2271 2269 2360
f 2272 2270 2361
f 2271 2362 2364
f 2274 2272 2363
f 2273 2364 2366
f 2274 2365 2367
f 2277 2275 2366
f 2276 2367 2369
f 2279 2277 2368
f 2181 2278 2369
f 2279 2370 2372
f 2183 2181 2371
f 2184 2182 2372
f 2185 2183 2373
f 2184 2374 2376
f 2185 2375 2377
f 2188 2186 2376
f 2187 2377 2281
f 2288 2477 2379
f 2291 2289 2380
f 2290 2379 2382
f 2293 2291 2381
f 2292 2382 2384
f 2293 2383 2385
f 2296 2294 2384
f 2295 2385 2387
f 2296 2386 2388
f 2299 2297 2387
f 2298 2388 2390
f 2301 2299 2389
f 2300 2390 2392
f 2301 2391 2393
f 2303 2393 2394
f 2304 2394 2395
f 2306 2305 2395
f 2307 2306 2396
f 2309 2307 2397
f 2308 2398 2400
f 2309 2399 2401
f 2310 2400 2402
f 2311 2401 2403
f 2312 2402 2404
f 2315 2313 2403
f 2314 2404 2406
f 2317 2315 2405
f 2318 2316 2406
f 2317 2407 2409
f 2320 2318 2408
f 2319 2409 2411
f 2322 2320 2410
f 2321 2411 2413
f 2322 2412 2414
f 2323 2413 2415
f 2324 2414 2416
f 2327 2325 2415
f 2328 2326 2416
f 2327 2417 2419
f 2328 2418 2420
f 2331 2329 2419
f 2332 2330 2420
f 2331 2421 2423
f 2334 2332 2422
f 2335 2333 2423
f 2334 2424 2426
f 2335 2425 2427
f 2336 2426 2428
f 2339 2337 2427
f 2340 2338 2428
f 2339 2429 2431
f 2342 2340 2430
f 2341 2431 2433
f 2344 2342 2432
f 2345 2343 2433
f 2346 2344 2434
f 2347 2345 2435
f 2346 2436 2438
f 2347 2437 2439
f 2350 2348 2438
f 2349 2439 2441
f 2350 2440 2442
f 2351 2441 2443
f 2352 2442 2444
f 2353 2443 2445
f 2356 2354 2444
f 2357 2355 2445
f 2358 2356 2446
f 2359 2357 2447
f 2360 2358 2448
f 2359 2449 2451
f 2362 2360 2450
f 2363 2361 2451
f 2362 2452 2454
f 2363 2453 2455
f 2364 2454 2456
f 2365 2455 2457
f 2368 2366 2456
f 2367 2457 2459
f 2370 2368 2458
f 2369 2459 2461
f 2370 2460 2462
f 2373 2371 2461
f 2374 2372 2462
f 2375 2373 2463
f 2374 2464 2466
f 2375 2465 2467
f 2378 2376 2466
f 2377 2467 2469
f 2378 2468 2470
f 2282 2281 2469
f 2283 2280 2470
f 2282 2471 2473
f 2283 2472 2474
f 2286 2284 2473
f 2287 2285 2474
f 2288 2286 2475
f 2289 2287 2476
f 2482 2389 2479
f 2389 2387 2479
f 2484 2390 2481
f 2390 2388 2481
f 2391 2389 2482
f 2392 2390 2484
f 2486 2393 2391
f 2487 2394 2393
f 2488 2489 2395
f 2395 2394 2488
f 2491 2396 2490
f 2396 2395 2490
f 2397 2396 2491
f 2399 2397 2492
f 2495 2400 2398
f 2496 2401 2399
f 2499 2402 2497
f 2402 2400 2497
f 2498 2501 2403
f 2403 2401 2498
f 2500 2503 2404
f 2404 2402 2500
f 2505 2405 2502
f 2405 2403 2502
f 2507 2406 2504
f 2406 2404 2504
f 2407 2405 2505
f 2508 2510 2408
f 2408 2406 2508
f 2509 2512 2409
f 2409 2407 2509
f 2514 2410 2511
f 2410 2408 2511
f 2411 2409 2512
f 2515 2517 2412
f 2412 2410 2515
f 2411 2513 2516
f 2414 2412 2517
f 2415 2413 2516
f 2522 2416 2520
f 2416 2414 2520
f 5247 2417 2521
f 2417 2415 2521
f 2523 2525 2418
f 2418 2416 2523
f 2417 5247 2524
f 2528 2420 2526
f 2420 2418 2526
f 2421 2419 2524
f 2529 2532 2422
f 2422 2420 2529
f 2530 2533 2423
f 2423 2421 2530
f 2531 2424 2422
f 2536 2425 2534
f 2425 2423 2534
f 2535 2426 2424
f 2537 2539 2427
f 2427 2425 2537
f 2656 2428 2538
f 2428 2426 2538
f 2542 2429 2540
f 2429 2427 2540
f 2428 2656 2541
f 2543 2659 2431
f 2431 2429 2543
f 2432 2430 2541
f 2431 2659 2545
f 2546 2549 2434
f 2434 2432 2546
f 2435 2433 2545
f 2548 2436 2434
f 2552 2437 2550
f 2437 2435 2550
f 2554 2438 2551
f 2438 2436 2551
f 2439 2437 2552
f 2555 2558 2440
f 2440 2438 2555
f 2441 2439 2553
f 2557 2442 2440
f 2559 2665 2443
f 2443 2441 2559
f 2442 2557 2560
f 2443 2665 2561
f 2446 2444 2560
f 2447 2445 2561
f 2566 2448 2564
f 2448 2446 2564
f 2449 2447 2563
f 2450 2448 2566
f 2570 2451 2568
f 2451 2449 2568
f 2569 2452 2450
f 2573 2453 2571
f 2453 2451 2571
f 2572 2622 2454
f 2454 2452 2572
f 2455 2453 2573
f 2454 2622 2575
f 2625 2457 2576
f 2457 2455 2576
f 2458 2456 2575
f 2457 2625 2578
f 2581 2460 2579
f 2460 2458 2579
f 2459 2578 2580
f 2582 2584 2462
f 2462 2460 2582
f 2586 2463 2583
f 2463 2461 2583
f 2588 2464 2585
f 2464 2462 2585
f 2465 2463 2586
f 2589 2591 2466
f 2466 2464 2589
f 2467 2465 2587
f 5248 2468 2592
f 2468 2466 2592
f 2595 2469 2593
f 2469 2467 2593
f 2468 5248 2594
f 2598 2471 2596
f 2471 2469 2596
f 2472 2470 2594
f 2601 2473 2599
f 2473 2471 2599
f 2600 2634 2474
f 2474 2472 2600
f 5249 2475 2602
f 2475 2473 2602
f 2474 2634 2603
f 2475 5249 2604
f 2380 2476 2603
f 2608 2379 2606
f 2379 2477 2606
f 2381 2380 2605
f 2611 2382 2609
f 2382 2379 2609
f 2614 2383 2610
f 2383 2381 2610
f 2615 2384 2612
f 2384 2382 2612
f 2613 2385 2383
f 2618 2386 2616
f 2386 2384 2616
f 2617 2478 2387
f 2387 2385 2617
f 2480 2388 2619
f 2388 2386 2619
f 2623 2575 2622
f 2626 2577 2575
f 2627 2578 2625
f 2628 2580 2578
f 2635 2603 2634
f 2636 2605 2603
f 2638 2607 2605
f 2648 2513 2512
f 2649 2516 2513
f 2650 2519 2516
f 2657 2541 2656
f 2660 2544 2541
f 2661 2545 2659
f 2662 2547 2545
f 2667 2561 2665
f 2668 2562 2560
f 2669 2833 2670
f 2675 2674 2679
f 2680 2679 2682
f 2683 2682 2687
f 2685 2684 2689
f 2688 2687 2691
f 2690 2689 2693
f 2694 2693 2696
f 2700 2699 2702
f 2703 2702 2704
f 2707 2706 2710
f 2739 2744 2740
f 2743 2742 2746
f 2747 2746 2748
f 2752 2758 2754
f 2758 2762 2759
f 2757 2756 2760
f 2762 2766 2763
f 2761 2760 2764
f 2765 2764 2768
f 2769 2768 2773
f 2779 2781 2780
f 2785 2784 2786
f 2787 2786 2788
f 2797 2804 2801
f 2800 2799 2802
f 2812 2811 2815
f 2814 2813 2817
f 2826 2825 2828
f 2829 2828 2830
f 2686 5250 2964
f 2964 2835 2686
f 2687 2682 2836
f 2684 2835 2838
f 2687 2837 2839
f 2689 2838 2840
f 2695 2691 2839
f 2839 2841 2695
f 2693 2840 2843
f 2842 2841 2698
f 2841 2844 2698
f 2848 2701 2845
f 2701 2696 2843
f 2699 2844 2846
f 2845 2966 2847
f 2704 2702 2846
f 2708 2847 2966
f 2966 2850 2708
f 2709 2704 2849
f 2849 2851 2709
f 2710 2706 2850
f 2852 2851 2854
f 5251 2712 2856
f 2712 2710 2853
f 2855 2854 2713
f 2854 2857 2713
f 2718 5251 2856
f 2856 2858 2718
f 2719 2714 2857
f 2857 2859 2719
f 2716 2858 2861
f 2860 2859 2721
f 2859 2862 2721
f 2720 2861 2863
f 2722 2862 2724
f 2862 2865 2724
f 2727 2864 2863
f 2863 2867 2727
f 2865 2870 2731
f 2728 2725 2867
f 2867 2868 2728
f 2729 2731 2870
f 2869 2868 2732
f 2868 2872 2732
f 2729 2871 2735
f 2871 2873 2735
f 2736 2733 2872
f 2872 2875 2736
f 2739 2738 2877
f 2738 2874 2873
f 2875 2990 2878
f 2739 2877 2879
f 2878 2990 2741
f 2990 2880 2741
f 2744 2879 2745
f 2879 2881 2745
f 2742 2880 2883
f 2882 2881 2884
f 2748 2746 2883
f 2752 2751 2887
f 2751 2885 2884
f 2753 2748 2886
f 2886 2888 2753
f 2758 2752 2887
f 2889 2888 2755
f 2888 2891 2755
f 2762 2758 2890
f 2760 2756 2891
f 2762 2892 2894
f 2760 2893 2895
f 2766 2894 2767
f 2894 2896 2767
f 2768 2764 2895
f 2772 2771 2899
f 2771 2897 2896
f 2768 2898 2900
f 2772 2899 2775
f 2899 2901 2775
f 2776 2773 2900
f 2900 2903 2776
f 2779 2778 2905
f 2778 2902 2901
f 2904 2903 2906
f 2781 2779 2905
f 2906 3015 2909
f 2781 2908 2782
f 2908 2910 2782
f 2909 3015 2783
f 3015 2912 2783
f 2910 2915 2913
f 2786 2784 2912
f 2915 2919 2916
f 2786 2914 2917
f 2792 2791 2918
f 2791 2916 2919
f 2793 2788 2917
f 2917 2920 2793
f 2792 2918 2794
f 2918 2922 2794
f 2921 2920 2924
f 2797 2796 2926
f 2796 2923 2922
f 2925 2924 2798
f 2924 2927 2798
f 2804 2797 2926
f 2799 2927 2929
f 2805 2802 2929
f 2929 2930 2805
f 2931 2930 2806
f 2930 2932 2806
f 2809 2807 2932
f 2932 2933 2809
f 2934 2933 2810
f 2933 2935 2810
f 2815 2811 2935
f 2813 2936 2938
f 2819 2815 2937
f 2937 2939 2819
f 5252 2820 2941
f 2820 2817 2938
f 2939 3040 2942
f 2823 5252 2941
f 2941 2943 2823
f 2942 3040 2824
f 3040 2944 2824
f 2947 2827 2945
f 2827 2821 2943
f 2828 2825 2944
f 2947 2945 2948
f 2828 2946 2950
f 2949 2948 2951
f 2832 2830 2950
f 2950 2953 2832
f 2834 2952 2951
f 2951 2955 2834
f 2954 2953 2956
f 2833 2955 2958
f 2956 3053 2959
f 5253 2672 2960
f 2672 2670 2958
f 2959 3053 2673
f 3053 2961 2673
f 2678 5253 2960
f 2960 2962 2678
f 2679 2674 2961
f 5250 2681 2964
f 2681 2676 2962
f 2679 2963 2836
f 2844 3068 2965
f 2966 2845 2967
f 2849 2846 2965
f 2850 2966 2968
f 2849 2969 2971
f 2850 2970 2972
f 2851 2971 2973
f 2853 2972 2974
f 2857 2854 2973
f 2858 2856 2974
f 2857 2975 2977
f 2858 2976 2978
f 2862 2859 2977
f 2861 2978 2980
f 2862 2979 2981
f 2867 2863 2980
f 2870 2865 2981
f 2867 2982 2984
f 2871 2870 2983
f 2872 2868 2984
f 2871 2985 2987
f 2872 2986 2988
f 2877 2873 2987
f 2990 2875 2988
f 2877 2989 2992
f 2880 2990 2991
f 2879 2992 2994
f 2880 2993 2995
f 2881 2994 2996
f 2886 2883 2995
f 2887 2884 2996
f 2886 2997 2999
f 2887 2998 3000
f 2891 2888 2999
f 2892 2890 3000
f 2893 2891 3001
f 2892 3002 3004
f 2893 3003 3005
f 2894 3004 3006
f 2898 2895 3005
f 2899 2896 3006
f 2898 3007 3009
f 2899 3008 3010
f 2900 3009 3011
f 2905 2901 3010
f 2903 3011 3013
f 2908 2905 3012
f 3015 2906 3013
f 2908 3014 3017
f 2912 3015 3016
f 2915 2910 3017
f 2914 2912 3018
f 2915 3019 3021
f 2914 3020 3022
f 2918 2919 3021
f 2917 3022 3024
f 2918 3023 3025
f 2920 3024 3026
f 2922 3025 3027
f 2927 2924 3026
f 2926 3027 3029
f 2927 3028 3030
f 2929 3030 3031
f 2932 2930 3031
f 2932 3032 3033
f 2935 2933 3033
f 2937 2935 3034
f 2938 2936 3035
f 2937 3036 3038
f 2938 3037 3039
f 3040 2939 3038
f 2943 2941 3039
f 2944 3040 3041
f 2943 3042 3044
f 2946 2944 3043
f 2948 2945 3044
f 2946 3045 3047
f 2948 3046 3048
f 2950 3047 3049
f 2955 2951 3048
f 2953 3049 3051
f 2955 3050 3052
f 3053 2956 3051
f 2958 3052 3055
f 2961 3053 3054
f 2962 2960 3055
f 2963 2961 3056
f 2962 3057 3059
f 2963 3058 3060
f 2835 2964 3059
f 2837 2836 3060
f 2838 2835 3061
f 2837 3062 3064
f 2838 3063 3065
f 2839 3064 3066
f 2840 3065 3067
f 2844 2841 3066
f 2843 3067 2967
f 2976 2974 3069
f 2975 3167 3071
f 2976 3070 3072
f 2979 2977 3071
f 2978 3072 3074
f 2979 3073 3075
f 2982 2980 3074
f 2983 2981 3075
f 2982 3076 3078
f 2985 2983 3077
f 2986 2984 3078
f 2985 3079 3081
f 2986 3080 3082
f 2989 2987 3081
f 2991 2988 3082
f 2989 3083 3085
f 2993 2991 3084
f 2992 3085 3087
f 2993 3086 3088
f 2994 3087 3089
f 2997 2995 3088
f 2998 2996 3089
f 2997 3090 3092
f 2998 3091 3093
f 3001 2999 3092
f 3002 3000 3093
f 3003 3001 3094
f 3004 3002 3095
f 3003 3096 3098
f 3004 3097 3099
f 3007 3005 3098
f 3008 3006 3099
f 3007 3100 3102
f 3008 3101 3103
f 3009 3102 3104
f 3012 3010 3103
f 3011 3104 3106
f 3014 3012 3105
f 3016 3013 3106
f 3014 3107 3109
f 3018 3016 3108
f 3019 3017 3109
f 3020 3018 3110
f 3019 3111 3113
f 3020 3112 3114
f 3021 3113 3115
f 3022 3114 3116
f 3023 3115 3117
f 3024 3116 3118
f 3027 3025 3117
f 3028 3026 3118
f 3029 3027 3119
f 3028 3120 3122
f 3030 3122 3123
f 3032 3031 3123
f 3032 3124 3125
f 3034 3033 3125
f 3036 3034 3126
f 3035 3127 3129
f 3036 3128 3130
f 3037 3129 3131
f 3041 3038 3130
f 3039 3131 3133
f 3043 3041 3132
f 3042 3133 3135
f 3045 3043 3134
f 3046 3044 3135
f 3045 3136 3138
f 3046 3137 3139
f 3047 3138 3140
f 3050 3048 3139
f 3049 3140 3142
f 3050 3141 3143
f 3054 3051 3142
f 3052 3143 3145
f 3056 3054 3144
f 3057 3055 3145
f 3058 3056 3146
f 3057 3147 3149
f 3058 3148 3150
f 3061 3059 3149
f 3062 3060 3150
f 3061 3151 3153
f 3062 3152 3154
f 3063 3153 3155
f 3064 3154 3156
f 3065 3155 3157
f 3068 3066 3156
f 3067 3157 3159
f 3068 3158 3160
f 2968 2967 3159
f 2969 2965 3160
f 2970 2968 3161
f 2969 3162 3164
f 2972 2970 3163
f 2971 3164 3166
f 2972 3165 3069
f 2975 2973 3166
f 3079 3077 3168
f 3080 3078 3170
f 3079 3169 3172
f 3080 3171 3173
f 3083 3081 3172
f 3084 3082 3173
f 3083 3174 3176
f 3086 3084 3175
f 3085 3176 3178
f 3086 3177 3179
f 3087 3178 3180
f 3090 3088 3179
f 3091 3089 3180
f 3090 3181 3183
f 3091 3182 3184
f 3094 3092 3183
f 3095 3093 3184
f 3096 3094 3185
f 3095 3186 3188
f 3096 3187 3189
f 3097 3188 3190
f 3100 3098 3189
f 3101 3099 3190
f 3100 3191 3193
f 3101 3192 3194
f 3102 3193 3195
f 3105 3103 3194
f 3104 3195 3197
f 3107 3105 3196
f 3108 3106 3197
f 3107 3198 3200
f 3110 3108 3199
f 3109 3200 3202
f 3112 3110 3201
f 3111 3202 3204
f 3112 3203 3205
f 3115 3113 3204
f 3114 3205 3207
f 3115 3206 3208
f 3116 3207 3209
f 3119 3117 3208
f 3120 3118 3209
f 3119 3210 3212
f 3120 3211 3213
f 3122 3213 3214
f 3124 3123 3214
f 3124 3215 3216
f 3126 3125 3216
f 3128 3126 3217
f 3127 3218 3220
f 3128 3219 3221
f 3129 3220 3222
f 3132 3130 3221
f 3133 3131 3222
f 3134 3132 3223
f 3133 3224 3226
f 3136 3134 3225
f 3137 3135 3226
f 3136 3227 3229
f 3139 3137 3228
f 3138 3229 3231
f 3141 3139 3230
f 3140 3231 3233
f 3141 3232 3234
f 3144 3142 3233
f 3143 3234 3236
f 3146 3144 3235
f 3147 3145 3236
f 3148 3146 3237
f 3147 3238 3240
f 3148 3239 3241
f 3151 3149 3240
f 3152 3150 3241
f 3151 3242 3244
f 3152 3243 3245
f 3153 3244 3246
f 3154 3245 3247
f 3157 3155 3246
f 3158 3156 3247
f 3157 3248 3250
f 3158 3249 3251
f 3161 3159 3250
f 3162 3160 3251
f 3163 3161 3252
f 3162 3253 3255
f 3165 3163 3254
f 3164 3255 3257
f 3165 3256 3258
f 3167 3166 3257
f 3070 3069 3258
f 3167 3259 3261
f 3070 3260 3262
f 3073 3071 3261
f 3072 3262 3264
f 3073 3263 3265
f 3076 3074 3264
f 3077 3075 3265
f 3076 3266 3170
f 3178 3365 3267
f 3181 3179 3268
f 3182 3180 3267
f 3181 3269 3271
f 3184 3182 3270
f 3185 3183 3271
f 3186 3184 3272
f 3187 3185 3273
f 3188 3186 3274
f 3189 3187 3275
f 3188 3276 3278
f 3191 3189 3277
f 3192 3190 3278
f 3191 3279 3281
f 3192 3280 3282
f 3193 3281 3283
f 3196 3194 3282
f 3195 3283 3285
f 3198 3196 3284
f 3199 3197 3285
f 3198 3286 3288
f 3201 3199 3287
f 3202 3200 3288
f 3203 3201 3289
f 3202 3290 3292
f 3203 3291 3293
f 3206 3204 3292
f 3205 3293 3295
f 3206 3294 3296
f 3207 3295 3297
f 3210 3208 3296
f 3211 3209 3297
f 3210 3298 3300
f 3211 3299 3301
f 3213 3301 3302
f 3215 3214 3302
f 3215 3303 3304
f 3217 3216 3304
f 3219 3217 3305
f 3218 3306 3308
f 3219 3307 3309
f 3220 3308 3310
f 3223 3221 3309
f 3224 3222 3310
f 3225 3223 3311
f 3224 3312 3314
f 3227 3225 3313
f 3228 3226 3314
f 3227 3315 3317
f 3228 3316 3318
f 3229 3317 3319
f 3232 3230 3318
f 3231 3319 3321
f 3232 3320 3322
f 3235 3233 3321
f 3234 3322 3324
f 3237 3235 3323
f 3238 3236 3324
f 3239 3237 3325
f 3238 3326 3328
f 3239 3327 3329
f 3242 3240 3328
f 3241 3329 3331
f 3242 3330 3332
f 3243 3331 3333
f 3244 3332 3334
f 3245 3333 3335
f 3246 3334 3336
f 3249 3247 3335
f 3248 3336 3338
f 3249 3337 3339
f 3252 3250 3338
f 3253 3251 3339
f 3254 3252 3340
f 3253 3341 3343
f 3256 3254 3342
f 3255 3343 3345
f 3256 3344 3346
f 3259 3257 3345
f 3260 3258 3346
f 3259 3347 3349
f 3260 3348 3350
f 3263 3261 3349
f 3262 3350 3352
f 3263 3351 3353
f 3266 3264 3352
f 3168 3265 3353
f 3266 3354 3356
f 3169 3168 3355
f 3171 3170 3356
f 3169 3357 3359
f 3171 3358 3360
f 3174 3172 3359
f 3175 3173 3360
f 3174 3361 3363
f 3177 3175 3362
f 3176 3363 3365
f 3177 3364 3268
f 3277 3275 3366
f 3276 3464 3368
f 3279 3277 3367
f 3280 3278 3368
f 3279 3369 3371
f 3280 3370 3372
f 3281 3371 3373
f 3284 3282 3372
f 3283 3373 3375
f 3284 3374 3376
f 3287 3285 3375
f 3286 3376 3378
f 3289 3287 3377
f 3288 3378 3380
f 3291 3289 3379
f 3290 3380 3382
f 3291 3381 3383
f 3294 3292 3382
f 3293 3383 3385
f 3294 3384 3386
f 3295 3385 3387
f 3298 3296 3386
f 3299 3297 3387
f 3298 3388 3390
f 3299 3389 3391
f 3301 3391 3392
f 3303 3302 3392
f 3303 3393 3394
f 3305 3304 3394
f 3307 3305 3395
f 3308 3306 3396
f 3307 3397 3399
f 3308 3398 3400
f 3311 3309 3399
f 3310 3400 3402
f 3313 3311 3401
f 3312 3402 3404
f 3315 3313 3403
f 3316 3314 3404
f 3315 3405 3407
f 3318 3316 3406
f 3317 3407 3409
f 3320 3318 3408
f 3319 3409 3411
f 3320 3410 3412
f 3323 3321 3411
f 3322 3412 3414
f 3325 3323 3413
f 3326 3324 3414
f 3327 3325 3415
f 3326 3416 3418
f 3327 3417 3419
f 3330 3328 3418
f 3331 3329 3419
f 3330 3420 3422
f 3331 3421 3423
f 3332 3422 3424
f 3333 3423 3425
f 3336 3334 3424
f 3337 3335 3425
f 3336 3426 3428
f 3337 3427 3429
f 3340 3338 3428
f 3341 3339 3429
f 3342 3340 3430
f 3341 3431 3433
f 3344 3342 3432
f 3343 3433 3435
f 3344 3434 3436
f 3347 3345 3435
f 3348 3346 3436
f 3347 3437 3439
f 3348 3438 3440
f 3351 3349 3439
f 3350 3440 3442
f 3351 3441 3443
f 3354 3352 3442
f 3355 3353 3443
f 3354 3444 3446
f 3357 3355 3445
f 3358 3356 3446
f 3357 3447 3449
f 3358 3448 3450
f 3361 3359 3449
f 3362 3360 3450
f 3361 3451 3453
f 3364 3362 3452
f 3363 3453 3455
f 3364 3454 3456
f 3365 3455 3457
f 3269 3268 3456
f 3270 3267 3457
f 3269 3458 3460
f 3270 3459 3461
f 3273 3271 3460
f 3274 3272 3461
f 3275 3273 3462
f 3276 3274 3463
f 3376 3374 3465
f 3377 3375 3467
f 3376 3466 3469
f 3379 3377 3468
f 3378 3469 3471
f 3381 3379 3470
f 3382 3380 3471
f 3381 3472 3474
f 3382 3473 3475
f 3383 3474 3476
f 3384 3475 3477
f 3385 3476 3478
f 3386 3477 3479
f 3389 3387 3478
f 3390 3388 3479
f 3389 3480 3482
f 3391 3482 3483
f 3393 3392 3483
f 3393 3484 3485
f 3395 3394 3485
f 3397 3395 3486
f 3396 3487 3489
f 3397 3488 3490
f 3398 3489 3491
f 3401 3399 3490
f 3402 3400 3491
f 3403 3401 3492
f 3402 3493 3495
f 3405 3403 3494
f 3406 3404 3495
f 3405 3496 3498
f 3406 3497 3499
f 3407 3498 3500
f 3410 3408 3499
f 3409 3500 3502
f 3410 3501 3503
f 3411 3502 3504
f 3412 3503 3505
f 3415 3413 3504
f 3416 3414 3505
f 3417 3415 3506
f 3416 3507 3509
f 3417 3508 3510
f 3420 3418 3509
f 3419 3510 3512
f 3420 3511 3513
f 3421 3512 3514
f 3422 3513 3515
f 3423 3514 3516
f 3426 3424 3515
f 3427 3425 3516
f 3426 3517 3519
f 3427 3518 3520
f 3430 3428 3519
f 3431 3429 3520
f 3432 3430 3521
f 3431 3522 3524
f 3434 3432 3523
f 3433 3524 3526
f 3434 3525 3527
f 3437 3435 3526
f 3438 3436 3527
f 3437 3528 3530
f 3438 3529 3531
f 3441 3439 3530
f 3440 3531 3533
f 3441 3532 3534
f 3444 3442 3533
f 3445 3443 3534
f 3444 3535 3537
f 3447 3445 3536
f 3448 3446 3537
f 3447 3538 3540
f 3448 3539 3541
f 3451 3449 3540
f 3452 3450 3541
f 3451 3542 3544
f 3454 3452 3543
f 3453 3544 3546
f 3454 3545 3547
f 3455 3546 3548
f 3458 3456 3547
f 3459 3457 3548
f 3458 3549 3551
f 3459 3550 3552
f 3462 3460 3551
f 3463 3461 3552
f 3366 3462 3553
f 3464 3463 3554
f 3366 3555 3557
f 3464 3556 3558
f 3369 3367 3557
f 3370 3368 3558
f 3369 3559 3561
f 3370 3560 3562
f 3371 3561 3563
f 3374 3372 3562
f 3375 3373 3563
f 3546 3662 3564
f 3549 3547 3565
f 3550 3548 3564
f 3549 3566 3568
f 3552 3550 3567
f 3553 3551 3568
f 3554 3552 3569
f 3555 3553 3570
f 3554 3571 3573
f 3557 3555 3572
f 3556 3573 3575
f 3559 3557 3574
f 3560 3558 3575
f 3559 3576 3578
f 3560 3577 3579
f 3561 3578 3580
f 3465 3562 3579
f 3467 3563 3580
f 3466 3465 3581
f 3468 3467 3582
f 3466 3583 3585
f 3470 3468 3584
f 3469 3585 3587
f 3472 3470 3586
f 3471 3587 3589
f 3472 3588 3590
f 3475 3473 3589
f 3474 3590 3592
f 3475 3591 3593
f 3476 3592 3594
f 3479 3477 3593
f 3480 3478 3594
f 3479 3595 3597
f 3480 3596 3598
f 3482 3598 3599
f 3484 3483 3599
f 3484 3600 3601
f 3486 3485 3601
f 3488 3486 3602
f 3489 3487 3603
f 3488 3604 3606
f 3489 3605 3607
f 3492 3490 3606
f 3491 3607 3609
f 3494 3492 3608
f 3493 3609 3611
f 3496 3494 3610
f 3497 3495 3611
f 3496 3612 3614
f 3499 3497 3613
f 3498 3614 3616
f 3501 3499 3615
f 3500 3616 3618
f 3501 3617 3619
f 3502 3618 3620
f 3503 3619 3621
f 3506 3504 3620
f 3507 3505 3621
f 3508 3506 3622
f 3507 3623 3625
f 3508 3624 3626
f 3511 3509 3625
f 3512 3510 3626
f 3513 3511 3627
f 3512 3628 3630
f 3513 3629 3631
f 3514 3630 3632
f 3515 3631 3633
f 3518 3516 3632
f 3517 3633 3635
f 3518 3634 3636
f 3521 3519 3635
f 3522 3520 3636
f 3523 3521 3637
f 3522 3638 3640
f 3525 3523 3639
f 3524 3640 3642
f 3525 3641 3643
f 3528 3526 3642
f 3529 3527 3643
f 3528 3644 3646
f 3529 3645 3647
f 3532 3530 3646
f 3531 3647 3649
f 3532 3648 3650
f 3535 3533 3649
f 3536 3534 3650
f 3535 3651 3653
f 3538 3536 3652
f 3539 3537 3653
f 3538 3654 3656
f 3539 3655 3657
f 3542 3540 3656
f 3543 3541 3657
f 3542 3658 3660
f 3545 3543 3659
f 3544 3660 3662
f 3545 3661 3565
f 3574 3572 3663
f 3573 3761 3665
f 3576 3574 3664
f 3577 3575 3665
f 3576 3666 3668
f 3577 3667 3669
f 3578 3668 3670
f 3581 3579 3669
f 3582 3580 3670
f 3583 3581 3671
f 3584 3582 3672
f 3583 3673 3675
f 3586 3584 3674
f 3587 3585 3675
f 3588 3586 3676
f 3587 3677 3679
f 3588 3678 3680
f 3591 3589 3679
f 3590 3680 3682
f 3591 3681 3683
f 3592 3682 3684
f 3593 3683 3685
f 3596 3594 3684
f 3595 3685 3687
f 3596 3686 3688
f 3598 3688 3689
f 3600 3599 3689
f 3600 3690 3691
f 3602 3601 3691
f 3604 3602 3692
f 3605 3603 3693
f 3604 3694 3696
f 3605 3695 3697
f 3608 3606 3696
f 3609 3607 3697
f 3610 3608 3698
f 3609 3699 3701
f 3612 3610 3700
f 3613 3611 3701
f 3612 3702 3704
f 3613 3703 3705
f 3614 3704 3706
f 3617 3615 3705
f 3616 3706 3708
f 3617 3707 3709
f 3618 3708 3710
f 3619 3709 3711
f 3622 3620 3710
f 3623 3621 3711
f 3624 3622 3712
f 3623 3713 3715
f 3624 3714 3716
f 3627 3625 3715
f 3626 3716 3718
f 3629 3627 3717
f 3628 3718 3720
f 3629 3719 3721
f 3630 3720 3722
f 3631 3721 3723
f 3634 3632 3722
f 3633 3723 3725
f 3634 3724 3726
f 3637 3635 3725
f 3638 3636 3726
f 3639 3637 3727
f 3638 3728 3730
f 3641 3639 3729
f 3640 3730 3732
f 3641 3731 3733
f 3644 3642 3732
f 3645 3643 3733
f 3644 3734 3736
f 3645 3735 3737
f 3648 3646 3736
f 3647 3737 3739
f 3648 3738 3740
f 3651 3649 3739
f 3652 3650 3740
f 3651 3741 3743
f 3654 3652 3742
f 3655 3653 3743
f 3654 3744 3746
f 3655 3745 3747
f 3658 3656 3746
f 3659 3657 3747
f 3658 3748 3750
f 3661 3659 3749
f 3660 3750 3752
f 3661 3751 3753
f 3662 3752 3754
f 3566 3565 3753
f 3567 3564 3754
f 3566 3755 3757
f 3569 3567 3756
f 3570 3568 3757
f 3571 3569 3758
f 3572 3570 3759
f 3571 3760 3761
f 3673 3671 3762
f 3674 3672 3764
f 3673 3763 3766
f 3676 3674 3765
f 3675 3766 3768
f 3678 3676 3767
f 3677 3768 3770
f 3678 3769 3771
f 3681 3679 3770
f 3680 3771 3773
f 3681 3772 3774
f 3682 3773 3775
f 3685 3683 3774
f 3686 3684 3775
f 3687 3685 3776
f 3686 3777 3779
f 3688 3779 3780
f 3690 3689 3780
f 3690 3781 3782
f 3692 3691 3782
f 3694 3692 3783
f 3693 3784 3786
f 3694 3785 3787
f 3695 3786 3788
f 3698 3696 3787
f 3699 3697 3788
f 3700 3698 3789
f 3699 3790 3792
f 3702 3700 3791
f 3703 3701 3792
f 3702 3793 3795
f 3705 3703 3794
f 3704 3795 3797
f 3707 3705 3796
f 3706 3797 3799
f 3707 3798 3800
f 3710 3708 3799
f 3709 3800 3802
f 3712 3710 3801
f 3713 3711 3802
f 3714 3712 3803
f 3713 3804 3806
f 3714 3805 3807
f 3717 3715 3806
f 3718 3716 3807
f 3719 3717 3808
f 3718 3809 3811
f 3719 3810 3812
f 3720 3811 3813
f 3721 3812 3814
f 3724 3722 3813
f 3723 3814 3816
f 3724 3815 3817
f 3727 3725 3816
f 3728 3726 3817
f 3729 3727 3818
f 3728 3819 3821
f 3731 3729 3820
f 3730 3821 3823
f 3731 3822 3824
f 3734 3732 3823
f 3735 3733 3824
f 3734 3825 3827
f 3735 3826 3828
f 3738 3736 3827
f 3737 3828 3830
f 3738 3829 3831
f 3741 3739 3830
f 3742 3740 3831
f 3741 3832 3834
f 3744 3742 3833
f 3745 3743 3834
f 3744 3835 3837
f 3745 3836 3838
f 3748 3746 3837
f 3749 3747 3838
f 3748 3839 3841
f 3751 3749 3840
f 3750 3841 3843
f 3751 3842 3844
f 3752 3843 3845
f 3755 3753 3844
f 3756 3754 3845
f 3755 3846 3848
f 3758 3756 3847
f 3759 3757 3848
f 3760 3758 3849
f 3663 3759 3850
f 3761 3760 3851
f 3663 3852 3854
f 3761 3853 3855
f 3666 3664 3854
f 3667 3665 3855
f 3666 3856 3858
f 3667 3857 3859
f 3668 3858 3860
f 3671 3669 3859
f 3670 3860 3764
f 3771 3958 3861
f 3772 3959 3862
f 3773 3861 3863
f 3776 3774 3862
f 3777 3775 3863
f 3776 3864 3866
f 3777 3865 3867
f 3779 3867 3868
f 3781 3780 3868
f 3781 3869 3870
f 3783 3782 3870
f 3785 3783 3871
f 3786 3784 3872
f 3785 3873 3875
f 3786 3874 3876
f 3789 3787 3875
f 3790 3788 3876
f 3791 3789 3877
f 3790 3878 3880
f 3793 3791 3879
f 3794 3792 3880
f 3793 3881 3883
f 3796 3794 3882
f 3797 3795 3883
f 3798 3796 3884
f 3797 3885 3887
f 3798 3886 3888
f 3801 3799 3887
f 3800 3888 3890
f 3803 3801 3889
f 3804 3802 3890
f 3805 3803 3891
f 3804 3892 3894
f 3805 3893 3895
f 3808 3806 3894
f 3809 3807 3895
f 3808 3896 3898
f 3809 3897 3899
f 3810 3898 3900
f 3811 3899 3901
f 3812 3900 3902
f 3815 3813 3901
f 3814 3902 3904
f 3815 3903 3905
f 3818 3816 3904
f 3819 3817 3905
f 3818 3906 3908
f 3819 3907 3909
f 3822 3820 3908
f 3821 3909 3911
f 3822 3910 3912
f 3825 3823 3911
f 3826 3824 3912
f 3825 3913 3915
f 3826 3914 3916
f 3829 3827 3915
f 3828 3916 3918
f 3829 3917 3919
f 3832 3830 3918
f 3833 3831 3919
f 3832 3920 3922
f 3835 3833 3921
f 3836 3834 3922
f 3835 3923 3925
f 3836 3924 3926
f 3839 3837 3925
f 3840 3838 3926
f 3839 3927 3929
f 3842 3840 3928
f 3843 3841 3929
f 3842 3930 3932
f 3843 3931 3933
f 3846 3844 3932
f 3847 3845 3933
f 3846 3934 3936
f 3849 3847 3935
f 3850 3848 3936
f 3851 3849 3937
f 3852 3850 3938
f 3851 3939 3941
f 3852 3940 3942
f 3853 3941 3943
f 3856 3854 3942
f 3857 3855 3943
f 3856 3944 3946
f 3857 3945 3947
f 3858 3946 3948
f 3762 3859 3947
f 3860 3948 3950
f 3763 3762 3949
f 3765 3764 3950
f 3763 3951 3953
f 3765 3952 3954
f 3766 3953 3955
f 3769 3767 3954
f 3768 3955 3957
f 3769 3956 3958
f 3772 3770 3957
f 3869 3868 3960
f 3870 3869 3961
f 3871 3870 3962
f 3873 3871 3963
f 3874 3872 3964
f 3873 3965 3967
f 3874 3966 3968
f 3877 3875 3967
f 3878 3876 3968
f 3879 3877 3969
f 3878 3970 3972
f 3881 3879 3971
f 3882 3880 3972
f 3881 3973 3975
f 3882 3974 3976
f 3885 3883 3975
f 3886 3884 3976
f 3885 3977 3979
f 3886 3978 3980
f 3889 3887 3979
f 3888 3980 3982
f 3891 3889 3981
f 3892 3890 3982
f 3893 3891 3983
f 3892 3984 3986
f 3893 3985 3987
f 3896 3894 3986
f 3897 3895 3987
f 3898 3896 3988
f 3897 3989 3991
f 3898 3990 3992
f 3899 3991 3993
f 3902 3900 3992
f 3903 3901 3993
f 3902 3994 3996
f 3903 3995 3997
f 3906 3904 3996
f 3907 3905 3997
f 3908 3906 3998
f 3907 3999 4001
f 3910 3908 4000
f 3909 4001 4003
f 3910 4002 4004
f 3913 3911 4003
f 3914 3912 4004
f 3913 4005 4007
f 3914 4006 4008
f 3917 3915 4007
f 3916 4008 4010
f 3917 4009 4011
f 3920 3918 4010
f 3921 3919 4011
f 3920 4012 4014
f 3923 3921 4013
f 3924 3922 4014
f 3923 4015 4017
f 3924 4016 4018
f 3927 3925 4017
f 3928 3926 4018
f 3927 4019 4021
f 3930 3928 4020
f 3929 4021 4023
f 3930 4022 4024
f 3931 4023 4025
f 3934 3932 4024
f 3935 3933 4025
f 3934 4026 4028
f 3935 4027 4029
f 3938 3936 4028
f 3939 3937 4029
f 3940 3938 4030
f 3939 4031 4033
f 3940 4032 4034
f 3941 4033 4035
f 3944 3942 4034
f 3945 3943 4035
f 3944 4036 4038
f 3945 4037 4039
f 3946 4038 4040
f 3949 3947 4039
f 3948 4040 4042
f 3951 3949 4041
f 3952 3950 4042
f 3951 4043 4045
f 3954 3952 4044
f 3953 4045 4047
f 3956 3954 4046
f 3955 4047 4049
f 3956 4048 4050
f 3959 3957 4049
f 3958 4050 4052
f 3959 4051 4053
f 3861 4052 4054
f 3862 4053 4055
f 3865 3863 4054
f 3864 4055 4057
f 3865 4056 4058
f 3867 4058 3960
f 3966 4157 4059
f 3969 3967 4060
f 3968 4059 4062
f 3971 3969 4061
f 3970 4062 4064
f 3971 4063 4065
f 3974 3972 4064
f 3973 4065 4067
f 3974 4066 4068
f 3975 4067 4069
f 3978 3976 4068
f 3977 4069 4071
f 3978 4070 4072
f 3981 3979 4071
f 3980 4072 4074
f 3983 3981 4073
f 3984 3982 4074
f 3985 3983 4075
f 3984 4076 4078
f 3985 4077 4079
f 3988 3986 4078
f 3989 3987 4079
f 3990 3988 4080
f 3989 4081 4083
f 3990 4082 4084
f 3991 4083 4085
f 3994 3992 4084
f 3995 3993 4085
f 3994 4086 4088
f 3995 4087 4089
f 3998 3996 4088
f 3999 3997 4089
f 4000 3998 4090
f 3999 4091 4093
f 4002 4000 4092
f 4001 4093 4095
f 4002 4094 4096
f 4005 4003 4095
f 4006 4004 4096
f 4005 4097 4099
f 4006 4098 4100
f 4009 4007 4099
f 4008 4100 4102
f 4009 4101 4103
f 4012 4010 4102
f 4013 4011 4103
f 4012 4104 4106
f 4015 4013 4105
f 4016 4014 4106
f 4015 4107 4109
f 4016 4108 4110
f 4019 4017 4109
f 4020 4018 4110
f 4019 4111 4113
f 4022 4020 4112
f 4021 4113 4115
f 4022 4114 4116
f 4023 4115 4117
f 4026 4024 4116
f 4027 4025 4117
f 4026 4118 4120
f 4027 4119 4121
f 4030 4028 4120
f 4031 4029 4121
f 4032 4030 4122
f 4031 4123 4125
f 4032 4124 4126
f 4033 4125 4127
f 4036 4034 4126
f 4037 4035 4127
f 4036 4128 4130
f 4037 4129 4131
f 4038 4130 4132
f 4041 4039 4131
f 4040 4132 4134
f 4043 4041 4133
f 4044 4042 4134
f 4043 4135 4137
f 4044 4136 4138
f 4047 4045 4137
f 4048 4046 4138
f 4047 4139 4141
f 4050 4048 4140
f 4051 4049 4141
f 4050 4142 4144
f 4051 4143 4145
f 4052 4144 4146
f 4055 4053 4145
f 4056 4054 4146
f 4055 4147 4149
f 4056 4148 4150
f 4058 4150 4151
f 3961 3960 4151
f 3961 4152 4153
f 3963 3962 4153
f 3965 3963 4154
f 3966 3964 4155
f 3965 4156 4060
f 4067 4256 4158
f 4070 4068 4159
f 4069 4158 4161
f 4070 4160 4162
f 4073 4071 4161
f 4072 4162 4164
f 4075 4073 4163
f 4076 4074 4164
f 4077 4075 4165
f 4076 4166 4168
f 4077 4167 4169
f 4080 4078 4168
f 4081 4079 4169
f 4082 4080 4170
f 4081 4171 4173
f 4082 4172 4174
f 4083 4173 4175
f 4086 4084 4174
f 4087 4085 4175
f 4086 4176 4178
f 4087 4177 4179
f 4090 4088 4178
f 4091 4089 4179
f 4092 4090 4180
f 4091 4181 4183
f 4094 4092 4182
f 4093 4183 4185
f 4094 4184 4186
f 4097 4095 4185
f 4098 4096 4186
f 4097 4187 4189
f 4098 4188 4190
f 4101 4099 4189
f 4100 4190 4192
f 4101 4191 4193
f 4104 4102 4192
f 4105 4103 4193
f 4104 4194 4196
f 4107 4105 4195
f 4108 4106 4196
f 4107 4197 4199
f 4108 4198 4200
f 4111 4109 4199
f 4112 4110 4200
f 4111 4201 4203
f 4114 4112 4202
f 4113 4203 4205
f 4114 4204 4206
f 4115 4205 4207
f 4118 4116 4206
f 4119 4117 4207
f 4118 4208 4210
f 4119 4209 4211
f 4122 4120 4210
f 4123 4121 4211
f 4124 4122 4212
f 4123 4213 4215
f 4124 4214 4216
f 4125 4215 4217
f 4128 4126 4216
f 4129 4127 4217
f 4128 4218 4220
f 4129 4219 4221
f 4130 4220 4222
f 4133 4131 4221
f 4132 4222 4224
f 4135 4133 4223
f 4136 4134 4224
f 4135 4225 4227
f 4138 4136 4226
f 4137 4227 4229
f 4140 4138 4228
f 4139 4229 4231
f 4140 4230 4232
f 4143 4141 4231
f 4142 4232 4234
f 4143 4233 4235
f 4144 4234 4236
f 4145 4235 4237
f 4148 4146 4236
f 4147 4237 4239
f 4148 4238 4240
f 4150 4240 4241
f 4152 4151 4241
f 4152 4242 4243
f 4154 4153 4243
f 4156 4154 4244
f 4155 4245 4247
f 4156 4246 4248
f 4157 4247 4249
f 4061 4060 4248
f 4062 4059 4249
f 4063 4061 4250
f 4062 4251 4253
f 4063 4252 4254
f 4066 4064 4253
f 4065 4254 4256
f 4068 4066 4255
f 4166 4354 4257
f 4167 4355 4258
f 4170 4168 4257
f 4171 4169 4258
f 4172 4170 4259
f 4171 4260 4262
f 4172 4261 4263
f 4173 4262 4264
f 4176 4174 4263
f 4177 4175 4264
f 4176 4265 4267
f 4177 4266 4268
f 4180 4178 4267
f 4181 4179 4268
f 4182 4180 4269
f 4181 4270 4272
f 4184 4182 4271
f 4183 4272 4274
f 4184 4273 4275
f 4187 4185 4274
f 4188 4186 4275
f 4187 4276 4278
f 4188 4277 4279
f 4191 4189 4278
f 4190 4279 4281
f 4191 4280 4282
f 4194 4192 4281
f 4195 4193 4282
f 4194 4283 4285
f 4197 4195 4284
f 4198 4196 4285
f 4197 4286 4288
f 4198 4287 4289
f 4201 4199 4288
f 4202 4200 4289
f 4201 4290 4292
f 4204 4202 4291
f 4203 4292 4294
f 4204 4293 4295
f 4205 4294 4296
f 4208 4206 4295
f 4209 4207 4296
f 4208 4297 4299
f 4209 4298 4300
f 4212 4210 4299
f 4213 4211 4300
f 4214 4212 4301
f 4213 4302 4304
f 4214 4303 4305
f 4215 4304 4306
f 4218 4216 4305
f 4219 4217 4306
f 4218 4307 4309
f 4219 4308 4310
f 4220 4309 4311
f 4223 4221 4310
f 4222 4311 4313
f 4225 4223 4312
f 4226 4224 4313
f 4225 4314 4316
f 4228 4226 4315
f 4227 4316 4318
f 4230 4228 4317
f 4229 4318 4320
f 4230 4319 4321
f 4233 4231 4320
f 4232 4321 4323
f 4233 4322 4324
f 4234 4323 4325
f 4235 4324 4326
f 4238 4236 4325
f 4237 4326 4328
f 4240 4238 4327
f 4240 4329 4330
f 4242 4241 4330
f 4242 4331 4332
f 4244 4243 4332
f 4244 4333 4335
f 4245 4334 4336
f 4246 4335 4337
f 4247 4336 4338
f 4250 4248 4337
f 4249 4338 4340
f 4252 4250 4339
f 4251 4340 4342
f 4254 4252 4341
f 4255 4253 4342
f 4254 4343 4345
f 4159 4255 4344
f 4256 4345 4347
f 4160 4159 4346
f 4158 4347 4349
f 4160 4348 4350
f 4163 4161 4349
f 4162 4350 4352
f 4165 4163 4351
f 4166 4164 4352
f 4167 4165 4353
f 4321 4452 4356
f 4265 4453 4357
f 4322 4454 4358
f 4323 4356 4359
f 4269 4267 4357
f 4326 4324 4358
f 4327 4325 4359
f 4271 4269 4360
f 4326 4361 4364
f 4329 4327 4362
f 4273 4271 4363
f 4329 4365 4367
f 4273 4366 4368
f 4331 4330 4367
f 4277 4275 4368
f 4331 4369 4371
f 4277 4370 4372
f 4333 4332 4371
f 4279 4372 4374
f 4333 4373 4375
f 4283 4281 4374
f 4335 4375 4377
f 4283 4376 4378
f 4339 4337 4377
f 4287 4285 4378
f 4341 4339 4379
f 4287 4380 4382
f 4343 4341 4381
f 4291 4289 4382
f 4343 4383 4385
f 4345 4385 4386
f 4347 4386 4387
f 4351 4349 4387
f 4353 4351 4388
f 4355 4353 4389
f 4355 4390 4391
f 4260 4258 4391
f 4260 4392 4393
f 4262 4393 4394
f 4266 4264 4394
f 4266 4395 4396
f 4270 4268 4396
f 4270 4397 4398
f 4272 4398 4399
f 4276 4274 4399
f 4276 4400 4401
f 4280 4278 4401
f 4280 4402 4403
f 4284 4282 4403
f 4286 4284 4404
f 4286 4405 4406
f 4290 4288 4406
f 4290 4407 4409
f 4293 4291 4384
f 4334 4408 4411
f 4292 4409 4412
f 4293 4410 4413
f 4336 4411 4414
f 4296 4294 4412
f 4297 4295 4413
f 4340 4338 4414
f 4298 4296 4415
f 4297 4416 4419
f 4340 4417 4420
f 4298 4418 4421
f 4301 4299 4419
f 4344 4342 4420
f 4302 4300 4421
f 4303 4301 4422
f 4344 4423 4426
f 4302 4424 4427
f 4303 4425 4428
f 4348 4346 4426
f 4304 4427 4430
f 4307 4305 4428
f 4348 4429 4432
f 4308 4306 4430
f 4307 4431 4434
f 4350 4432 4435
f 4308 4433 4436
f 4309 4434 4437
f 4354 4352 4435
f 4310 4436 4439
f 4311 4437 4440
f 4354 4438 4441
f 4314 4312 4439
f 4315 4313 4440
f 4259 4257 4441
f 4314 4442 4445
f 4317 4315 4443
f 4261 4259 4444
f 4316 4445 4448
f 4319 4317 4446
f 4261 4447 4450
f 4318 4448 4451
f 4319 4449 4452
f 4263 4450 4453
f 4322 4320 4451
f 4369 4367 4455
f 4369 4456 4457
f 4373 4371 4457
f 4373 4458 4460
f 4408 4459 4461
f 4375 4460 4462
f 4414 4411 4461
f 4379 4377 4462
f 4417 4414 4463
f 4381 4379 4464
f 4417 4465 4467
f 4383 4381 4466
f 4423 4420 4467
f 4383 4468 4470
f 4426 4423 4469
f 4385 4470 4472
f 4429 4426 4471
f 4386 4472 4474
f 4429 4473 4475
f 4388 4387 4474
f 4432 4475 4477
f 4389 4388 4476
f 4438 4435 4477
f 4390 4389 4478
f 4438 4479 4481
f 4390 4480 4482
f 4444 4441 4481
f 4392 4391 4482
f 4447 4444 4483
f 4392 4484 4486
f 4447 4485 4487
f 4393 4486 4488
f 4453 4450 4487
f 4395 4394 4488
f 4453 4489 4491
f 4395 4490 4492
f 4360 4357 4491
f 4397 4396 4492
f 4363 4360 4493
f 4397 4494 4496
f 4366 4363 4495
f 4398 4496 4498
f 4366 4497 4499
f 4400 4399 4498
f 4370 4368 4499
f 4400 4500 4502
f 4370 4501 4503
f 4402 4401 4502
f 4372 4503 4505
f 4402 4504 4506
f 4376 4374 4505
f 4404 4403 4506
f 4376 4507 4509
f 4405 4404 4508
f 4380 4378 4509
f 4405 4510 4512
f 4380 4511 4513
f 4407 4406 4512
f 4384 4382 4513
f 4407 4514 4516
f 4410 4384 4515
f 4409 4516 4518
f 4410 4517 4519
f 4412 4518 4520
f 4416 4413 4519
f 4418 4415 4520
f 4416 4521 4523
f 4418 4522 4524
f 4422 4419 4523
f 4424 4421 4524
f 4425 4422 4525
f 4424 4526 4528
f 4425 4527 4529
f 4427 4528 4530
f 4431 4428 4529
f 4433 4430 4530
f 4431 4531 4533
f 4433 4532 4534
f 4434 4533 4535
f 4439 4436 4534
f 4437 4535 4537
f 4442 4439 4536
f 4443 4440 4537
f 4442 4538 4540
f 4443 4539 4541
f 4445 4540 4542
f 4449 4446 4541
f 4448 4542 4544
f 4449 4543 4545
f 4454 4451 4544
f 4452 4545 4547
f 4454 4546 4548
f 4356 4547 4549
f 4358 4548 4550
f 4362 4359 4549
f 4361 4550 4552
f 4362 4551 4553
f 4365 4553 4455
f 4460 4651 4554
f 4461 4652 4555
f 4464 4462 4554
f 4465 4463 4555
f 4466 4464 4556
f 4465 4557 4559
f 4468 4466 4558
f 4469 4467 4559
f 4468 4560 4562
f 4471 4469 4561
f 4470 4562 4564
f 4473 4471 4563
f 4472 4564 4566
f 4473 4565 4567
f 4476 4474 4566
f 4475 4567 4569
f 4478 4476 4568
f 4479 4477 4569
f 4480 4478 4570
f 4479 4571 4573
f 4480 4572 4574
f 4483 4481 4573
f 4484 4482 4574
f 4485 4483 4575
f 4484 4576 4578
f 4485 4577 4579
f 4486 4578 4580
f 4489 4487 4579
f 4490 4488 4580
f 4489 4581 4583
f 4490 4582 4584
f 4491 4583 4585
f 4494 4492 4584
f 4495 4493 4585
f 4494 4586 4588
f 4497 4495 4587
f 4496 4588 4590
f 4497 4589 4591
f 4500 4498 4590
f 4501 4499 4591
f 4500 4592 4594
f 4501 4593 4595
f 4504 4502 4594
f 4503 4595 4597
f 4504 4596 4598
f 4507 4505 4597
f 4508 4506 4598
f 4507 4599 4601
f 4510 4508 4600
f 4511 4509 4601
f 4510 4602 4604
f 4511 4603 4605
f 4514 4512 4604
f 4515 4513 4605
f 4514 4606 4608
f 4517 4515 4607
f 4516 4608 4610
f 4517 4609 4611
f 4518 4610 4612
f 4521 4519 4611
f 4522 4520 4612
f 4521 4613 4615
f 4522 4614 4616
f 4525 4523 4615
f 4526 4524 4616
f 4527 4525 4617
f 4526 4618 4620
f 4527 4619 4621
f 4528 4620 4622
f 4531 4529 4621
f 4532 4530 4622
f 4531 4623 4625
f 4532 4624 4626
f 4533 4625 4627
f 4534 4626 4628
f 4535 4627 4629
f 4538 4536 4628
f 4539 4537 4629
f 4538 4630 4632
f 4541 4539 4631
f 4540 4632 4634
f 4543 4541 4633
f 4542 4634 4636
f 4543 4635 4637
f 4546 4544 4636
f 4545 4637 4639
f 4546 4638 4640
f 4547 4639 4641
f 4550 4548 4640
f 4551 4549 4641
f 4552 4550 4642
f 4553 4551 4643
f 4553 4645 4646
f 4456 4455 4646
f 4456 4647 4648
f 4458 4457 4648
f 4458 4649 4651
f 4459 4650 4652
f 4562 4751 4653
f 4565 4563 4654
f 4564 4653 4656
f 4565 4655 4657
f 4568 4566 4656
f 4567 4657 4659
f 4570 4568 4658
f 4571 4569 4659
f 4572 4570 4660
f 4571 4661 4663
f 4572 4662 4664
f 4575 4573 4663
f 4576 4574 4664
f 4577 4575 4665
f 4576 4666 4668
f 4577 4667 4669
f 4578 4668 4670
f 4581 4579 4669
f 4582 4580 4670
f 4581 4671 4673
f 4582 4672 4674
f 4585 4583 4673
f 4586 4584 4674
f 4587 4585 4675
f 4586 4676 4678
f 4589 4587 4677
f 4588 4678 4680
f 4589 4679 4681
f 4592 4590 4680
f 4593 4591 4681
f 4592 4682 4684
f 4593 4683 4685
f 4596 4594 4684
f 4595 4685 4687
f 4596 4686 4688
f 4599 4597 4687
f 4600 4598 4688
f 4599 4689 4691
f 4602 4600 4690
f 4603 4601 4691
f 4602 4692 4694
f 4603 4693 4695
f 4606 4604 4694
f 4607 4605 4695
f 4606 4696 4698
f 4609 4607 4697
f 4608 4698 4700
f 4609 4699 4701
f 4610 4700 4702
f 4613 4611 4701
f 4614 4612 4702
f 4613 4703 4705
f 4614 4704 4706
f 4617 4615 4705
f 4618 4616 4706
f 4619 4617 4707
f 4618 4708 4710
f 4619 4709 4711
f 4620 4710 4712
f 4623 4621 4711
f 4624 4622 4712
f 4623 4713 4715
f 4624 4714 4716
f 4625 4715 4717
f 4626 4716 4718
f 4627 4717 4719
f 4630 4628 4718
f 4631 4629 4719
f 4630 4720 4722
f 4633 4631 4721
f 4632 4722 4724
f 4635 4633 4723
f 4634 4724 4726
f 4635 4725 4727
f 4638 4636 4726
f 4637 4727 4729
f 4640 4638 4728
f 4639 4729 4731
f 4640 4730 4732
f 4643 4641 4731
f 4642 4732 4734
f 4645 4643 4733
f 4645 4735 4736
f 4647 4646 4736
f 4647 4737 4738
f 4649 4648 4738
f 4649 4739 4741
f 4650 4740 4742
f 4651 4741 4743
f 4652 4742 4744
f 4556 4554 4743
f 4557 4555 4744
f 4558 4556 4745
f 4557 4746 4748
f 4560 4558 4747
f 4561 4559 4748
f 4560 4749 4751
f 4563 4561 4750
f 4661 4849 4752
f 4662 4850 4753
f 4665 4663 4752
f 4666 4664 4753
f 4667 4665 4754
f 4666 4755 4757
f 4667 4756 4758
f 4668 4757 4759
f 4671 4669 4758
f 4672 4670 4759
f 4671 4760 4762
f 4672 4761 4763
f 4675 4673 4762
f 4676 4674 4763
f 4677 4675 4764
f 4676 4765 4767
f 4679 4677 4766
f 4678 4767 4769
f 4679 4768 4770
f 4682 4680 4769
f 4683 4681 4770
f 4682 4771 4773
f 4683 4772 4774
f 4686 4684 4773
f 4685 4774 4776
f 4686 4775 4777
f 4689 4687 4776
f 4690 4688 4777
f 4689 4778 4780
f 4692 4690 4779
f 4693 4691 4780
f 4692 4781 4783
f 4693 4782 4784
f 4696 4694 4783
f 4697 4695 4784
f 4696 4785 4787
f 4699 4697 4786
f 4698 4787 4789
f 4699 4788 4790
f 4700 4789 4791
f 4703 4701 4790
f 4704 4702 4791
f 4703 4792 4794
f 4704 4793 4795
f 4707 4705 4794
f 4708 4706 4795
f 4709 4707 4796
f 4708 4797 4799
f 4709 4798 4800
f 4710 4799 4801
f 4713 4711 4800
f 4714 4712 4801
f 4713 4802 4804
f 4714 4803 4805
f 4715 4804 4806
f 4718 4716 4805
f 4717 4806 4808
f 4720 4718 4807
f 4721 4719 4808
f 4720 4809 4811
f 4723 4721 4810
f 4722 4811 4813
f 4725 4723 4812
f 4724 4813 4815
f 4725 4814 4816
f 4728 4726 4815
f 4727 4816 4818
f 4728 4817 4819
f 4729 4818 4820
f 4730 4819 4821
f 4733 4731 4820
f 4732 4821 4823
f 4735 4733 4822
f 4735 4824 4825
f 4737 4736 4825
f 4737 4826 4827
f 4739 4738 4827
f 4739 4828 4830
f 4740 4829 4831
f 4741 4830 4832
f 4742 4831 4833
f 4745 4743 4832
f 4744 4833 4835
f 4747 4745 4834
f 4746 4835 4837
f 4749 4747 4836
f 4750 4748 4837
f 4749 4838 4840
f 4750 4839 4841
f 4751 4840 4842
f 4655 4654 4841
f 4653 4842 4844
f 4655 4843 4845
f 4658 4656 4844
f 4657 4845 4847
f 4660 4658 4846
f 4661 4659 4847
f 4662 4660 4848
f 4761 4759 4851
f 4760 4949 4853
f 4761 4852 4854
f 4764 4762 4853
f 4765 4763 4854
f 4766 4764 4855
f 4765 4856 4858
f 4768 4766 4857
f 4767 4858 4860
f 4768 4859 4861
f 4771 4769 4860
f 4772 4770 4861
f 4771 4862 4864
f 4772 4863 4865
f 4775 4773 4864
f 4774 4865 4867
f 4775 4866 4868
f 4778 4776 4867
f 4779 4777 4868
f 4778 4869 4871
f 4781 4779 4870
f 4782 4780 4871
f 4781 4872 4874
f 4782 4873 4875
f 4785 4783 4874
f 4786 4784 4875
f 4785 4876 4878
f 4788 4786 4877
f 4787 4878 4880
f 4788 4879 4881
f 4789 4880 4882
f 4792 4790 4881
f 4793 4791 4882
f 4792 4883 4885
f 4793 4884 4886
f 4796 4794 4885
f 4797 4795 4886
f 4798 4796 4887
f 4797 4888 4890
f 4798 4889 4891
f 4799 4890 4892
f 4802 4800 4891
f 4803 4801 4892
f 4802 4893 4895
f 4803 4894 4896
f 4804 4895 4897
f 4807 4805 4896
f 4806 4897 4899
f 4809 4807 4898
f 4810 4808 4899
f 4809 4900 4902
f 4812 4810 4901
f 4811 4902 4904
f 4814 4812 4903
f 4813 4904 4906
f 4814 4905 4907
f 4817 4815 4906
f 4816 4907 4909
f 4817 4908 4910
f 4818 4909 4911
f 4821 4819 4910
f 4822 4820 4911
f 4823 4821 4912
f 4824 4822 4913
f 4824 4915 4916
f 4826 4825 4916
f 4826 4917 4918
f 4828 4827 4918
f 4828 4919 4921
f 4831 4829 4920
f 4830 4921 4923
f 4831 4922 4924
f 4834 4832 4923
f 4835 4833 4924
f 4836 4834 4925
f 4835 4926 4928
f 4838 4836 4927
f 4839 4837 4928
f 4838 4929 4931
f 4839 4930 4932
f 4840 4931 4933
f 4843 4841 4932
f 4842 4933 4935
f 4843 4934 4936
f 4846 4844 4935
f 4845 4936 4938
f 4848 4846 4937
f 4849 4847 4938
f 4850 4848 4939
f 4849 4940 4942
f 4850 4941 4943
f 4754 4752 4942
f 4755 4753 4943
f 4754 4944 4946
f 4755 4945 4947
f 4756 4946 4948
f 4757 4947 4851
f 4760 4758 4948
f 4859 5048 4950
f 4862 4860 4951
f 4863 4861 4950
f 4862 4952 4954
f 4863 4953 4955
f 4866 4864 4954
f 4865 4955 4957
f 4866 4956 4958
f 4869 4867 4957
f 4870 4868 4958
f 4869 4959 4961
f 4872 4870 4960
f 4873 4871 4961
f 4872 4962 4964
f 4873 4963 4965
f 4876 4874 4964
f 4877 4875 4965
f 4876 4966 4968
f 4879 4877 4967
f 4878 4968 4970
f 4879 4969 4971
f 4880 4970 4972
f 4883 4881 4971
f 4884 4882 4972
f 4883 4973 4975
f 4884 4974 4976
f 4887 4885 4975
f 4888 4886 4976
f 4889 4887 4977
f 4888 4978 4980
f 4889 4979 4981
f 4890 4980 4982
f 4893 4891 4981
f 4894 4892 4982
f 4893 4983 4985
f 4894 4984 4986
f 4895 4985 4987
f 4898 4896 4986
f 4897 4987 4989
f 4900 4898 4988
f 4901 4899 4989
f 4900 4990 4992
f 4903 4901 4991
f 4902 4992 4994
f 4905 4903 4993
f 4904 4994 4996
f 4905 4995 4997
f 4908 4906 4996
f 4907 4997 4999
f 4908 4998 5000
f 4909 4999 5001
f 4912 4910 5000
f 4913 4911 5001
f 4912 5002 5004
f 4915 4913 5003
f 4915 5005 5006
f 4917 4916 5006
f 4917 5007 5008
f 4919 4918 5008
f 4919 5009 5011
f 4920 5010 5012
f 4921 5011 5013
f 4922 5012 5014
f 4925 4923 5013
f 4924 5014 5016
f 4927 4925 5015
f 4926 5016 5018
f 4929 4927 5017
f 4930 4928 5018
f 4929 5019 5021
f 4932 4930 5020
f 4931 5021 5023
f 4934 4932 5022
f 4933 5023 5025
f 4934 5024 5026
f 4937 4935 5025
f 4936 5026 5028
f 4939 4937 5027
f 4940 4938 5028
f 4941 4939 5029
f 4940 5030 5032
f 4941 5031 5033
f 4944 4942 5032
f 4945 4943 5033
f 4946 4944 5034
f 4945 5035 5037
f 4946 5036 5038
f 4947 5037 5039
f 4949 4948 5038
f 4852 4851 5039
f 4949 5040 5042
f 4852 5041 5043
f 4855 4853 5042
f 4856 4854 5043
f 4857 4855 5044
f 4856 5045 5047
f 4859 4857 5046
f 4858 5047 4951
f 4960 4958 5049
f 4959 5147 5051
f 4962 4960 5050
f 4963 4961 5051
f 4962 5052 5054
f 4963 5053 5055
f 4966 4964 5054
f 4967 4965 5055
f 4966 5056 5058
f 4969 4967 5057
f 4968 5058 5060
f 4969 5059 5061
f 4970 5060 5062
f 4973 4971 5061
f 4974 4972 5062
f 4973 5063 5065
f 4974 5064 5066
f 4977 4975 5065
f 4978 4976 5066
f 4979 4977 5067
f 4978 5068 5070
f 4979 5069 5071
f 4980 5070 5072
f 4983 4981 5071
f 4984 4982 5072
f 4983 5073 5075
f 4984 5074 5076
f 4985 5075 5077
f 4988 4986 5076
f 4987 5077 5079
f 4988 5078 5080
f 4991 4989 5079
f 4990 5080 5082
f 4993 4991 5081
f 4992 5082 5084
f 4995 4993 5083
f 4994 5084 5086
f 4995 5085 5087
f 4998 4996 5086
f 4997 5087 5089
f 4998 5088 5090
f 4999 5089 5091
f 5002 5000 5090
f 5003 5001 5091
f 5002 5092 5094
f 5005 5003 5093
f 5005 5095 5096
f 5007 5006 5096
f 5007 5097 5098
f 5009 5008 5098
f 5009 5099 5101
f 5010 5100 5102
f 5011 5101 5103
f 5012 5102 5104
f 5015 5013 5103
f 5016 5014 5104
f 5017 5015 5105
f 5016 5106 5108
f 5019 5017 5107
f 5020 5018 5108
f 5019 5109 5111
f 5022 5020 5110
f 5021 5111 5113
f 5024 5022 5112
f 5023 5113 5115
f 5024 5114 5116
f 5027 5025 5115
f 5026 5116 5118
f 5029 5027 5117
f 5030 5028 5118
f 5031 5029 5119
f 5030 5120 5122
f 5031 5121 5123
f 5034 5032 5122
f 5035 5033 5123
f 5036 5034 5124
f 5035 5125 5127
f 5036 5126 5128
f 5037 5127 5129
f 5040 5038 5128
f 5041 5039 5129
f 5040 5130 5132
f 5041 5131 5133
f 5044 5042 5132
f 5045 5043 5133
f 5046 5044 5134
f 5045 5135 5137
f 5048 5046 5136
f 5047 5137 5139
f 5048 5138 5140
f 4952 4951 5139
f 4953 4950 5140
f 4952 5141 5143
f 4953 5142 5144
f 4956 4954 5143
f 4955 5144 5146
f 4956 5145 5049
f 4959 4957 5146
f 5090 5088 5148
f 5059 5246 5150
f 5092 5090 5149
f 5063 5061 5150
f 5094 5092 5151
f 5063 5152 5154
f 5067 5065 5154
f 5069 5067 5155
f 5069 5156 5157
f 5073 5071 5157
f 5073 5158 5159
f 5075 5159 5160
f 5077 5160 5161
f 5081 5079 5161
f 5083 5081 5162
f 5085 5083 5163
f 5085 5164 5165
f 5113 5202 5166
f 5087 5165 5167
f 5117 5115 5166
f 5089 5167 5169
f 5119 5117 5168
f 5093 5091 5169
f 5121 5119 5170
f 5095 5093 5171
f 5121 5172 5174
f 5095 5173 5175
f 5125 5123 5174
f 5097 5096 5175
f 5125 5176 5178
f 5097 5177 5179
f 5127 5178 5180
f 5099 5098 5179
f 5131 5129 5180
f 5099 5181 5184
f 5100 5182 5185
f 5131 5183 5186
f 5101 5184 5187
f 5102 5185 5188
f 5135 5133 5186
f 5105 5103 5187
f 5104 5188 5191
f 5135 5189 5192
f 5107 5105 5190
f 5106 5191 5194
f 5137 5192 5195
f 5109 5107 5193
f 5110 5108 5194
f 5141 5139 5195
f 5109 5196 5199
f 5110 5197 5200
f 5141 5198 5201
f 5111 5199 5202
f 5112 5200 5203
f 5145 5143 5201
f 5114 5203 5205
f 5145 5204 5206
f 5116 5205 5207
f 5050 5049 5206
f 5120 5118 5207
f 5052 5050 5208
f 5120 5209 5211
f 5052 5210 5212
f 5124 5122 5211
f 5056 5054 5212
f 5126 5124 5213
f 5056 5214 5216
f 5126 5215 5217
f 5058 5216 5218
f 5130 5128 5217
f 5060 5218 5220
f 5130 5219 5221
f 5064 5062 5220
f 5134 5132 5221
f 5064 5222 5224
f 5136 5134 5223
f 5068 5066 5224
f 5138 5136 5225
f 5068 5226 5228
f 5138 5227 5229
f 5070 5228 5230
f 5142 5140 5229
f 5074 5072 5230
f 5142 5231 5233
f 5074 5232 5234
f 5144 5233 5235
f 5076 5234 5236
f 5147 5146 5235
f 5080 5078 5236
f 5147 5237 5239
f 5082 5080 5238
f 5053 5051 5239
f 5084 5082 5240
f 5053 5241 5243
f 5084 5242 5244
f 5057 5055 5243
f 5088 5086 5244
f 5059 5057 5245
f 5177 5175 64
f 5177 67 69
f 5181 5179 69
f 5181 71 76
f 5182 72 77
f 5184 76 80
f 5185 77 82
f 5190 5187 80
f 5188 82 86
f 5193 5190 83
f 5191 86 89
f 5196 5193 87
f 5194 89 93
f 5196 91 96
f 5197 93 98
f 5199 96 100
f 5203 5200 98
f 5202 100 104
f 5203 102 106
f 5168 5166 104
f 5205 106 110
f 5170 5168 107
f 5209 5207 110
f 5172 5170 111
f 5209 114 117
f 5172 116 120
f 5213 5211 117
f 5176 5174 120
f 5213 121 126
f 5176 123 127
f 5215 126 130
f 5178 127 132
f 5219 5217 130
f 5183 5180 132
f 5219 133 137
f 5186 5183 135
f 5223 5221 137
f 5189 5186 140
f 5225 5223 141
f 5189 143 147
f 5227 5225 145
f 5192 147 152
f 5229 5227 149
f 5198 5195 152
f 5231 5229 154
f 5201 5198 155
f 5233 5231 158
f 5201 159 164
f 5233 161 166
f 5204 164 167
f 5237 5235 166
f 5208 5206 167
f 5239 5237 170
f 5208 172 176
f 5239 174 178
f 5210 176 179
f 5241 178 182
f 5212 179 183
f 5245 5243 182
f 5214 183 187
f 5245 185 189
f 5216 187 191
f 5246 189 194
f 5218 191 196
f 5150 194 198
f 5222 5220 196
f 5152 198 200
f 5222 199 1
f 5155 5154 200
f 5226 5224 1
f 5156 5155 4
f 5228 5226 7
f 5156 10 14
f 5228 11 16
f 5158 5157 14
f 5230 16 19
f 5158 18 22
f 5234 5232 19
f 5159 22 26
f 5236 5234 23
f 5161 5160 26
f 5238 5236 27
f 5162 5161 29
f 5238 32 36
f 5163 5162 33
f 5242 5240 36
f 5164 5163 37
f 5244 5242 39
f 5164 42 46
f 5148 5244 44
f 5165 46 50
f 5148 48 51
f 5167 50 54
f 5149 51 55
f 5171 5169 54
f 5153 5151 55
f 5171 57 62
f 5173 62 64
f 2712 5251 2718
f 2718 2717 2712
f 2717 2720 2712
f 2720 2864 2727
f 2727 2726 2728
f 2728 2869 2732
f 2732 2734 2736
f 2736 2876 2741
f 2876 2878 2741
f 2741 2743 2747
f 2728 2732 2736
f 2720 2727 2712
f 2727 2728 2712
f 2707 2711 2708
f 2711 2712 2708
f 2848 2847 2708
f 2728 2736 2712
f 2736 2741 2712
f 2741 2747 2753
f 2747 2749 2753
f 2753 2889 2755
f 2848 2708 2741
f 2708 2712 2741
f 2697 2701 2690
f 2701 2848 2690
f 2690 2694 2697
f 2686 2685 2690
f 2681 5250 2686
f 2678 2677 2681
f 2672 5253 2678
f 2669 2671 2672
f 2952 2834 2672
f 2834 2669 2672
f 2947 2949 2827
f 2949 2952 2827
f 2823 2822 2827
f 2672 2678 2681
f 2681 2686 2690
f 2741 2753 2755
f 2755 2757 2761
f 2761 2765 2776
f 2765 2769 2776
f 2769 2774 2776
f 2776 2904 2907
f 2907 2909 2783
f 2783 2785 2787
f 2787 2789 2783
f 2789 2793 2783
f 2793 2921 2925
f 2798 2800 2803
f 2793 2925 2798
f 2776 2907 2783
f 2741 2755 2690
f 2755 2761 2690
f 2690 2848 2741
f 2672 2681 2827
f 2681 2690 2827
f 2827 2952 2672
f 5252 2823 2820
f 2823 2827 2820
f 2814 2818 2820
f 2761 2776 2783
f 2783 2793 2798
f 2798 2803 2805
f 2805 2931 2806
f 2806 2808 2809
f 2809 2934 2810
f 2810 2812 2819
f 2812 2816 2819
f 2819 2940 2942
f 2806 2809 2798
f 2809 2810 2798
f 2798 2805 2806
f 2761 2783 2827
f 2783 2798 2827
f 2827 2690 2761
f 2814 2820 2493
f 2820 2827 2493
f 2493 73 2814
f 2497 2495 2493
f 2500 2643 2497
f 2504 2503 2500
f 2508 2645 2504
f 2511 2510 2508
f 2515 2647 2511
f 2518 2517 2520
f 2517 2515 2520
f 2523 2651 2520
f 2515 2511 2508
f 2508 2504 2500
f 2500 2497 2827
f 2497 2493 2827
f 2810 2819 2824
f 2819 2942 2824
f 2824 2826 2829
f 2827 2798 2824
f 2798 2810 2824
f 2515 2508 2827
f 2508 2500 2827
f 2523 2520 2526
f 2520 2515 2526
f 2526 2525 2523
f 2529 2652 2526
f 2531 2532 2529
f 2538 2535 2531
f 2657 2655 2538
f 2546 2660 2657
f 2548 2549 2546
f 2663 2551 2555
f 2551 2548 2555
f 2557 2558 2555
f 2548 2546 2555
f 2546 2657 2555
f 2657 2538 2526
f 2538 2531 2526
f 2531 2529 2526
f 2824 2829 2831
f 2831 2832 2959
f 2832 2954 2959
f 2954 2957 2959
f 2959 2673 2683
f 2673 2675 2683
f 2675 2680 2683
f 2683 2688 2695
f 2688 2692 2695
f 2695 2842 2698
f 2827 2824 2831
f 2526 2515 2831
f 2515 2827 2831
f 2666 2557 2564
f 2557 2555 2564
f 2564 2668 2666
f 2567 2566 2564
f 2572 2569 2567
f 2623 2621 2572
f 2579 2626 2623
f 2582 2581 2579
f 2585 2629 2582
f 2589 2588 2585
f 2592 2630 2589
f 2594 5248 2592
f 2600 2597 2594
f 2635 2633 2600
f 2638 2636 2600
f 2636 2635 2600
f 2614 2610 2617
f 2610 2638 2617
f 2617 2613 2614
f 2479 2640 2617
f 2483 2482 2479
f 2487 2486 2488
f 2486 2483 2488
f 2490 2642 2488
f 2483 2479 2617
f 2600 2594 2592
f 2592 2589 2585
f 2585 2582 2592
f 2582 2579 2592
f 2579 2623 2572
f 2572 2567 2564
f 2555 2657 2526
f 2831 2959 2526
f 2959 2683 2526
f 2683 2695 2698
f 2698 2700 2703
f 2703 2705 2709
f 2709 2852 2855
f 2855 2713 2719
f 2713 2715 2719
f 2719 2860 2721
f 2703 2709 2719
f 2709 2855 2719
f 2683 2698 2526
f 2698 2703 2526
f 2564 2555 2526
f 2579 2572 2564
f 2638 2600 2579
f 2600 2592 2579
f 2483 2617 2490
f 2617 2638 2490
f 2490 2488 2483
f 2492 2491 2490
f 2496 2494 2490
f 2494 2492 2490
f 2644 2498 2502
f 2498 2496 2502
f 2506 2505 2502
f 2579 2564 2526
f 2719 2721 2724
f 2721 2723 2724
f 2724 2866 2731
f 2526 2703 2719
f 2638 2579 2719
f 2579 2526 2719
f 2496 2490 2638
f 2506 2502 2638
f 2502 2496 2638
f 2646 2509 2649
f 2509 2506 2649
f 2649 2648 2646
f 2521 2650 2649
f 2524 5247 2521
f 2530 2527 2524
f 2534 2653 2530
f 2537 2536 2534
f 2540 2654 2537
f 2543 2542 2540
f 2661 2658 2543
f 2550 2662 2661
f 2553 2552 2550
f 2559 2556 2553
f 2667 2664 2559
f 2565 2563 2568
f 2563 2667 2568
f 2571 2620 2568
f 2667 2559 2661
f 2559 2553 2661
f 2553 2550 2661
f 2661 2543 2534
f 2543 2540 2534
f 2540 2537 2534
f 2534 2530 2524
f 2524 2521 2534
f 2521 2649 2534
f 2719 2724 2638
f 2724 2731 2638
f 2731 2730 2738
f 2730 2735 2738
f 2735 2874 2738
f 2738 2737 2745
f 2737 2740 2745
f 2745 2882 2885
f 2649 2506 2638
f 2571 2568 2667
f 2574 2573 2576
f 2573 2571 2576
f 2627 2624 2576
f 2571 2667 2661
f 2661 2534 2571
f 2534 2649 2571
f 2649 2638 2745
f 2638 2731 2745
f 2731 2738 2745
f 2745 2885 2751
f 2751 2750 2754
f 2754 2759 2763
f 2763 2767 2754
f 2767 2897 2754
f 2897 2771 2775
f 2771 2770 2775
f 2775 2902 2778
f 2745 2751 2897
f 2751 2754 2897
f 2627 2576 2583
f 2576 2571 2583
f 2583 2628 2627
f 2587 2586 2583
f 2593 2590 2587
f 2596 2631 2593
f 2599 2598 2596
f 2602 2632 2599
f 2604 5249 2602
f 2637 2606 2609
f 2606 2604 2609
f 2612 2611 2609
f 2604 2602 2609
f 2602 2599 2609
f 2599 2596 2593
f 2593 2587 2583
f 2571 2649 2583
f 2649 2745 2583
f 2897 2775 2745
f 2775 2778 2745
f 2778 2777 2780
f 2780 2782 2778
f 2782 2911 2778
f 2911 2913 2791
f 2913 2916 2791
f 2791 2790 2794
f 2599 2593 2609
f 2593 2583 2609
f 2639 2612 2609
f 2618 2616 2609
f 2616 2639 2609
f 2641 2619 2481
f 2619 2618 2481
f 2485 2484 2481
f 2583 2745 2791
f 2745 2778 2791
f 2778 2911 2791
f 2791 2794 2796
f 2794 2923 2796
f 2796 2795 2801
f 2618 2609 2791
f 2609 2583 2791
f 2485 2481 2801
f 2481 2618 2801
f 2801 63 2485
f 2791 2796 2618

